SET session_replication_role = replica;

--
-- PostgreSQL database dump
--

-- \restrict axLdb8jdlsyGZV54EsjjsONQT8ca76uawNXxyLDf6ipC0iqEN0LGrRhL1qaWIQM

-- Dumped from database version 17.6
-- Dumped by pg_dump version 17.6

SET statement_timeout = 0;
SET lock_timeout = 0;
SET idle_in_transaction_session_timeout = 0;
-- SET transaction_timeout = 0;  -- PG17+ apenas — mantém comentado em PG15/16 (ex.: homolog 15.8)
SET client_encoding = 'UTF8';
SET standard_conforming_strings = on;
SELECT pg_catalog.set_config('search_path', '', false);
SET check_function_bodies = false;
SET xmloption = content;
SET client_min_messages = warning;
SET row_security = off;

--
-- Data for Name: audit_log_entries; Type: TABLE DATA; Schema: auth; Owner: supabase_auth_admin
--



--
-- Data for Name: custom_oauth_providers; Type: TABLE DATA; Schema: auth; Owner: supabase_auth_admin
--



--
-- Data for Name: flow_state; Type: TABLE DATA; Schema: auth; Owner: supabase_auth_admin
--

INSERT INTO "auth"."flow_state" ("id", "user_id", "auth_code", "code_challenge_method", "code_challenge", "provider_type", "provider_access_token", "provider_refresh_token", "created_at", "updated_at", "authentication_method", "auth_code_issued_at", "invite_token", "referrer", "oauth_client_state_id", "linking_target_id", "email_optional") VALUES
	('58bbf773-ec1b-4341-9cca-9567e9bc961a', '633db554-b037-4e40-8c4f-575337dbfded', 'c64329bb-f985-4022-85bc-0e10f2eafb0c', 's256', 'R8K3yrRgZMj8Y-DBvdRjxpyIJLiwskPigkoQVEvK-uY', 'email', '', '', '2026-04-03 01:48:41.063602+00', '2026-04-03 01:49:02.523426+00', 'email/signup', '2026-04-03 01:49:02.523377+00', NULL, NULL, NULL, NULL, false),
	('5f1f34af-30a4-4c9b-bdba-532cb1f658ad', '633db554-b037-4e40-8c4f-575337dbfded', '164377cf-5b09-45c7-a562-9d48e4fd964a', 's256', 'yCUYFJUl13Bad49Uz8yMKnAMmdGqTwj2LCffIrYfapg', 'recovery', '', '', '2026-04-03 02:22:53.748475+00', '2026-04-03 02:22:53.748475+00', 'recovery', NULL, NULL, NULL, NULL, NULL, false),
	('b2725054-1431-43fe-b028-7027ece0c132', '633db554-b037-4e40-8c4f-575337dbfded', '149cd761-af0d-479c-a82c-4d3d30104dab', 's256', 'Y96t_bHvgn_7zmHpzTb7YeeMrCRUH5lmbmrvQWsX76I', 'recovery', '', '', '2026-04-03 02:23:01.604455+00', '2026-04-03 02:23:01.604455+00', 'recovery', NULL, NULL, NULL, NULL, NULL, false),
	('a8d24c01-42d6-4723-9157-6cb38179eb7d', '633db554-b037-4e40-8c4f-575337dbfded', '15b30b7e-1f48-4013-8a2c-552a21f5f212', 's256', 'vOXv5U6HM25Es44fT9gNHGMHuv3PtTAfEzUbo5cztFM', 'recovery', '', '', '2026-04-03 02:27:24.788085+00', '2026-04-03 02:27:24.788085+00', 'recovery', NULL, NULL, NULL, NULL, NULL, false),
	('f2963a01-f3c8-4131-8ba0-22c122a4f0de', '633db554-b037-4e40-8c4f-575337dbfded', '3aee4a5b-8dd3-4775-bb9d-086fe876bdcd', 's256', 'inK7B86uj3XNAqf5n_nSa2wi4JoPQFsvvXVQcZ5SuoM', 'recovery', '', '', '2026-04-03 02:27:44.039475+00', '2026-04-03 02:27:44.039475+00', 'recovery', NULL, NULL, NULL, NULL, NULL, false),
	('0a0a0803-074a-4c2d-8fb0-bfdfc87fef52', '633db554-b037-4e40-8c4f-575337dbfded', '062240b7-a96c-4a80-a87a-5ec57c36ea8f', 's256', 'OgeLEEy3TL-2foE0P_tA3W4x_q5AhBTRglcwAE_nMRM', 'recovery', '', '', '2026-04-09 02:13:02.679507+00', '2026-04-09 02:13:34.409288+00', 'recovery', '2026-04-09 02:13:34.409232+00', NULL, NULL, NULL, NULL, false),
	('cfce9c1e-7641-4828-bb93-d5265ed7baf8', '2b73b89f-2919-4472-b04a-2a4a03b14cd8', '81da7316-91e0-40b1-b033-89d8fc55a442', 's256', 'tASAmiTnJckWvDg8jJx5yz1s1tLBqei9x86yO0KeYIE', 'email', '', '', '2026-04-17 13:34:04.346699+00', '2026-04-17 13:34:04.346699+00', 'email/signup', NULL, NULL, NULL, NULL, NULL, false);


--
-- Data for Name: users; Type: TABLE DATA; Schema: auth; Owner: supabase_auth_admin
--

INSERT INTO "auth"."users" ("instance_id", "id", "aud", "role", "email", "encrypted_password", "email_confirmed_at", "invited_at", "confirmation_token", "confirmation_sent_at", "recovery_token", "recovery_sent_at", "email_change_token_new", "email_change", "email_change_sent_at", "last_sign_in_at", "raw_app_meta_data", "raw_user_meta_data", "is_super_admin", "created_at", "updated_at", "phone", "phone_confirmed_at", "phone_change", "phone_change_token", "phone_change_sent_at", "email_change_token_current", "email_change_confirm_status", "banned_until", "reauthentication_token", "reauthentication_sent_at", "is_sso_user", "deleted_at", "is_anonymous") VALUES
	('00000000-0000-0000-0000-000000000000', '0ac5a0c3-00ba-4fa6-bacd-fc7f653e101f', 'authenticated', 'authenticated', 'nutricionistabrunaribeiro@gmail.com', '$2a$10$zeYdmbxqvCx13fu9dawnyO0N/GxpjCUVgH8SNC5X8XPShJv071t/6', '2026-04-17 15:33:44.330524+00', NULL, '', NULL, '', NULL, '', '', NULL, '2026-05-04 15:18:21.590398+00', '{"provider": "email", "providers": ["email"]}', '{"source": "team_menu", "full_name": "Bruna Ribeiro", "email_verified": true, "invited_by_owner_user_id": "633db554-b037-4e40-8c4f-575337dbfded"}', NULL, '2026-04-17 15:33:44.319143+00', '2026-05-04 18:28:42.13436+00', NULL, NULL, '', '', NULL, '', 0, NULL, '', NULL, false, NULL, false),
	('00000000-0000-0000-0000-000000000000', '904a0dd8-09de-44c0-b4c9-053ef0fabb37', 'authenticated', 'authenticated', 'carinacr.xavier@gmail.com', '$2a$10$7v/Tyfk2.eGCJxcbbav1zeJAV2DLWYI1F..IgJRl2H4khOVSqQrNO', '2026-04-17 15:32:24.265216+00', NULL, '', NULL, '', NULL, '', '', NULL, '2026-05-03 21:40:58.829111+00', '{"provider": "email", "providers": ["email"]}', '{"source": "team_menu", "full_name": "Carina Xavier", "email_verified": true, "invited_by_owner_user_id": "633db554-b037-4e40-8c4f-575337dbfded"}', NULL, '2026-04-17 15:32:24.214187+00', '2026-05-04 19:30:50.463256+00', NULL, NULL, '', '', NULL, '', 0, NULL, '', NULL, false, NULL, false),
	('00000000-0000-0000-0000-000000000000', 'd2c0ae27-29b6-49fd-ba6b-0d3362ac6444', 'authenticated', 'authenticated', 'raianepimenta02@gmail.com', '$2a$10$WgA237dE/.4SZWJ.w.ugsOUg5E1AJJpoxn/a/yGJPYfmldTtoLAqS', '2026-04-17 15:33:16.523812+00', NULL, '', NULL, '', NULL, '', '', NULL, '2026-04-17 21:43:10.713612+00', '{"provider": "email", "providers": ["email"]}', '{"source": "team_menu", "full_name": "Raiane Pimenta", "email_verified": true, "invited_by_owner_user_id": "633db554-b037-4e40-8c4f-575337dbfded"}', NULL, '2026-04-17 15:33:16.471289+00', '2026-05-04 14:04:47.448295+00', NULL, NULL, '', '', NULL, '', 0, NULL, '', NULL, false, NULL, false),
	('00000000-0000-0000-0000-000000000000', '633db554-b037-4e40-8c4f-575337dbfded', 'authenticated', 'authenticated', 'diegosanchespereira@gmail.com', '$2a$06$sHf7OQf8gxLcFXC7fkW1y.KjxZTOnLSEpA5Nhw0ADRtsH4AIh6WIi', '2026-04-03 01:49:02.516862+00', NULL, '', '2026-04-03 01:48:41.070009+00', '', '2026-04-09 02:13:02.714619+00', '', '', NULL, '2026-05-04 14:37:12.768069+00', '{"provider": "email", "providers": ["email"]}', '{"sub": "633db554-b037-4e40-8c4f-575337dbfded", "email": "diegosanchespereira@gmail.com", "full_name": "Diego Sanches", "email_verified": true, "phone_verified": false}', NULL, '2026-04-03 01:48:41.035766+00', '2026-05-04 14:37:12.803695+00', NULL, NULL, '', '', NULL, '', 0, NULL, '', NULL, false, NULL, false),
	('00000000-0000-0000-0000-000000000000', 'ece7e15e-25ba-4fa7-8186-082e1ac7b490', 'authenticated', 'authenticated', 'thatiana@sabernutrir.com.br', '$2a$10$A7GO3fVAesPo1XrX8djcC.XAla.nhtW8yQMo7/EQnw2Ojmf.ienH.', '2026-04-17 21:40:00.562653+00', NULL, '', NULL, '', NULL, '', '', NULL, '2026-04-18 00:02:37.595007+00', '{"provider": "email", "providers": ["email"]}', '{"source": "team_menu", "full_name": "Thatiana", "email_verified": true, "invited_by_owner_user_id": "633db554-b037-4e40-8c4f-575337dbfded"}', NULL, '2026-04-17 21:40:00.444687+00', '2026-05-01 21:45:42.216513+00', NULL, NULL, '', '', NULL, '', 0, NULL, '', NULL, false, NULL, false),
	('00000000-0000-0000-0000-000000000000', '6b78b890-8def-4de8-895f-af18a9b4a0d1', 'authenticated', 'authenticated', 'dasilvameire26@yahoo.com.br', '$2a$10$pPZpee6VAd.zYGCkprKYSuT7A9i3tbveGNOeAJEjXeNEoVrvG6byO', '2026-04-17 15:35:46.691347+00', NULL, '', NULL, '', NULL, '', '', NULL, '2026-04-20 14:31:11.119885+00', '{"provider": "email", "providers": ["email"]}', '{"source": "team_menu", "full_name": "Meire", "email_verified": true, "invited_by_owner_user_id": "633db554-b037-4e40-8c4f-575337dbfded"}', NULL, '2026-04-17 15:35:46.392438+00', '2026-04-29 18:57:35.539838+00', NULL, NULL, '', '', NULL, '', 0, NULL, '', NULL, false, NULL, false),
	('00000000-0000-0000-0000-000000000000', '05487a66-8616-4a69-b20f-363fde46bf5b', 'authenticated', 'authenticated', 'cris_nutri@terra.com.br', '$2a$10$FoW4qrTk2MKp3pO.rLgWY.2NcxPD/1YLSvk.hsaingxbfY.aKF3.i', '2026-04-17 15:31:42.340145+00', NULL, '', NULL, '', NULL, '', '', NULL, '2026-04-24 13:04:18.76696+00', '{"provider": "email", "providers": ["email"]}', '{"source": "team_menu", "full_name": "Cristiane", "email_verified": true, "invited_by_owner_user_id": "633db554-b037-4e40-8c4f-575337dbfded"}', NULL, '2026-04-17 15:31:42.281245+00', '2026-04-30 00:18:09.586225+00', NULL, NULL, '', '', NULL, '', 0, NULL, '', NULL, false, NULL, false);


--
-- Data for Name: identities; Type: TABLE DATA; Schema: auth; Owner: supabase_auth_admin
--

INSERT INTO "auth"."identities" ("provider_id", "user_id", "identity_data", "provider", "last_sign_in_at", "created_at", "updated_at", "id") VALUES
	('633db554-b037-4e40-8c4f-575337dbfded', '633db554-b037-4e40-8c4f-575337dbfded', '{"sub": "633db554-b037-4e40-8c4f-575337dbfded", "email": "diegosanchespereira@gmail.com", "full_name": "Diego Sanches", "email_verified": true, "phone_verified": false}', 'email', '2026-04-03 01:48:41.059845+00', '2026-04-03 01:48:41.059892+00', '2026-04-03 01:48:41.059892+00', '1db8eeac-a47c-4dbf-bc54-f414cea3f862'),
	('05487a66-8616-4a69-b20f-363fde46bf5b', '05487a66-8616-4a69-b20f-363fde46bf5b', '{"sub": "05487a66-8616-4a69-b20f-363fde46bf5b", "email": "cris_nutri@terra.com.br", "email_verified": false, "phone_verified": false}', 'email', '2026-04-17 15:31:42.328778+00', '2026-04-17 15:31:42.328838+00', '2026-04-17 15:31:42.328838+00', '034d3e3a-63dd-4ec8-bdad-31f9247f569a'),
	('904a0dd8-09de-44c0-b4c9-053ef0fabb37', '904a0dd8-09de-44c0-b4c9-053ef0fabb37', '{"sub": "904a0dd8-09de-44c0-b4c9-053ef0fabb37", "email": "carinacr.xavier@gmail.com", "email_verified": false, "phone_verified": false}', 'email', '2026-04-17 15:32:24.254512+00', '2026-04-17 15:32:24.254563+00', '2026-04-17 15:32:24.254563+00', 'f03b8139-5a3e-486a-9b4c-b3fb298646a8'),
	('d2c0ae27-29b6-49fd-ba6b-0d3362ac6444', 'd2c0ae27-29b6-49fd-ba6b-0d3362ac6444', '{"sub": "d2c0ae27-29b6-49fd-ba6b-0d3362ac6444", "email": "raianepimenta02@gmail.com", "email_verified": false, "phone_verified": false}', 'email', '2026-04-17 15:33:16.517452+00', '2026-04-17 15:33:16.517642+00', '2026-04-17 15:33:16.517642+00', '39b6ca79-57dc-4b72-824d-f8fb16e9f7b7'),
	('0ac5a0c3-00ba-4fa6-bacd-fc7f653e101f', '0ac5a0c3-00ba-4fa6-bacd-fc7f653e101f', '{"sub": "0ac5a0c3-00ba-4fa6-bacd-fc7f653e101f", "email": "nutricionistabrunaribeiro@gmail.com", "email_verified": false, "phone_verified": false}', 'email', '2026-04-17 15:33:44.327767+00', '2026-04-17 15:33:44.327822+00', '2026-04-17 15:33:44.327822+00', '2d1edd09-9da1-494b-9d30-0e3f3f8362c2'),
	('6b78b890-8def-4de8-895f-af18a9b4a0d1', '6b78b890-8def-4de8-895f-af18a9b4a0d1', '{"sub": "6b78b890-8def-4de8-895f-af18a9b4a0d1", "email": "dasilvameire26@yahoo.com.br", "email_verified": false, "phone_verified": false}', 'email', '2026-04-17 15:35:46.631553+00', '2026-04-17 15:35:46.63272+00', '2026-04-17 15:35:46.63272+00', '799c4c07-b2b7-4861-b303-23ef43c251a3'),
	('ece7e15e-25ba-4fa7-8186-082e1ac7b490', 'ece7e15e-25ba-4fa7-8186-082e1ac7b490', '{"sub": "ece7e15e-25ba-4fa7-8186-082e1ac7b490", "email": "thatiana@sabernutrir.com.br", "email_verified": false, "phone_verified": false}', 'email', '2026-04-17 21:40:00.550495+00', '2026-04-17 21:40:00.551026+00', '2026-04-17 21:40:00.551026+00', 'fbd87972-1428-4c02-9334-ac9b7166eede');


--
-- Data for Name: instances; Type: TABLE DATA; Schema: auth; Owner: supabase_auth_admin
--



--
-- Data for Name: oauth_clients; Type: TABLE DATA; Schema: auth; Owner: supabase_auth_admin
--



--
-- Data for Name: sessions; Type: TABLE DATA; Schema: auth; Owner: supabase_auth_admin
--

INSERT INTO "auth"."sessions" ("id", "user_id", "created_at", "updated_at", "factor_id", "aal", "not_after", "refreshed_at", "user_agent", "ip", "tag", "oauth_client_id", "refresh_token_hmac_key", "refresh_token_counter", "scopes") VALUES
	('053fecdb-1dab-4c21-b5d3-72dfba43ede0', '6b78b890-8def-4de8-895f-af18a9b4a0d1', '2026-04-20 14:31:11.120356+00', '2026-04-29 18:57:35.55775+00', NULL, 'aal1', NULL, '2026-04-29 18:57:35.555191', 'node', '129.121.46.43', NULL, NULL, NULL, NULL, NULL),
	('7e8c2d14-d9b4-47a6-9ced-2aed39b58297', '904a0dd8-09de-44c0-b4c9-053ef0fabb37', '2026-04-30 23:43:11.623422+00', '2026-05-04 14:47:25.911278+00', NULL, 'aal1', NULL, '2026-05-04 14:47:25.911179', 'node', '129.121.46.43', NULL, NULL, NULL, NULL, NULL),
	('2bb1e32c-9004-4cae-aa55-d166bbfc05de', '904a0dd8-09de-44c0-b4c9-053ef0fabb37', '2026-05-03 21:40:58.829794+00', '2026-05-04 19:30:50.470447+00', NULL, 'aal1', NULL, '2026-05-04 19:30:50.470347', 'Mozilla/5.0 (Windows NT 10.0; Win64; x64) AppleWebKit/537.36 (KHTML, like Gecko) Chrome/147.0.0.0 Safari/537.36 Edg/147.0.0.0', '191.13.154.179', NULL, NULL, NULL, NULL, NULL),
	('4f5b288c-be65-448d-bb39-9e662f8cd87b', 'ece7e15e-25ba-4fa7-8186-082e1ac7b490', '2026-04-18 00:02:37.595451+00', '2026-05-01 21:45:42.228956+00', NULL, 'aal1', NULL, '2026-05-01 21:45:42.22885', 'node', '129.121.46.43', NULL, NULL, NULL, NULL, NULL),
	('999c6e7d-0be7-4edf-9426-616e59560f27', 'd2c0ae27-29b6-49fd-ba6b-0d3362ac6444', '2026-04-17 21:43:10.719302+00', '2026-05-04 14:04:47.457891+00', NULL, 'aal1', NULL, '2026-05-04 14:04:47.457794', 'node', '129.121.46.43', NULL, NULL, NULL, NULL, NULL),
	('59781b82-d782-4313-a8b0-684603619957', '633db554-b037-4e40-8c4f-575337dbfded', '2026-05-04 14:37:12.768179+00', '2026-05-04 14:37:12.768179+00', NULL, 'aal1', NULL, NULL, 'Mozilla/5.0 (Macintosh; Intel Mac OS X 10_15_7) AppleWebKit/537.36 (KHTML, like Gecko) Chrome/147.0.0.0 Safari/537.36', '201.42.84.128', NULL, NULL, NULL, NULL, NULL);


--
-- Data for Name: mfa_amr_claims; Type: TABLE DATA; Schema: auth; Owner: supabase_auth_admin
--

INSERT INTO "auth"."mfa_amr_claims" ("session_id", "created_at", "updated_at", "authentication_method", "id") VALUES
	('7e8c2d14-d9b4-47a6-9ced-2aed39b58297', '2026-04-30 23:43:11.689937+00', '2026-04-30 23:43:11.689937+00', 'password', '1aefe643-9036-4c90-b553-3536ed03b95b'),
	('999c6e7d-0be7-4edf-9426-616e59560f27', '2026-04-17 21:43:10.781813+00', '2026-04-17 21:43:10.781813+00', 'password', 'ae1e37fc-64d0-4f45-b744-09e4d7446f17'),
	('2bb1e32c-9004-4cae-aa55-d166bbfc05de', '2026-05-03 21:40:58.884938+00', '2026-05-03 21:40:58.884938+00', 'password', '7230277b-b26b-4212-a048-269d1154f456'),
	('4f5b288c-be65-448d-bb39-9e662f8cd87b', '2026-04-18 00:02:37.635049+00', '2026-04-18 00:02:37.635049+00', 'password', 'b376a91c-a3f9-4983-89c7-d71f7b5ccc21'),
	('59781b82-d782-4313-a8b0-684603619957', '2026-05-04 14:37:12.816085+00', '2026-05-04 14:37:12.816085+00', 'password', '8b96f41f-36af-4dc7-849f-5687854458ab'),
	('053fecdb-1dab-4c21-b5d3-72dfba43ede0', '2026-04-20 14:31:11.177793+00', '2026-04-20 14:31:11.177793+00', 'password', '90530d86-de1c-4e20-b10e-7a75574e9884');


--
-- Data for Name: mfa_factors; Type: TABLE DATA; Schema: auth; Owner: supabase_auth_admin
--



--
-- Data for Name: mfa_challenges; Type: TABLE DATA; Schema: auth; Owner: supabase_auth_admin
--



--
-- Data for Name: oauth_authorizations; Type: TABLE DATA; Schema: auth; Owner: supabase_auth_admin
--



--
-- Data for Name: oauth_client_states; Type: TABLE DATA; Schema: auth; Owner: supabase_auth_admin
--



--
-- Data for Name: oauth_consents; Type: TABLE DATA; Schema: auth; Owner: supabase_auth_admin
--



--
-- Data for Name: one_time_tokens; Type: TABLE DATA; Schema: auth; Owner: supabase_auth_admin
--



--
-- Data for Name: refresh_tokens; Type: TABLE DATA; Schema: auth; Owner: supabase_auth_admin
--

INSERT INTO "auth"."refresh_tokens" ("instance_id", "id", "token", "user_id", "revoked", "created_at", "updated_at", "parent", "session_id") VALUES
	('00000000-0000-0000-0000-000000000000', 325, 'xj4i5qxt4d2j', '904a0dd8-09de-44c0-b4c9-053ef0fabb37', true, '2026-05-03 22:17:05.483674+00', '2026-05-03 23:15:35.49666+00', '2vojvfs3wntr', '7e8c2d14-d9b4-47a6-9ced-2aed39b58297'),
	('00000000-0000-0000-0000-000000000000', 248, 'o3hfsoih7ltp', 'd2c0ae27-29b6-49fd-ba6b-0d3362ac6444', true, '2026-04-28 15:53:41.737567+00', '2026-04-28 16:57:02.757776+00', '7hlimvpefsah', '999c6e7d-0be7-4edf-9426-616e59560f27'),
	('00000000-0000-0000-0000-000000000000', 326, 'eqgzu46tniqb', '904a0dd8-09de-44c0-b4c9-053ef0fabb37', true, '2026-05-03 23:15:35.513252+00', '2026-05-04 00:22:07.349477+00', 'xj4i5qxt4d2j', '7e8c2d14-d9b4-47a6-9ced-2aed39b58297'),
	('00000000-0000-0000-0000-000000000000', 328, 'm33jq4mnil5k', 'd2c0ae27-29b6-49fd-ba6b-0d3362ac6444', true, '2026-05-04 11:17:30.803514+00', '2026-05-04 12:42:30.920522+00', 'kbj6eohs6ewz', '999c6e7d-0be7-4edf-9426-616e59560f27'),
	('00000000-0000-0000-0000-000000000000', 142, 'au7hade6er6x', 'd2c0ae27-29b6-49fd-ba6b-0d3362ac6444', true, '2026-04-22 13:51:59.474305+00', '2026-04-22 16:03:37.789795+00', '32sjzz5ki4ob', '999c6e7d-0be7-4edf-9426-616e59560f27'),
	('00000000-0000-0000-0000-000000000000', 175, 'tkhnis7nfall', '6b78b890-8def-4de8-895f-af18a9b4a0d1', true, '2026-04-23 16:18:40.302182+00', '2026-04-28 19:19:38.489721+00', 'x4tmow55gien', '053fecdb-1dab-4c21-b5d3-72dfba43ede0'),
	('00000000-0000-0000-0000-000000000000', 334, '7v4x5qjb4bbq', '633db554-b037-4e40-8c4f-575337dbfded', false, '2026-05-04 14:37:12.790097+00', '2026-05-04 14:37:12.790097+00', NULL, '59781b82-d782-4313-a8b0-684603619957'),
	('00000000-0000-0000-0000-000000000000', 198, 'cbxvgla26hdc', 'ece7e15e-25ba-4fa7-8186-082e1ac7b490', true, '2026-04-23 20:50:58.619688+00', '2026-04-23 23:38:40.137724+00', 'fnzxolvmdcen', '4f5b288c-be65-448d-bb39-9e662f8cd87b'),
	('00000000-0000-0000-0000-000000000000', 340, 'ajv2kdpxk7dt', '904a0dd8-09de-44c0-b4c9-053ef0fabb37', false, '2026-05-04 19:30:50.454762+00', '2026-05-04 19:30:50.454762+00', '3l74wttonk4z', '2bb1e32c-9004-4cae-aa55-d166bbfc05de'),
	('00000000-0000-0000-0000-000000000000', 246, 'w62tefs6aq5b', 'ece7e15e-25ba-4fa7-8186-082e1ac7b490', true, '2026-04-28 14:16:44.069113+00', '2026-04-29 13:09:10.090414+00', 'ulhsst4g6v6c', '4f5b288c-be65-448d-bb39-9e662f8cd87b'),
	('00000000-0000-0000-0000-000000000000', 250, 'pkwyooqf3osc', 'd2c0ae27-29b6-49fd-ba6b-0d3362ac6444', true, '2026-04-28 16:57:02.775358+00', '2026-04-29 13:12:19.338661+00', 'o3hfsoih7ltp', '999c6e7d-0be7-4edf-9426-616e59560f27'),
	('00000000-0000-0000-0000-000000000000', 262, '6znlugiawzdy', 'ece7e15e-25ba-4fa7-8186-082e1ac7b490', true, '2026-04-29 13:09:10.108062+00', '2026-04-29 14:47:07.74727+00', 'w62tefs6aq5b', '4f5b288c-be65-448d-bb39-9e662f8cd87b'),
	('00000000-0000-0000-0000-000000000000', 112, 'vb7fkjnxxnrs', 'ece7e15e-25ba-4fa7-8186-082e1ac7b490', true, '2026-04-18 00:02:37.621156+00', '2026-04-19 21:52:54.346479+00', NULL, '4f5b288c-be65-448d-bb39-9e662f8cd87b'),
	('00000000-0000-0000-0000-000000000000', 108, 'whqumcgmwigj', 'd2c0ae27-29b6-49fd-ba6b-0d3362ac6444', true, '2026-04-17 21:43:10.757175+00', '2026-04-20 10:42:03.106406+00', NULL, '999c6e7d-0be7-4edf-9426-616e59560f27'),
	('00000000-0000-0000-0000-000000000000', 311, 'kpjiwjlhbk5m', '904a0dd8-09de-44c0-b4c9-053ef0fabb37', true, '2026-04-30 23:43:11.663307+00', '2026-05-01 00:41:30.31036+00', NULL, '7e8c2d14-d9b4-47a6-9ced-2aed39b58297'),
	('00000000-0000-0000-0000-000000000000', 138, 'cnwbwth2f4ox', 'ece7e15e-25ba-4fa7-8186-082e1ac7b490', true, '2026-04-21 22:44:20.804632+00', '2026-04-23 12:23:53.838193+00', 'bbnakcndxqfb', '4f5b288c-be65-448d-bb39-9e662f8cd87b'),
	('00000000-0000-0000-0000-000000000000', 116, 'isgp37v4jt4b', 'd2c0ae27-29b6-49fd-ba6b-0d3362ac6444', true, '2026-04-20 10:42:03.135931+00', '2026-04-20 11:43:59.997764+00', 'whqumcgmwigj', '999c6e7d-0be7-4edf-9426-616e59560f27'),
	('00000000-0000-0000-0000-000000000000', 305, 'kbmvnvgqcsco', 'ece7e15e-25ba-4fa7-8186-082e1ac7b490', true, '2026-04-30 22:00:40.103663+00', '2026-05-01 11:23:37.791065+00', '42whnjdhflbu', '4f5b288c-be65-448d-bb39-9e662f8cd87b'),
	('00000000-0000-0000-0000-000000000000', 313, 'etvm5gs4g36o', 'ece7e15e-25ba-4fa7-8186-082e1ac7b490', true, '2026-05-01 11:23:37.813478+00', '2026-05-01 13:20:26.566349+00', 'kbmvnvgqcsco', '4f5b288c-be65-448d-bb39-9e662f8cd87b'),
	('00000000-0000-0000-0000-000000000000', 220, 'dtgik4wunfao', 'ece7e15e-25ba-4fa7-8186-082e1ac7b490', true, '2026-04-24 13:49:49.971893+00', '2026-04-25 22:49:48.773797+00', 'm2m6l72lzquq', '4f5b288c-be65-448d-bb39-9e662f8cd87b'),
	('00000000-0000-0000-0000-000000000000', 315, '7ykmv64n7sxe', '904a0dd8-09de-44c0-b4c9-053ef0fabb37', true, '2026-05-01 21:07:02.83049+00', '2026-05-01 22:50:45.711218+00', 'uty4jhw2wsqh', '7e8c2d14-d9b4-47a6-9ced-2aed39b58297'),
	('00000000-0000-0000-0000-000000000000', 117, 'gqautpst6umc', 'd2c0ae27-29b6-49fd-ba6b-0d3362ac6444', true, '2026-04-20 11:44:00.012948+00', '2026-04-20 13:22:08.986078+00', 'isgp37v4jt4b', '999c6e7d-0be7-4edf-9426-616e59560f27'),
	('00000000-0000-0000-0000-000000000000', 317, 'cla7tm2rso65', '904a0dd8-09de-44c0-b4c9-053ef0fabb37', true, '2026-05-01 22:50:45.731813+00', '2026-05-01 23:49:42.925162+00', '7ykmv64n7sxe', '7e8c2d14-d9b4-47a6-9ced-2aed39b58297'),
	('00000000-0000-0000-0000-000000000000', 165, 'hh5z7ld6dyav', 'ece7e15e-25ba-4fa7-8186-082e1ac7b490', true, '2026-04-23 12:23:53.848907+00', '2026-04-23 13:25:41.126914+00', 'cnwbwth2f4ox', '4f5b288c-be65-448d-bb39-9e662f8cd87b'),
	('00000000-0000-0000-0000-000000000000', 153, 'c37dby5u3zfr', 'd2c0ae27-29b6-49fd-ba6b-0d3362ac6444', true, '2026-04-22 16:03:37.807707+00', '2026-04-27 13:04:33.319764+00', 'au7hade6er6x', '999c6e7d-0be7-4edf-9426-616e59560f27'),
	('00000000-0000-0000-0000-000000000000', 319, 'vdwz4g4rsz45', '904a0dd8-09de-44c0-b4c9-053ef0fabb37', true, '2026-05-02 00:47:43.109609+00', '2026-05-02 21:07:06.400468+00', '2qkfg7a4kse2', '7e8c2d14-d9b4-47a6-9ced-2aed39b58297'),
	('00000000-0000-0000-0000-000000000000', 321, 'zo62yj743g6o', '904a0dd8-09de-44c0-b4c9-053ef0fabb37', true, '2026-05-03 01:44:04.452472+00', '2026-05-03 20:06:47.842045+00', '5zknauy636mx', '7e8c2d14-d9b4-47a6-9ced-2aed39b58297'),
	('00000000-0000-0000-0000-000000000000', 122, 'c7cgfndrh7py', 'd2c0ae27-29b6-49fd-ba6b-0d3362ac6444', true, '2026-04-20 13:22:09.02844+00', '2026-04-20 14:57:08.206551+00', 'gqautpst6umc', '999c6e7d-0be7-4edf-9426-616e59560f27'),
	('00000000-0000-0000-0000-000000000000', 323, '2vojvfs3wntr', '904a0dd8-09de-44c0-b4c9-053ef0fabb37', true, '2026-05-03 21:04:47.864134+00', '2026-05-03 22:17:05.45753+00', 'kfjg4gcaseol', '7e8c2d14-d9b4-47a6-9ced-2aed39b58297'),
	('00000000-0000-0000-0000-000000000000', 133, 'x4tmow55gien', '6b78b890-8def-4de8-895f-af18a9b4a0d1', true, '2026-04-20 18:05:40.756655+00', '2026-04-23 16:18:40.279964+00', 'yb5su5btegqw', '053fecdb-1dab-4c21-b5d3-72dfba43ede0'),
	('00000000-0000-0000-0000-000000000000', 124, '5gtu7thtdvgh', '6b78b890-8def-4de8-895f-af18a9b4a0d1', true, '2026-04-20 14:31:11.145147+00', '2026-04-20 15:44:25.725104+00', NULL, '053fecdb-1dab-4c21-b5d3-72dfba43ede0'),
	('00000000-0000-0000-0000-000000000000', 237, '3fky77rdvppy', 'd2c0ae27-29b6-49fd-ba6b-0d3362ac6444', true, '2026-04-27 13:04:33.331183+00', '2026-04-27 19:05:09.891753+00', 'c37dby5u3zfr', '999c6e7d-0be7-4edf-9426-616e59560f27'),
	('00000000-0000-0000-0000-000000000000', 131, 'yb5su5btegqw', '6b78b890-8def-4de8-895f-af18a9b4a0d1', true, '2026-04-20 15:44:25.749392+00', '2026-04-20 18:05:40.732233+00', '5gtu7thtdvgh', '053fecdb-1dab-4c21-b5d3-72dfba43ede0'),
	('00000000-0000-0000-0000-000000000000', 128, '6laujokthvmc', 'd2c0ae27-29b6-49fd-ba6b-0d3362ac6444', true, '2026-04-20 14:57:08.223124+00', '2026-04-20 22:03:54.636578+00', 'c7cgfndrh7py', '999c6e7d-0be7-4edf-9426-616e59560f27'),
	('00000000-0000-0000-0000-000000000000', 115, 'bbnakcndxqfb', 'ece7e15e-25ba-4fa7-8186-082e1ac7b490', true, '2026-04-19 21:52:54.373104+00', '2026-04-21 22:44:20.783479+00', 'vb7fkjnxxnrs', '4f5b288c-be65-448d-bb39-9e662f8cd87b'),
	('00000000-0000-0000-0000-000000000000', 136, 'h5sul3zxhq4y', 'd2c0ae27-29b6-49fd-ba6b-0d3362ac6444', true, '2026-04-20 22:03:54.660514+00', '2026-04-22 11:37:49.059572+00', '6laujokthvmc', '999c6e7d-0be7-4edf-9426-616e59560f27'),
	('00000000-0000-0000-0000-000000000000', 139, 'aci4brxar26v', 'd2c0ae27-29b6-49fd-ba6b-0d3362ac6444', true, '2026-04-22 11:37:49.083588+00', '2026-04-22 12:36:19.18873+00', 'h5sul3zxhq4y', '999c6e7d-0be7-4edf-9426-616e59560f27'),
	('00000000-0000-0000-0000-000000000000', 171, 'y46xzqrqqpck', 'ece7e15e-25ba-4fa7-8186-082e1ac7b490', true, '2026-04-23 13:25:41.152565+00', '2026-04-23 16:54:25.988061+00', 'hh5z7ld6dyav', '4f5b288c-be65-448d-bb39-9e662f8cd87b'),
	('00000000-0000-0000-0000-000000000000', 140, '32sjzz5ki4ob', 'd2c0ae27-29b6-49fd-ba6b-0d3362ac6444', true, '2026-04-22 12:36:19.208942+00', '2026-04-22 13:51:59.450783+00', 'aci4brxar26v', '999c6e7d-0be7-4edf-9426-616e59560f27'),
	('00000000-0000-0000-0000-000000000000', 180, '4te7bin5rt3q', 'ece7e15e-25ba-4fa7-8186-082e1ac7b490', true, '2026-04-23 16:54:26.015764+00', '2026-04-23 18:04:15.595639+00', 'y46xzqrqqpck', '4f5b288c-be65-448d-bb39-9e662f8cd87b'),
	('00000000-0000-0000-0000-000000000000', 188, 'hm6uvr6ujx55', 'ece7e15e-25ba-4fa7-8186-082e1ac7b490', true, '2026-04-23 18:04:15.610163+00', '2026-04-23 19:09:30.535572+00', '4te7bin5rt3q', '4f5b288c-be65-448d-bb39-9e662f8cd87b'),
	('00000000-0000-0000-0000-000000000000', 193, 'fnzxolvmdcen', 'ece7e15e-25ba-4fa7-8186-082e1ac7b490', true, '2026-04-23 19:09:30.607773+00', '2026-04-23 20:50:58.578887+00', 'hm6uvr6ujx55', '4f5b288c-be65-448d-bb39-9e662f8cd87b'),
	('00000000-0000-0000-0000-000000000000', 232, 'ulhsst4g6v6c', 'ece7e15e-25ba-4fa7-8186-082e1ac7b490', true, '2026-04-25 22:49:48.789722+00', '2026-04-28 14:16:44.04508+00', 'dtgik4wunfao', '4f5b288c-be65-448d-bb39-9e662f8cd87b'),
	('00000000-0000-0000-0000-000000000000', 244, '7hlimvpefsah', 'd2c0ae27-29b6-49fd-ba6b-0d3362ac6444', true, '2026-04-27 19:05:09.912867+00', '2026-04-28 15:53:41.717627+00', '3fky77rdvppy', '999c6e7d-0be7-4edf-9426-616e59560f27'),
	('00000000-0000-0000-0000-000000000000', 282, 'kbj6eohs6ewz', 'd2c0ae27-29b6-49fd-ba6b-0d3362ac6444', true, '2026-04-29 22:06:31.50608+00', '2026-05-04 11:17:30.783054+00', 'iditcejh7pis', '999c6e7d-0be7-4edf-9426-616e59560f27'),
	('00000000-0000-0000-0000-000000000000', 329, 'p4ovashqgsxt', 'd2c0ae27-29b6-49fd-ba6b-0d3362ac6444', true, '2026-05-04 12:42:30.940736+00', '2026-05-04 14:04:47.41576+00', 'm33jq4mnil5k', '999c6e7d-0be7-4edf-9426-616e59560f27'),
	('00000000-0000-0000-0000-000000000000', 333, 'yl2f27qawomq', 'd2c0ae27-29b6-49fd-ba6b-0d3362ac6444', false, '2026-05-04 14:04:47.436343+00', '2026-05-04 14:04:47.436343+00', 'p4ovashqgsxt', '999c6e7d-0be7-4edf-9426-616e59560f27'),
	('00000000-0000-0000-0000-000000000000', 327, 'tbw33z6xi53l', '904a0dd8-09de-44c0-b4c9-053ef0fabb37', true, '2026-05-04 00:22:07.370576+00', '2026-05-04 14:47:22.771326+00', 'eqgzu46tniqb', '7e8c2d14-d9b4-47a6-9ced-2aed39b58297'),
	('00000000-0000-0000-0000-000000000000', 335, 'epg525b5rvvo', '904a0dd8-09de-44c0-b4c9-053ef0fabb37', false, '2026-05-04 14:47:22.790499+00', '2026-05-04 14:47:22.790499+00', 'tbw33z6xi53l', '7e8c2d14-d9b4-47a6-9ced-2aed39b58297'),
	('00000000-0000-0000-0000-000000000000', 324, '3l74wttonk4z', '904a0dd8-09de-44c0-b4c9-053ef0fabb37', true, '2026-05-03 21:40:58.860062+00', '2026-05-04 19:30:50.441234+00', NULL, '2bb1e32c-9004-4cae-aa55-d166bbfc05de'),
	('00000000-0000-0000-0000-000000000000', 267, '42whnjdhflbu', 'ece7e15e-25ba-4fa7-8186-082e1ac7b490', true, '2026-04-29 14:47:07.760479+00', '2026-04-30 22:00:40.082147+00', '6znlugiawzdy', '4f5b288c-be65-448d-bb39-9e662f8cd87b'),
	('00000000-0000-0000-0000-000000000000', 206, 'm2m6l72lzquq', 'ece7e15e-25ba-4fa7-8186-082e1ac7b490', true, '2026-04-23 23:38:40.174405+00', '2026-04-24 13:49:49.95381+00', 'cbxvgla26hdc', '4f5b288c-be65-448d-bb39-9e662f8cd87b'),
	('00000000-0000-0000-0000-000000000000', 312, 'uty4jhw2wsqh', '904a0dd8-09de-44c0-b4c9-053ef0fabb37', true, '2026-05-01 00:41:30.34391+00', '2026-05-01 21:07:02.817301+00', 'kpjiwjlhbk5m', '7e8c2d14-d9b4-47a6-9ced-2aed39b58297'),
	('00000000-0000-0000-0000-000000000000', 314, 'pkmg3l7uyzdj', 'ece7e15e-25ba-4fa7-8186-082e1ac7b490', true, '2026-05-01 13:20:26.589798+00', '2026-05-01 21:45:42.185889+00', 'etvm5gs4g36o', '4f5b288c-be65-448d-bb39-9e662f8cd87b'),
	('00000000-0000-0000-0000-000000000000', 316, '4rqpvozft73s', 'ece7e15e-25ba-4fa7-8186-082e1ac7b490', false, '2026-05-01 21:45:42.205731+00', '2026-05-01 21:45:42.205731+00', 'pkmg3l7uyzdj', '4f5b288c-be65-448d-bb39-9e662f8cd87b'),
	('00000000-0000-0000-0000-000000000000', 318, '2qkfg7a4kse2', '904a0dd8-09de-44c0-b4c9-053ef0fabb37', true, '2026-05-01 23:49:42.938532+00', '2026-05-02 00:47:43.092989+00', 'cla7tm2rso65', '7e8c2d14-d9b4-47a6-9ced-2aed39b58297'),
	('00000000-0000-0000-0000-000000000000', 320, '5zknauy636mx', '904a0dd8-09de-44c0-b4c9-053ef0fabb37', true, '2026-05-02 21:07:06.421532+00', '2026-05-03 01:44:04.432454+00', 'vdwz4g4rsz45', '7e8c2d14-d9b4-47a6-9ced-2aed39b58297'),
	('00000000-0000-0000-0000-000000000000', 322, 'kfjg4gcaseol', '904a0dd8-09de-44c0-b4c9-053ef0fabb37', true, '2026-05-03 20:06:47.85918+00', '2026-05-03 21:04:47.849644+00', 'zo62yj743g6o', '7e8c2d14-d9b4-47a6-9ced-2aed39b58297'),
	('00000000-0000-0000-0000-000000000000', 253, 'ai2xu35xewmb', '6b78b890-8def-4de8-895f-af18a9b4a0d1', true, '2026-04-28 19:19:38.511631+00', '2026-04-29 18:57:35.514471+00', 'tkhnis7nfall', '053fecdb-1dab-4c21-b5d3-72dfba43ede0'),
	('00000000-0000-0000-0000-000000000000', 273, 'vwa2sbftwbpf', '6b78b890-8def-4de8-895f-af18a9b4a0d1', false, '2026-04-29 18:57:35.526649+00', '2026-04-29 18:57:35.526649+00', 'ai2xu35xewmb', '053fecdb-1dab-4c21-b5d3-72dfba43ede0'),
	('00000000-0000-0000-0000-000000000000', 263, 'iditcejh7pis', 'd2c0ae27-29b6-49fd-ba6b-0d3362ac6444', true, '2026-04-29 13:12:19.384275+00', '2026-04-29 22:06:31.478167+00', 'pkwyooqf3osc', '999c6e7d-0be7-4edf-9426-616e59560f27');


--
-- Data for Name: sso_providers; Type: TABLE DATA; Schema: auth; Owner: supabase_auth_admin
--



--
-- Data for Name: saml_providers; Type: TABLE DATA; Schema: auth; Owner: supabase_auth_admin
--



--
-- Data for Name: saml_relay_states; Type: TABLE DATA; Schema: auth; Owner: supabase_auth_admin
--



--
-- Data for Name: sso_domains; Type: TABLE DATA; Schema: auth; Owner: supabase_auth_admin
--



--
-- Data for Name: webauthn_challenges; Type: TABLE DATA; Schema: auth; Owner: supabase_auth_admin
--



--
-- Data for Name: webauthn_credentials; Type: TABLE DATA; Schema: auth; Owner: supabase_auth_admin
--



--
-- Data for Name: admin_impersonation_log; Type: TABLE DATA; Schema: public; Owner: postgres
--



--
-- Data for Name: admin_tenant_notes; Type: TABLE DATA; Schema: public; Owner: postgres
--



--
-- Data for Name: api_tokens; Type: TABLE DATA; Schema: public; Owner: postgres
--



--
-- Data for Name: audit_log; Type: TABLE DATA; Schema: public; Owner: postgres
--

INSERT INTO "public"."audit_log" ("id", "user_id", "table_name", "operation", "record_id", "old_values", "new_values", "ip_address", "user_agent", "created_at", "expires_at", "status", "actor_user_id") VALUES
	('024a003b-7513-4183-94c8-e7a8bfeb4bff', '633db554-b037-4e40-8c4f-575337dbfded', 'clients', 'UPDATE', 'c62a0a25-0bed-4438-a86a-4089194860c3', '{"id": "c62a0a25-0bed-4438-a86a-4089194860c3", "kind": "pj", "legal_name": "Empresa LTDA", "responsible_team_member_id": null}', '{"id": "c62a0a25-0bed-4438-a86a-4089194860c3", "kind": "pj", "legal_name": "Empresa LTDA", "responsible_team_member_id": null}', NULL, NULL, '2026-04-24 01:15:01.333671+00', '2027-04-24 01:15:01.333671+00', 'active', '633db554-b037-4e40-8c4f-575337dbfded'),
	('628e9090-f5a1-41ae-8512-ed72bfd808fc', '633db554-b037-4e40-8c4f-575337dbfded', 'clients', 'UPDATE', 'c62a0a25-0bed-4438-a86a-4089194860c3', '{"id": "c62a0a25-0bed-4438-a86a-4089194860c3", "kind": "pj", "legal_name": "Empresa LTDA", "responsible_team_member_id": null}', '{"id": "c62a0a25-0bed-4438-a86a-4089194860c3", "kind": "pj", "legal_name": "Empresa LTDA", "responsible_team_member_id": null}', NULL, NULL, '2026-04-24 01:15:49.438361+00', '2027-04-24 01:15:49.438361+00', 'active', '633db554-b037-4e40-8c4f-575337dbfded'),
	('5abf1cd5-0604-466c-b059-e12b4fed5cac', '633db554-b037-4e40-8c4f-575337dbfded', 'clients', 'INSERT', 'ed1cfca9-2278-4315-aa0e-0007f399f64e', NULL, '{"id": "ed1cfca9-2278-4315-aa0e-0007f399f64e", "kind": "pj", "legal_name": "Sushi Kiyomi", "responsible_team_member_id": "5ebc7080-c7d6-4576-95ad-d9d1b129005a"}', NULL, NULL, '2026-04-24 15:03:17.829028+00', '2027-04-24 15:03:17.829028+00', 'active', '0ac5a0c3-00ba-4fa6-bacd-fc7f653e101f'),
	('815a53bc-5fda-4d67-975b-f02da6f757a2', '633db554-b037-4e40-8c4f-575337dbfded', 'clients', 'INSERT', '125dd458-7ff6-4953-9341-3d9c619262d2', NULL, '{"id": "125dd458-7ff6-4953-9341-3d9c619262d2", "kind": "pj", "legal_name": "RESTAURANTE MICA GAUICUI LTDA", "responsible_team_member_id": null}', NULL, NULL, '2026-04-28 15:55:21.103229+00', '2027-04-28 15:55:21.103229+00', 'active', 'd2c0ae27-29b6-49fd-ba6b-0d3362ac6444'),
	('ebe7d441-c9f3-48dc-aaba-96f0e9262a8b', '633db554-b037-4e40-8c4f-575337dbfded', 'clients', 'UPDATE', '125dd458-7ff6-4953-9341-3d9c619262d2', '{"id": "125dd458-7ff6-4953-9341-3d9c619262d2", "kind": "pj", "legal_name": "RESTAURANTE MICA GAUICUI LTDA", "responsible_team_member_id": null}', '{"id": "125dd458-7ff6-4953-9341-3d9c619262d2", "kind": "pj", "legal_name": "RESTAURANTE MICA GAUICUI LTDA", "responsible_team_member_id": null}', NULL, NULL, '2026-04-28 15:55:32.187685+00', '2027-04-28 15:55:32.187685+00', 'active', 'd2c0ae27-29b6-49fd-ba6b-0d3362ac6444'),
	('98821ae1-b360-4210-b215-c47337b143e0', '633db554-b037-4e40-8c4f-575337dbfded', 'clients', 'UPDATE', '125dd458-7ff6-4953-9341-3d9c619262d2', '{"id": "125dd458-7ff6-4953-9341-3d9c619262d2", "kind": "pj", "legal_name": "RESTAURANTE MICA GAUICUI LTDA", "responsible_team_member_id": null}', '{"id": "125dd458-7ff6-4953-9341-3d9c619262d2", "kind": "pj", "legal_name": "RESTAURANTE MICA GAUICUI LTDA", "responsible_team_member_id": null}', NULL, NULL, '2026-04-28 15:55:33.597844+00', '2027-04-28 15:55:33.597844+00', 'active', 'd2c0ae27-29b6-49fd-ba6b-0d3362ac6444'),
	('d47e6455-b55e-4a8e-877d-0777820c41f5', '633db554-b037-4e40-8c4f-575337dbfded', 'clients', 'UPDATE', '125dd458-7ff6-4953-9341-3d9c619262d2', '{"id": "125dd458-7ff6-4953-9341-3d9c619262d2", "kind": "pj", "legal_name": "RESTAURANTE MICA GAUICUI LTDA", "responsible_team_member_id": null}', '{"id": "125dd458-7ff6-4953-9341-3d9c619262d2", "kind": "pj", "legal_name": "RESTAURANTE MICA GAUICUI LTDA", "responsible_team_member_id": null}', NULL, NULL, '2026-04-28 15:55:34.010946+00', '2027-04-28 15:55:34.010946+00', 'active', 'd2c0ae27-29b6-49fd-ba6b-0d3362ac6444'),
	('a9d549f0-ddd4-4e05-8f3d-d1dc40c306eb', '633db554-b037-4e40-8c4f-575337dbfded', 'clients', 'UPDATE', '125dd458-7ff6-4953-9341-3d9c619262d2', '{"id": "125dd458-7ff6-4953-9341-3d9c619262d2", "kind": "pj", "legal_name": "RESTAURANTE MICA GAUICUI LTDA", "responsible_team_member_id": null}', '{"id": "125dd458-7ff6-4953-9341-3d9c619262d2", "kind": "pj", "legal_name": "RESTAURANTE MICA GAUICUI LTDA", "responsible_team_member_id": null}', NULL, NULL, '2026-04-28 15:55:34.328897+00', '2027-04-28 15:55:34.328897+00', 'active', 'd2c0ae27-29b6-49fd-ba6b-0d3362ac6444'),
	('9b16f7a8-88dc-48bd-a2c3-e2cb74e09cb2', '633db554-b037-4e40-8c4f-575337dbfded', 'clients', 'INSERT', '7e685648-786d-46f2-9ed0-cdeaedf36dcb', NULL, '{"id": "7e685648-786d-46f2-9ed0-cdeaedf36dcb", "kind": "pj", "legal_name": "CENTRO EDUCACIONAL A. MAR LTDA", "responsible_team_member_id": "54d29816-92a1-4e75-a158-c0f0e942838a"}', NULL, NULL, '2026-04-28 16:01:34.660208+00', '2027-04-28 16:01:34.660208+00', 'active', '904a0dd8-09de-44c0-b4c9-053ef0fabb37'),
	('5cc817b8-7d99-49d7-bd45-4ff53a7cbdd9', '633db554-b037-4e40-8c4f-575337dbfded', 'clients', 'INSERT', '018a7d5f-6fd2-43e8-b51e-bf6e4b01b1ef', NULL, '{"id": "018a7d5f-6fd2-43e8-b51e-bf6e4b01b1ef", "kind": "pj", "legal_name": "Kairos Casa Geriátrica", "responsible_team_member_id": "32dcb287-543f-4d48-9024-d2bd24f3aef2"}', NULL, NULL, '2026-04-28 16:04:21.551948+00', '2027-04-28 16:04:21.551948+00', 'active', '904a0dd8-09de-44c0-b4c9-053ef0fabb37'),
	('77ce0e58-058e-476b-8bc9-f7b4575a78ad', '633db554-b037-4e40-8c4f-575337dbfded', 'clients', 'INSERT', 'd974dfab-f7b7-42e6-9800-e14ebd9e3b3e', NULL, '{"id": "d974dfab-f7b7-42e6-9800-e14ebd9e3b3e", "kind": "pj", "legal_name": "ELISANDRA APARECIDA DA SILVA RODRIGUES DE ALMEIDA CASA DE REPOUSO - ME", "responsible_team_member_id": null}', NULL, NULL, '2026-04-28 16:06:24.338174+00', '2027-04-28 16:06:24.338174+00', 'active', '904a0dd8-09de-44c0-b4c9-053ef0fabb37'),
	('5a2b1247-45b3-4741-a14e-d91d30293cb5', '633db554-b037-4e40-8c4f-575337dbfded', 'clients', 'INSERT', '92a0bf8d-968c-45a3-8b1d-fa8567a3a450', NULL, '{"id": "92a0bf8d-968c-45a3-8b1d-fa8567a3a450", "kind": "pj", "legal_name": "CASA DE REPOUSO VALE DOS SONHOS LTDA", "responsible_team_member_id": "32dcb287-543f-4d48-9024-d2bd24f3aef2"}', NULL, NULL, '2026-04-28 16:13:39.845616+00', '2027-04-28 16:13:39.845616+00', 'active', '904a0dd8-09de-44c0-b4c9-053ef0fabb37'),
	('6f950d67-82e9-489b-a224-66f67a611542', '633db554-b037-4e40-8c4f-575337dbfded', 'clients', 'INSERT', '7ad6b530-e0dd-42fb-b81f-7a0376c642ca', NULL, '{"id": "7ad6b530-e0dd-42fb-b81f-7a0376c642ca", "kind": "pj", "legal_name": "MILLA RESIDENCIAL SENIOR LTDA", "responsible_team_member_id": null}', NULL, NULL, '2026-04-28 16:16:25.101861+00', '2027-04-28 16:16:25.101861+00', 'active', '904a0dd8-09de-44c0-b4c9-053ef0fabb37'),
	('2268ab55-f763-4948-90cf-8d7c9903c4d9', '633db554-b037-4e40-8c4f-575337dbfded', 'clients', 'UPDATE', '7ad6b530-e0dd-42fb-b81f-7a0376c642ca', '{"id": "7ad6b530-e0dd-42fb-b81f-7a0376c642ca", "kind": "pj", "legal_name": "MILLA RESIDENCIAL SENIOR LTDA", "responsible_team_member_id": null}', '{"id": "7ad6b530-e0dd-42fb-b81f-7a0376c642ca", "kind": "pj", "legal_name": "MILLA RESIDENCIAL SENIOR LTDA", "responsible_team_member_id": null}', NULL, NULL, '2026-04-28 16:18:13.437455+00', '2027-04-28 16:18:13.437455+00', 'active', '904a0dd8-09de-44c0-b4c9-053ef0fabb37'),
	('0f1e12aa-11e0-40e3-99bf-97cb35b08891', '633db554-b037-4e40-8c4f-575337dbfded', 'clients', 'UPDATE', '7ad6b530-e0dd-42fb-b81f-7a0376c642ca', '{"id": "7ad6b530-e0dd-42fb-b81f-7a0376c642ca", "kind": "pj", "legal_name": "MILLA RESIDENCIAL SENIOR LTDA", "responsible_team_member_id": null}', '{"id": "7ad6b530-e0dd-42fb-b81f-7a0376c642ca", "kind": "pj", "legal_name": "MILLA RESIDENCIAL SENIOR LTDA", "responsible_team_member_id": null}', NULL, NULL, '2026-04-28 16:18:15.812195+00', '2027-04-28 16:18:15.812195+00', 'active', '904a0dd8-09de-44c0-b4c9-053ef0fabb37'),
	('4d9967a9-fe3e-4bdc-a52f-664440945ebc', '633db554-b037-4e40-8c4f-575337dbfded', 'clients', 'UPDATE', '7ad6b530-e0dd-42fb-b81f-7a0376c642ca', '{"id": "7ad6b530-e0dd-42fb-b81f-7a0376c642ca", "kind": "pj", "legal_name": "MILLA RESIDENCIAL SENIOR LTDA", "responsible_team_member_id": null}', '{"id": "7ad6b530-e0dd-42fb-b81f-7a0376c642ca", "kind": "pj", "legal_name": "MILLA RESIDENCIAL SENIOR LTDA", "responsible_team_member_id": null}', NULL, NULL, '2026-04-28 16:18:21.191059+00', '2027-04-28 16:18:21.191059+00', 'active', '904a0dd8-09de-44c0-b4c9-053ef0fabb37'),
	('e975e493-d22a-4868-adba-d465a63a8f23', '633db554-b037-4e40-8c4f-575337dbfded', 'clients', 'UPDATE', '7ad6b530-e0dd-42fb-b81f-7a0376c642ca', '{"id": "7ad6b530-e0dd-42fb-b81f-7a0376c642ca", "kind": "pj", "legal_name": "MILLA RESIDENCIAL SENIOR LTDA", "responsible_team_member_id": null}', '{"id": "7ad6b530-e0dd-42fb-b81f-7a0376c642ca", "kind": "pj", "legal_name": "MILLA RESIDENCIAL SENIOR LTDA", "responsible_team_member_id": null}', NULL, NULL, '2026-04-28 16:18:33.164238+00', '2027-04-28 16:18:33.164238+00', 'active', '904a0dd8-09de-44c0-b4c9-053ef0fabb37'),
	('409d63f7-85c8-411c-911c-43f13031fa0a', '633db554-b037-4e40-8c4f-575337dbfded', 'clients', 'UPDATE', '7ad6b530-e0dd-42fb-b81f-7a0376c642ca', '{"id": "7ad6b530-e0dd-42fb-b81f-7a0376c642ca", "kind": "pj", "legal_name": "MILLA RESIDENCIAL SENIOR LTDA", "responsible_team_member_id": null}', '{"id": "7ad6b530-e0dd-42fb-b81f-7a0376c642ca", "kind": "pj", "legal_name": "MILLA RESIDENCIAL SENIOR LTDA", "responsible_team_member_id": null}', NULL, NULL, '2026-04-28 16:18:42.00564+00', '2027-04-28 16:18:42.00564+00', 'active', '904a0dd8-09de-44c0-b4c9-053ef0fabb37'),
	('51d16764-ae90-4f65-a756-dac4d168fbb2', '633db554-b037-4e40-8c4f-575337dbfded', 'clients', 'UPDATE', '7ad6b530-e0dd-42fb-b81f-7a0376c642ca', '{"id": "7ad6b530-e0dd-42fb-b81f-7a0376c642ca", "kind": "pj", "legal_name": "MILLA RESIDENCIAL SENIOR LTDA", "responsible_team_member_id": null}', '{"id": "7ad6b530-e0dd-42fb-b81f-7a0376c642ca", "kind": "pj", "legal_name": "MILLA RESIDENCIAL SENIOR LTDA", "responsible_team_member_id": null}', NULL, NULL, '2026-04-28 16:18:56.746935+00', '2027-04-28 16:18:56.746935+00', 'active', '904a0dd8-09de-44c0-b4c9-053ef0fabb37'),
	('4dcd5e62-c8ed-404d-9042-6b019e08fd7e', '633db554-b037-4e40-8c4f-575337dbfded', 'clients', 'INSERT', '1e7f9084-cafb-4a21-81f2-164cec954b7e', NULL, '{"id": "1e7f9084-cafb-4a21-81f2-164cec954b7e", "kind": "pj", "legal_name": "ESCOLA DE EDUCACAO INFANTIL TURMINHA DO PIMPOLHO UNIDADE VIII LTDA.", "responsible_team_member_id": "32dcb287-543f-4d48-9024-d2bd24f3aef2"}', NULL, NULL, '2026-04-28 16:33:46.326438+00', '2027-04-28 16:33:46.326438+00', 'active', '904a0dd8-09de-44c0-b4c9-053ef0fabb37'),
	('be071208-7b1b-4a88-aa48-7b67852657cc', '633db554-b037-4e40-8c4f-575337dbfded', 'clients', 'INSERT', 'ecfe3b61-4b8d-498c-8378-cf182c5f4b84', NULL, '{"id": "ecfe3b61-4b8d-498c-8378-cf182c5f4b84", "kind": "pj", "legal_name": "GUARAPIRANGA GASTRONOMIA E EVENTOS LTDA", "responsible_team_member_id": "cb7314f7-431a-4eca-b0a1-953458764da6"}', NULL, NULL, '2026-04-28 16:38:54.885881+00', '2027-04-28 16:38:54.885881+00', 'active', '904a0dd8-09de-44c0-b4c9-053ef0fabb37'),
	('e7656bd7-14d1-4617-93ff-9679391c97ff', '633db554-b037-4e40-8c4f-575337dbfded', 'clients', 'UPDATE', '7ad6b530-e0dd-42fb-b81f-7a0376c642ca', '{"id": "7ad6b530-e0dd-42fb-b81f-7a0376c642ca", "kind": "pj", "legal_name": "MILLA RESIDENCIAL SENIOR LTDA", "responsible_team_member_id": null}', '{"id": "7ad6b530-e0dd-42fb-b81f-7a0376c642ca", "kind": "pj", "legal_name": "MILLA RESIDENCIAL SENIOR LTDA", "responsible_team_member_id": "32dcb287-543f-4d48-9024-d2bd24f3aef2"}', NULL, NULL, '2026-04-28 16:39:16.281813+00', '2027-04-28 16:39:16.281813+00', 'active', '904a0dd8-09de-44c0-b4c9-053ef0fabb37'),
	('69238c70-fc28-4f35-80c4-9bb64a0a517e', '633db554-b037-4e40-8c4f-575337dbfded', 'clients', 'UPDATE', 'd974dfab-f7b7-42e6-9800-e14ebd9e3b3e', '{"id": "d974dfab-f7b7-42e6-9800-e14ebd9e3b3e", "kind": "pj", "legal_name": "ELISANDRA APARECIDA DA SILVA RODRIGUES DE ALMEIDA CASA DE REPOUSO - ME", "responsible_team_member_id": null}', '{"id": "d974dfab-f7b7-42e6-9800-e14ebd9e3b3e", "kind": "pj", "legal_name": "ELISANDRA APARECIDA DA SILVA RODRIGUES DE ALMEIDA CASA DE REPOUSO - ME", "responsible_team_member_id": "32dcb287-543f-4d48-9024-d2bd24f3aef2"}', NULL, NULL, '2026-04-28 16:39:28.640187+00', '2027-04-28 16:39:28.640187+00', 'active', '904a0dd8-09de-44c0-b4c9-053ef0fabb37'),
	('d002f734-6163-4b36-816b-ad7f4f883f4a', '633db554-b037-4e40-8c4f-575337dbfded', 'clients', 'INSERT', '37fe46e2-3f49-4953-89dd-24f81cb36fee', NULL, '{"id": "37fe46e2-3f49-4953-89dd-24f81cb36fee", "kind": "pj", "legal_name": "LIBERDADE COMERCIO DE ALIMENTOS E BEBIDAS LTDA.", "responsible_team_member_id": "ab7c0bd7-a9cf-48e2-9c96-221d6880242e"}', NULL, NULL, '2026-04-28 16:42:52.365833+00', '2027-04-28 16:42:52.365833+00', 'active', '904a0dd8-09de-44c0-b4c9-053ef0fabb37'),
	('8c28f7ef-519d-4281-bdf1-c7490ecae6e1', '633db554-b037-4e40-8c4f-575337dbfded', 'clients', 'UPDATE', '125dd458-7ff6-4953-9341-3d9c619262d2', '{"id": "125dd458-7ff6-4953-9341-3d9c619262d2", "kind": "pj", "legal_name": "RESTAURANTE MICA GAUICUI LTDA", "responsible_team_member_id": null}', '{"id": "125dd458-7ff6-4953-9341-3d9c619262d2", "kind": "pj", "legal_name": "RESTAURANTE MICA GAUICUI LTDA", "responsible_team_member_id": "ab7c0bd7-a9cf-48e2-9c96-221d6880242e"}', NULL, NULL, '2026-04-28 16:44:21.290364+00', '2027-04-28 16:44:21.290364+00', 'active', '904a0dd8-09de-44c0-b4c9-053ef0fabb37'),
	('3fa2c1f6-f52c-4f69-b160-7c3dd8771deb', '633db554-b037-4e40-8c4f-575337dbfded', 'clients', 'UPDATE', '125dd458-7ff6-4953-9341-3d9c619262d2', '{"id": "125dd458-7ff6-4953-9341-3d9c619262d2", "kind": "pj", "legal_name": "RESTAURANTE MICA GAUICUI LTDA", "responsible_team_member_id": "ab7c0bd7-a9cf-48e2-9c96-221d6880242e"}', '{"id": "125dd458-7ff6-4953-9341-3d9c619262d2", "kind": "pj", "legal_name": "RESTAURANTE MICA GAUICUI LTDA", "responsible_team_member_id": null}', NULL, NULL, '2026-04-28 16:44:23.886893+00', '2027-04-28 16:44:23.886893+00', 'active', '904a0dd8-09de-44c0-b4c9-053ef0fabb37'),
	('29f5a509-9986-44b4-a30b-7f127c839583', '633db554-b037-4e40-8c4f-575337dbfded', 'clients', 'UPDATE', '79dbff6f-042d-4757-9650-701e86063ec6', '{"id": "79dbff6f-042d-4757-9650-701e86063ec6", "kind": "pj", "legal_name": "Casa de Repouso Lirio do Vale LTDA", "responsible_team_member_id": null}', '{"id": "79dbff6f-042d-4757-9650-701e86063ec6", "kind": "pj", "legal_name": "Casa de Repouso Lirio do Vale LTDA", "responsible_team_member_id": "32dcb287-543f-4d48-9024-d2bd24f3aef2"}', NULL, NULL, '2026-04-28 16:47:56.941982+00', '2027-04-28 16:47:56.941982+00', 'active', '904a0dd8-09de-44c0-b4c9-053ef0fabb37'),
	('f176da6d-9d1b-462b-a5fe-a3d4aca12351', '633db554-b037-4e40-8c4f-575337dbfded', 'clients', 'INSERT', 'e5a331bc-0345-4ab4-8716-0e6cbc29d563', NULL, '{"id": "e5a331bc-0345-4ab4-8716-0e6cbc29d563", "kind": "pj", "legal_name": "BOLINHOS MM LTDA", "responsible_team_member_id": "5ebc7080-c7d6-4576-95ad-d9d1b129005a"}', NULL, NULL, '2026-04-28 17:03:29.843525+00', '2027-04-28 17:03:29.843525+00', 'active', '904a0dd8-09de-44c0-b4c9-053ef0fabb37'),
	('a17c77ac-9bbb-47bd-b817-dd6566831550', '633db554-b037-4e40-8c4f-575337dbfded', 'clients', 'INSERT', 'e94dc087-3a7a-47bb-8d6d-cfcbc7af0792', NULL, '{"id": "e94dc087-3a7a-47bb-8d6d-cfcbc7af0792", "kind": "pj", "legal_name": "BENDITA MM LTDA", "responsible_team_member_id": "5ebc7080-c7d6-4576-95ad-d9d1b129005a"}', NULL, NULL, '2026-04-28 17:05:48.062294+00', '2027-04-28 17:05:48.062294+00', 'active', '904a0dd8-09de-44c0-b4c9-053ef0fabb37'),
	('91aa8b90-0d86-4d4d-af44-ec794e7bd4ca', '633db554-b037-4e40-8c4f-575337dbfded', 'clients', 'UPDATE', 'e94dc087-3a7a-47bb-8d6d-cfcbc7af0792', '{"id": "e94dc087-3a7a-47bb-8d6d-cfcbc7af0792", "kind": "pj", "legal_name": "BENDITA MM LTDA", "responsible_team_member_id": "5ebc7080-c7d6-4576-95ad-d9d1b129005a"}', '{"id": "e94dc087-3a7a-47bb-8d6d-cfcbc7af0792", "kind": "pj", "legal_name": "BENDITA MM LTDA", "responsible_team_member_id": "5ebc7080-c7d6-4576-95ad-d9d1b129005a"}', NULL, NULL, '2026-04-28 17:17:34.492286+00', '2027-04-28 17:17:34.492286+00', 'active', '904a0dd8-09de-44c0-b4c9-053ef0fabb37'),
	('b2aede3e-ec8f-409c-b4db-d60ced8493da', '633db554-b037-4e40-8c4f-575337dbfded', 'clients', 'INSERT', '1a324b14-6499-4cf0-a257-6adec98d8f4b', NULL, '{"id": "1a324b14-6499-4cf0-a257-6adec98d8f4b", "kind": "pj", "legal_name": "ANA CRISTINA BEM CASADOS E EVENTOS LTDA", "responsible_team_member_id": "5ebc7080-c7d6-4576-95ad-d9d1b129005a"}', NULL, NULL, '2026-04-28 17:22:10.373535+00', '2027-04-28 17:22:10.373535+00', 'active', '904a0dd8-09de-44c0-b4c9-053ef0fabb37'),
	('9649d236-5eda-478b-a7ca-7137b0f691ad', '633db554-b037-4e40-8c4f-575337dbfded', 'clients', 'INSERT', 'f0c49df0-154f-46b4-8f9f-77c674c7904d', NULL, '{"id": "f0c49df0-154f-46b4-8f9f-77c674c7904d", "kind": "pj", "legal_name": "ROMANA DOCES E SALGADOS LTDA", "responsible_team_member_id": "cb7314f7-431a-4eca-b0a1-953458764da6"}', NULL, NULL, '2026-04-28 17:24:43.953571+00', '2027-04-28 17:24:43.953571+00', 'active', '904a0dd8-09de-44c0-b4c9-053ef0fabb37'),
	('14f26eb9-27fb-402d-b9cd-49cefec05773', '633db554-b037-4e40-8c4f-575337dbfded', 'clients', 'INSERT', '97d1fb33-1380-4d41-93d6-b0d994b34709', NULL, '{"id": "97d1fb33-1380-4d41-93d6-b0d994b34709", "kind": "pj", "legal_name": "ESCOLA DE EDUCACAO INFANTIL RA TIM BUM LTDA", "responsible_team_member_id": "32dcb287-543f-4d48-9024-d2bd24f3aef2"}', NULL, NULL, '2026-04-28 17:26:48.958576+00', '2027-04-28 17:26:48.958576+00', 'active', '904a0dd8-09de-44c0-b4c9-053ef0fabb37'),
	('92eb8dc2-8602-44bf-95f7-2d419d514d53', '633db554-b037-4e40-8c4f-575337dbfded', 'clients', 'INSERT', '5f6f70ff-ef94-4fd8-808f-ba683d9bea26', NULL, '{"id": "5f6f70ff-ef94-4fd8-808f-ba683d9bea26", "kind": "pj", "legal_name": "ENSEADA GASTRONOMIA E EVENTOS LTDA", "responsible_team_member_id": "54d29816-92a1-4e75-a158-c0f0e942838a"}', NULL, NULL, '2026-04-29 01:55:12.656427+00', '2027-04-29 01:55:12.656427+00', 'active', '904a0dd8-09de-44c0-b4c9-053ef0fabb37'),
	('0fb6c033-eabf-4821-b458-913643f686f1', '633db554-b037-4e40-8c4f-575337dbfded', 'clients', 'INSERT', '3bf57892-a980-4715-a880-ebe3eaf00a71', NULL, '{"id": "3bf57892-a980-4715-a880-ebe3eaf00a71", "kind": "pj", "legal_name": "SAN JUAN SAO PAULO HOTEL LTDA", "responsible_team_member_id": "cb7314f7-431a-4eca-b0a1-953458764da6"}', NULL, NULL, '2026-04-29 01:58:56.585524+00', '2027-04-29 01:58:56.585524+00', 'active', '904a0dd8-09de-44c0-b4c9-053ef0fabb37'),
	('3ced5e09-3b50-47df-b58f-280500712e99', '633db554-b037-4e40-8c4f-575337dbfded', 'clients', 'INSERT', '50cf3fc6-6311-493d-a426-bf7a5e0a0f7d', NULL, '{"id": "50cf3fc6-6311-493d-a426-bf7a5e0a0f7d", "kind": "pj", "legal_name": "VIEIRAS CAFETERIA E EVENTOS LTDA", "responsible_team_member_id": "cb7314f7-431a-4eca-b0a1-953458764da6"}', NULL, NULL, '2026-04-29 02:02:41.326402+00', '2027-04-29 02:02:41.326402+00', 'active', '904a0dd8-09de-44c0-b4c9-053ef0fabb37'),
	('71fa0229-8a9b-4ac8-9812-eea19cfd6472', '633db554-b037-4e40-8c4f-575337dbfded', 'clients', 'INSERT', 'eaf8a897-1e40-4e5a-99ea-846165331afa', NULL, '{"id": "eaf8a897-1e40-4e5a-99ea-846165331afa", "kind": "pj", "legal_name": "ESCOLA DE EDUCACAO INFANTIL TURMINHA DO PIMPOLHO UNIDADE VII LTDA", "responsible_team_member_id": "32dcb287-543f-4d48-9024-d2bd24f3aef2"}', NULL, NULL, '2026-04-29 02:05:14.203457+00', '2027-04-29 02:05:14.203457+00', 'active', '904a0dd8-09de-44c0-b4c9-053ef0fabb37'),
	('3dc0d2d8-6dd9-4b79-8061-2463bacb6d89', '633db554-b037-4e40-8c4f-575337dbfded', 'clients', 'INSERT', '10e80a10-9fcc-402e-9cc4-5e129754d559', NULL, '{"id": "10e80a10-9fcc-402e-9cc4-5e129754d559", "kind": "pj", "legal_name": "LA VIEIRAS GASTRONOMIA E EVENTOS LTDA", "responsible_team_member_id": "cb7314f7-431a-4eca-b0a1-953458764da6"}', NULL, NULL, '2026-04-29 02:11:16.667692+00', '2027-04-29 02:11:16.667692+00', 'active', '904a0dd8-09de-44c0-b4c9-053ef0fabb37'),
	('c74eb17a-5f0a-4791-9898-dcb2beaeb0f9', '633db554-b037-4e40-8c4f-575337dbfded', 'clients', 'INSERT', 'be0c4a0c-a9be-47a8-8631-86470208b883', NULL, '{"id": "be0c4a0c-a9be-47a8-8631-86470208b883", "kind": "pj", "legal_name": "ESPACO BEM VIVER ESCOLA MATERNAL LTDA", "responsible_team_member_id": "32dcb287-543f-4d48-9024-d2bd24f3aef2"}', NULL, NULL, '2026-04-29 02:13:43.088633+00', '2027-04-29 02:13:43.088633+00', 'active', '904a0dd8-09de-44c0-b4c9-053ef0fabb37'),
	('ffb259bd-49f9-4d08-a441-00df079d1cee', '633db554-b037-4e40-8c4f-575337dbfded', 'clients', 'INSERT', 'c156b4e4-4dce-45ec-b8ca-8340a3f73c29', NULL, '{"id": "c156b4e4-4dce-45ec-b8ca-8340a3f73c29", "kind": "pj", "legal_name": "LIBERDADE COMERCIO DE ALIMENTOS E BEBIDAS LTDA.", "responsible_team_member_id": "cb7314f7-431a-4eca-b0a1-953458764da6"}', NULL, NULL, '2026-04-29 02:19:13.70397+00', '2027-04-29 02:19:13.70397+00', 'active', '904a0dd8-09de-44c0-b4c9-053ef0fabb37'),
	('b969c233-27ad-4f42-afde-6f5f3d421a2c', '633db554-b037-4e40-8c4f-575337dbfded', 'clients', 'INSERT', '551f46c6-3ec3-4845-a68e-4d237f8a378a', NULL, '{"id": "551f46c6-3ec3-4845-a68e-4d237f8a378a", "kind": "pj", "legal_name": "A&D PRIMUS SALGADOS LTDA", "responsible_team_member_id": "5ebc7080-c7d6-4576-95ad-d9d1b129005a"}', NULL, NULL, '2026-04-29 02:25:39.795369+00', '2027-04-29 02:25:39.795369+00', 'active', '904a0dd8-09de-44c0-b4c9-053ef0fabb37'),
	('a1a2eb41-a7e3-4ab3-97c5-e064e2dc3c04', '633db554-b037-4e40-8c4f-575337dbfded', 'clients', 'UPDATE', '9fb2f823-5eb7-4a76-921a-2a3416ffe581', '{"id": "9fb2f823-5eb7-4a76-921a-2a3416ffe581", "kind": "pj", "legal_name": "Bar e Restaurante Ponto Chic LTDA", "responsible_team_member_id": null}', '{"id": "9fb2f823-5eb7-4a76-921a-2a3416ffe581", "kind": "pj", "legal_name": "Bar e Restaurante Ponto Chic LTDA", "responsible_team_member_id": "cb7314f7-431a-4eca-b0a1-953458764da6"}', NULL, NULL, '2026-04-29 02:30:07.295824+00', '2027-04-29 02:30:07.295824+00', 'active', '904a0dd8-09de-44c0-b4c9-053ef0fabb37'),
	('dd1eaf44-47b7-4b33-ab34-c415b1e10e44', '633db554-b037-4e40-8c4f-575337dbfded', 'clients', 'INSERT', '6558e982-e3aa-4359-a5d4-114027471fb2', NULL, '{"id": "6558e982-e3aa-4359-a5d4-114027471fb2", "kind": "pj", "legal_name": "CARRIERI PIZZERIA LTDA", "responsible_team_member_id": "54d29816-92a1-4e75-a158-c0f0e942838a"}', NULL, NULL, '2026-04-29 02:35:32.452884+00', '2027-04-29 02:35:32.452884+00', 'active', '904a0dd8-09de-44c0-b4c9-053ef0fabb37'),
	('2567ec91-9e1c-40f8-873e-37324455d5c2', '633db554-b037-4e40-8c4f-575337dbfded', 'clients', 'INSERT', '37397e4b-a7f9-497c-9733-22e639885cd1', NULL, '{"id": "37397e4b-a7f9-497c-9733-22e639885cd1", "kind": "pj", "legal_name": "Romana Doces e Salgados LTDA", "responsible_team_member_id": null}', NULL, NULL, '2026-04-30 16:34:33.456521+00', '2027-04-30 16:34:33.456521+00', 'active', 'd2c0ae27-29b6-49fd-ba6b-0d3362ac6444'),
	('3b91d607-ce57-4d97-80df-f528278fa7d2', '633db554-b037-4e40-8c4f-575337dbfded', 'clients', 'UPDATE', '551f46c6-3ec3-4845-a68e-4d237f8a378a', '{"id": "551f46c6-3ec3-4845-a68e-4d237f8a378a", "kind": "pj", "legal_name": "A&D PRIMUS SALGADOS LTDA", "responsible_team_member_id": "5ebc7080-c7d6-4576-95ad-d9d1b129005a"}', '{"id": "551f46c6-3ec3-4845-a68e-4d237f8a378a", "kind": "pj", "legal_name": "A&D PRIMUS SALGADOS LTDA", "responsible_team_member_id": "5ebc7080-c7d6-4576-95ad-d9d1b129005a"}', NULL, NULL, '2026-05-04 13:34:52.175674+00', '2027-05-04 13:34:52.175674+00', 'active', '0ac5a0c3-00ba-4fa6-bacd-fc7f653e101f'),
	('89b90250-e802-4c05-aa2c-25445da21aa3', '633db554-b037-4e40-8c4f-575337dbfded', 'clients', 'UPDATE', '551f46c6-3ec3-4845-a68e-4d237f8a378a', '{"id": "551f46c6-3ec3-4845-a68e-4d237f8a378a", "kind": "pj", "legal_name": "A&D PRIMUS SALGADOS LTDA", "responsible_team_member_id": "5ebc7080-c7d6-4576-95ad-d9d1b129005a"}', '{"id": "551f46c6-3ec3-4845-a68e-4d237f8a378a", "kind": "pj", "legal_name": "A&D PRIMUS SALGADOS LTDA", "responsible_team_member_id": "5ebc7080-c7d6-4576-95ad-d9d1b129005a"}', NULL, NULL, '2026-05-04 13:34:53.772927+00', '2027-05-04 13:34:53.772927+00', 'active', '0ac5a0c3-00ba-4fa6-bacd-fc7f653e101f');


--
-- Data for Name: auth_troubleshooting_logs; Type: TABLE DATA; Schema: public; Owner: postgres
--

INSERT INTO "public"."auth_troubleshooting_logs" ("id", "request_id", "event", "step", "outcome", "email", "user_id", "error_code", "error_message", "next_path", "has_session", "metadata", "ip_address", "user_agent", "created_at") VALUES
	('ba30f067-297b-4b86-9179-5ba07e8bfd27', '9394ef60-3784-442e-804a-ea93bcf10639', 'password_signin', 'password', 'attempt', 'thatiana@sabernutrir.com.br', NULL, NULL, NULL, '/inicio', NULL, '{"ua": "Mozilla/5.0 (iPhone; CPU iPhone OS 26_3_1 like Mac OS X) AppleWebKit/605.1.15 (KHTML, like Gecko) CriOS/147.0.7727.47 Mobile/15E148 Safari/604.1"}', '172.69.11.74', 'Mozilla/5.0 (iPhone; CPU iPhone OS 26_3_1 like Mac OS X) AppleWebKit/605.1.15 (KHTML, like Gecko) CriOS/147.0.7727.47 Mobile/15E148 Safari/604.1', '2026-04-17 21:40:19.08741+00'),
	('62b84611-0d07-459a-867f-d8bd65c9e02e', '9394ef60-3784-442e-804a-ea93bcf10639', 'password_signin_success', 'password', 'success', 'thatiana@sabernutrir.com.br', 'ece7e15e-25ba-4fa7-8186-082e1ac7b490', NULL, NULL, '/inicio', NULL, '{"ua": "Mozilla/5.0 (iPhone; CPU iPhone OS 26_3_1 like Mac OS X) AppleWebKit/605.1.15 (KHTML, like Gecko) CriOS/147.0.7727.47 Mobile/15E148 Safari/604.1"}', '172.69.11.74', 'Mozilla/5.0 (iPhone; CPU iPhone OS 26_3_1 like Mac OS X) AppleWebKit/605.1.15 (KHTML, like Gecko) CriOS/147.0.7727.47 Mobile/15E148 Safari/604.1', '2026-04-17 21:40:19.439101+00'),
	('4bb54852-fcba-4fac-850d-9bc2a19fdcea', '9394ef60-3784-442e-804a-ea93bcf10639', 'post_signin_session_check', 'password', 'success', 'thatiana@sabernutrir.com.br', 'ece7e15e-25ba-4fa7-8186-082e1ac7b490', NULL, NULL, '/inicio', true, '{"ua": "Mozilla/5.0 (iPhone; CPU iPhone OS 26_3_1 like Mac OS X) AppleWebKit/605.1.15 (KHTML, like Gecko) CriOS/147.0.7727.47 Mobile/15E148 Safari/604.1"}', '172.69.11.74', 'Mozilla/5.0 (iPhone; CPU iPhone OS 26_3_1 like Mac OS X) AppleWebKit/605.1.15 (KHTML, like Gecko) CriOS/147.0.7727.47 Mobile/15E148 Safari/604.1', '2026-04-17 21:40:19.465347+00'),
	('1e3bdc6d-5915-474a-a2f5-50ed37374d7f', 'e8dd853b-935c-452b-a8f1-22f204a0465b', 'password_signin', 'password', 'attempt', 'raianepimenta02@gmail.com', NULL, NULL, NULL, '/inicio', NULL, '{"ua": "Mozilla/5.0 (Linux; Android 10; K) AppleWebKit/537.36 (KHTML, like Gecko) Chrome/147.0.0.0 Mobile Safari/537.36"}', '172.71.238.173', 'Mozilla/5.0 (Linux; Android 10; K) AppleWebKit/537.36 (KHTML, like Gecko) Chrome/147.0.0.0 Mobile Safari/537.36', '2026-04-17 21:43:14.077281+00'),
	('ccb33dd7-9f54-41ba-afe3-bc0248dcd7cf', 'e8dd853b-935c-452b-a8f1-22f204a0465b', 'post_signin_session_check', 'password', 'success', 'raianepimenta02@gmail.com', 'd2c0ae27-29b6-49fd-ba6b-0d3362ac6444', NULL, NULL, '/inicio', true, '{"ua": "Mozilla/5.0 (Linux; Android 10; K) AppleWebKit/537.36 (KHTML, like Gecko) Chrome/147.0.0.0 Mobile Safari/537.36"}', '172.71.238.173', 'Mozilla/5.0 (Linux; Android 10; K) AppleWebKit/537.36 (KHTML, like Gecko) Chrome/147.0.0.0 Mobile Safari/537.36', '2026-04-17 21:43:15.759018+00'),
	('ae046c70-bd1f-4a68-91ab-dd0404dbb2f9', 'e8dd853b-935c-452b-a8f1-22f204a0465b', 'password_signin_success', 'password', 'success', 'raianepimenta02@gmail.com', 'd2c0ae27-29b6-49fd-ba6b-0d3362ac6444', NULL, NULL, '/inicio', NULL, '{"ua": "Mozilla/5.0 (Linux; Android 10; K) AppleWebKit/537.36 (KHTML, like Gecko) Chrome/147.0.0.0 Mobile Safari/537.36"}', '172.71.238.173', 'Mozilla/5.0 (Linux; Android 10; K) AppleWebKit/537.36 (KHTML, like Gecko) Chrome/147.0.0.0 Mobile Safari/537.36', '2026-04-17 21:43:16.148187+00'),
	('43346f8f-997f-48a4-a188-8265effaa768', '4bdf63c8-10e5-402d-a7a0-102b2f1ab2ad', 'password_signin', 'password', 'attempt', 'thatiana@sabernutrir.com.br', NULL, NULL, NULL, '/inicio', NULL, '{"ua": "Mozilla/5.0 (Linux; Android 10; K) AppleWebKit/537.36 (KHTML, like Gecko) Chrome/147.0.0.0 Mobile Safari/537.36"}', '172.69.11.75', 'Mozilla/5.0 (Linux; Android 10; K) AppleWebKit/537.36 (KHTML, like Gecko) Chrome/147.0.0.0 Mobile Safari/537.36', '2026-04-17 23:56:26.051053+00'),
	('c5d42a8d-dd4d-441f-bec4-662a33a3493d', '4bdf63c8-10e5-402d-a7a0-102b2f1ab2ad', 'post_signin_session_check', 'password', 'success', 'thatiana@sabernutrir.com.br', 'ece7e15e-25ba-4fa7-8186-082e1ac7b490', NULL, NULL, '/inicio', true, '{"ua": "Mozilla/5.0 (Linux; Android 10; K) AppleWebKit/537.36 (KHTML, like Gecko) Chrome/147.0.0.0 Mobile Safari/537.36"}', '172.69.11.75', 'Mozilla/5.0 (Linux; Android 10; K) AppleWebKit/537.36 (KHTML, like Gecko) Chrome/147.0.0.0 Mobile Safari/537.36', '2026-04-17 23:56:27.652361+00'),
	('1cc3bf7a-31ab-41d0-bddc-4934b2b6ac1e', '4bdf63c8-10e5-402d-a7a0-102b2f1ab2ad', 'password_signin_success', 'password', 'success', 'thatiana@sabernutrir.com.br', 'ece7e15e-25ba-4fa7-8186-082e1ac7b490', NULL, NULL, '/inicio', NULL, '{"ua": "Mozilla/5.0 (Linux; Android 10; K) AppleWebKit/537.36 (KHTML, like Gecko) Chrome/147.0.0.0 Mobile Safari/537.36"}', '172.69.11.75', 'Mozilla/5.0 (Linux; Android 10; K) AppleWebKit/537.36 (KHTML, like Gecko) Chrome/147.0.0.0 Mobile Safari/537.36', '2026-04-17 23:56:27.652521+00'),
	('7928c6c0-8d8c-4af2-9494-ede55ccd4196', 'dac302ec-9663-43b5-82e9-408ab9f66b30', 'password_signin', 'password', 'attempt', 'thatiana@sabernutrir.com.br', NULL, NULL, NULL, '/inicio', NULL, '{"ua": "Mozilla/5.0 (Linux; Android 10; K) AppleWebKit/537.36 (KHTML, like Gecko) Chrome/147.0.0.0 Mobile Safari/537.36"}', '172.69.11.74', 'Mozilla/5.0 (Linux; Android 10; K) AppleWebKit/537.36 (KHTML, like Gecko) Chrome/147.0.0.0 Mobile Safari/537.36', '2026-04-18 00:02:41.426024+00'),
	('508cd62a-13d1-46af-85b1-d9696ed1c109', 'dac302ec-9663-43b5-82e9-408ab9f66b30', 'password_signin_success', 'password', 'success', 'thatiana@sabernutrir.com.br', 'ece7e15e-25ba-4fa7-8186-082e1ac7b490', NULL, NULL, '/inicio', NULL, '{"ua": "Mozilla/5.0 (Linux; Android 10; K) AppleWebKit/537.36 (KHTML, like Gecko) Chrome/147.0.0.0 Mobile Safari/537.36"}', '172.69.11.74', 'Mozilla/5.0 (Linux; Android 10; K) AppleWebKit/537.36 (KHTML, like Gecko) Chrome/147.0.0.0 Mobile Safari/537.36', '2026-04-18 00:02:42.123914+00'),
	('7b10e5af-6701-4e14-a851-5ae9320c3780', 'dac302ec-9663-43b5-82e9-408ab9f66b30', 'post_signin_session_check', 'password', 'success', 'thatiana@sabernutrir.com.br', 'ece7e15e-25ba-4fa7-8186-082e1ac7b490', NULL, NULL, '/inicio', true, '{"ua": "Mozilla/5.0 (Linux; Android 10; K) AppleWebKit/537.36 (KHTML, like Gecko) Chrome/147.0.0.0 Mobile Safari/537.36"}', '172.69.11.74', 'Mozilla/5.0 (Linux; Android 10; K) AppleWebKit/537.36 (KHTML, like Gecko) Chrome/147.0.0.0 Mobile Safari/537.36', '2026-04-18 00:02:42.144809+00'),
	('674b5333-b0a3-43e5-8d70-196369436123', 'dc01b3dc-e651-4e94-8fd1-c92a3e454958', 'password_signin', 'password', 'attempt', 'nutricionistabrunaribeiro@gmail.com', NULL, NULL, NULL, '/inicio', NULL, '{"ua": "Mozilla/5.0 (iPhone; CPU iPhone OS 26_3_1 like Mac OS X) AppleWebKit/605.1.15 (KHTML, like Gecko) CriOS/147.0.7727.47 Mobile/15E148 Safari/604.1"}', '172.69.39.16', 'Mozilla/5.0 (iPhone; CPU iPhone OS 26_3_1 like Mac OS X) AppleWebKit/605.1.15 (KHTML, like Gecko) CriOS/147.0.7727.47 Mobile/15E148 Safari/604.1', '2026-04-18 00:17:54.526286+00'),
	('0481d83f-f5e5-4a39-b023-0dfd4fc3bccc', 'dc01b3dc-e651-4e94-8fd1-c92a3e454958', 'password_signin_success', 'password', 'success', 'nutricionistabrunaribeiro@gmail.com', '0ac5a0c3-00ba-4fa6-bacd-fc7f653e101f', NULL, NULL, '/inicio', NULL, '{"ua": "Mozilla/5.0 (iPhone; CPU iPhone OS 26_3_1 like Mac OS X) AppleWebKit/605.1.15 (KHTML, like Gecko) CriOS/147.0.7727.47 Mobile/15E148 Safari/604.1"}', '172.69.39.16', 'Mozilla/5.0 (iPhone; CPU iPhone OS 26_3_1 like Mac OS X) AppleWebKit/605.1.15 (KHTML, like Gecko) CriOS/147.0.7727.47 Mobile/15E148 Safari/604.1', '2026-04-18 00:18:01.117115+00'),
	('07826542-c019-4db5-96d1-064114eac8e3', 'dc01b3dc-e651-4e94-8fd1-c92a3e454958', 'post_signin_session_check', 'password', 'success', 'nutricionistabrunaribeiro@gmail.com', '0ac5a0c3-00ba-4fa6-bacd-fc7f653e101f', NULL, NULL, '/inicio', true, '{"ua": "Mozilla/5.0 (iPhone; CPU iPhone OS 26_3_1 like Mac OS X) AppleWebKit/605.1.15 (KHTML, like Gecko) CriOS/147.0.7727.47 Mobile/15E148 Safari/604.1"}', '172.69.39.16', 'Mozilla/5.0 (iPhone; CPU iPhone OS 26_3_1 like Mac OS X) AppleWebKit/605.1.15 (KHTML, like Gecko) CriOS/147.0.7727.47 Mobile/15E148 Safari/604.1', '2026-04-18 00:18:01.20102+00'),
	('ef521726-2ec7-4f4a-a414-21c6981309ad', 'ea167212-76ab-4077-bfb4-a7a0b8949c3d', 'password_signin', 'password', 'attempt', 'cris_nutri@terra.com.br', NULL, NULL, NULL, '/inicio', NULL, '{"ua": "Mozilla/5.0 (Linux; Android 10; K) AppleWebKit/537.36 (KHTML, like Gecko) Chrome/147.0.0.0 Mobile Safari/537.36"}', '104.22.10.65', 'Mozilla/5.0 (Linux; Android 10; K) AppleWebKit/537.36 (KHTML, like Gecko) Chrome/147.0.0.0 Mobile Safari/537.36', '2026-04-20 12:16:05.938099+00'),
	('dda4843a-5e76-4e7e-b4ee-703017fb7fc9', 'ea167212-76ab-4077-bfb4-a7a0b8949c3d', 'password_signin_failed', 'password', 'error', 'cris_nutri@terra.com.br', NULL, 'invalid_credentials', 'Invalid login credentials', '/inicio', NULL, '{"ua": "Mozilla/5.0 (Linux; Android 10; K) AppleWebKit/537.36 (KHTML, like Gecko) Chrome/147.0.0.0 Mobile Safari/537.36"}', '104.22.10.65', 'Mozilla/5.0 (Linux; Android 10; K) AppleWebKit/537.36 (KHTML, like Gecko) Chrome/147.0.0.0 Mobile Safari/537.36', '2026-04-20 12:16:06.183176+00'),
	('783f2e32-dc0b-404c-aff9-b29d323a35c8', 'ea167212-76ab-4077-bfb4-a7a0b8949c3d', 'password_signin', 'password', 'attempt', 'cris_nutri@terra.com.br', NULL, NULL, NULL, '/inicio', NULL, '{"ua": "Mozilla/5.0 (Linux; Android 10; K) AppleWebKit/537.36 (KHTML, like Gecko) Chrome/147.0.0.0 Mobile Safari/537.36"}', '104.22.10.64', 'Mozilla/5.0 (Linux; Android 10; K) AppleWebKit/537.36 (KHTML, like Gecko) Chrome/147.0.0.0 Mobile Safari/537.36', '2026-04-20 12:16:13.889868+00'),
	('6b0d4b87-fd29-46b2-a841-568546bd9030', 'ea167212-76ab-4077-bfb4-a7a0b8949c3d', 'password_signin_success', 'password', 'success', 'cris_nutri@terra.com.br', '05487a66-8616-4a69-b20f-363fde46bf5b', NULL, NULL, '/inicio', NULL, '{"ua": "Mozilla/5.0 (Linux; Android 10; K) AppleWebKit/537.36 (KHTML, like Gecko) Chrome/147.0.0.0 Mobile Safari/537.36"}', '104.22.10.64', 'Mozilla/5.0 (Linux; Android 10; K) AppleWebKit/537.36 (KHTML, like Gecko) Chrome/147.0.0.0 Mobile Safari/537.36', '2026-04-20 12:16:14.105702+00'),
	('00318ff6-8e41-497a-9c68-41381c4ce8b0', 'ea167212-76ab-4077-bfb4-a7a0b8949c3d', 'post_signin_session_check', 'password', 'success', 'cris_nutri@terra.com.br', '05487a66-8616-4a69-b20f-363fde46bf5b', NULL, NULL, '/inicio', true, '{"ua": "Mozilla/5.0 (Linux; Android 10; K) AppleWebKit/537.36 (KHTML, like Gecko) Chrome/147.0.0.0 Mobile Safari/537.36"}', '104.22.10.64', 'Mozilla/5.0 (Linux; Android 10; K) AppleWebKit/537.36 (KHTML, like Gecko) Chrome/147.0.0.0 Mobile Safari/537.36', '2026-04-20 12:16:14.143045+00'),
	('9bb8d1dd-6dee-4e87-9057-81b480d8c4bb', 'd53e0ab1-f38b-4067-b157-a19f4006361e', 'password_signin', 'password', 'attempt', 'dasilvameire26@yahoo.com.br', NULL, NULL, NULL, '/checklists/preencher/d9e864b2-8839-43ec-95cd-250aa6f37913', NULL, '{"ua": "Mozilla/5.0 (Linux; Android 10; K) AppleWebKit/537.36 (KHTML, like Gecko) SamsungBrowser/27.0 Chrome/125.0.0.0 Mobile Safari/537.36"}', '172.71.6.164', 'Mozilla/5.0 (Linux; Android 10; K) AppleWebKit/537.36 (KHTML, like Gecko) SamsungBrowser/27.0 Chrome/125.0.0.0 Mobile Safari/537.36', '2026-04-20 14:31:14.383649+00'),
	('aa651860-6f9b-472c-865c-2068e25025bc', 'd53e0ab1-f38b-4067-b157-a19f4006361e', 'password_signin_success', 'password', 'success', 'dasilvameire26@yahoo.com.br', '6b78b890-8def-4de8-895f-af18a9b4a0d1', NULL, NULL, '/checklists/preencher/d9e864b2-8839-43ec-95cd-250aa6f37913', NULL, '{"ua": "Mozilla/5.0 (Linux; Android 10; K) AppleWebKit/537.36 (KHTML, like Gecko) SamsungBrowser/27.0 Chrome/125.0.0.0 Mobile Safari/537.36"}', '172.71.6.164', 'Mozilla/5.0 (Linux; Android 10; K) AppleWebKit/537.36 (KHTML, like Gecko) SamsungBrowser/27.0 Chrome/125.0.0.0 Mobile Safari/537.36', '2026-04-20 14:31:15.881135+00'),
	('3f3f1d0c-0b64-4da7-93fd-81f52425f05d', 'd53e0ab1-f38b-4067-b157-a19f4006361e', 'post_signin_session_check', 'password', 'success', 'dasilvameire26@yahoo.com.br', '6b78b890-8def-4de8-895f-af18a9b4a0d1', NULL, NULL, '/checklists/preencher/d9e864b2-8839-43ec-95cd-250aa6f37913', true, '{"ua": "Mozilla/5.0 (Linux; Android 10; K) AppleWebKit/537.36 (KHTML, like Gecko) SamsungBrowser/27.0 Chrome/125.0.0.0 Mobile Safari/537.36"}', '172.71.6.164', 'Mozilla/5.0 (Linux; Android 10; K) AppleWebKit/537.36 (KHTML, like Gecko) SamsungBrowser/27.0 Chrome/125.0.0.0 Mobile Safari/537.36', '2026-04-20 14:31:16.143524+00'),
	('93469af8-f828-473e-b8c0-9822ba9b27a8', '762e19b9-08da-4429-85d6-5d949ec3d995', 'password_signin', 'password', 'attempt', 'diegosanchespereira@gmail.com', NULL, NULL, NULL, '/inicio', NULL, '{"ua": "Mozilla/5.0 (iPhone; CPU iPhone OS 26_4_1 like Mac OS X) AppleWebKit/605.1.15 (KHTML, like Gecko) CriOS/147.0.7727.99 Mobile/15E148 Safari/604.1"}', '104.22.10.64', 'Mozilla/5.0 (iPhone; CPU iPhone OS 26_4_1 like Mac OS X) AppleWebKit/605.1.15 (KHTML, like Gecko) CriOS/147.0.7727.99 Mobile/15E148 Safari/604.1', '2026-04-20 14:37:23.031745+00'),
	('3f5d1af0-83ee-4919-8085-9c8b40486a96', '762e19b9-08da-4429-85d6-5d949ec3d995', 'post_signin_session_check', 'password', 'success', 'diegosanchespereira@gmail.com', '633db554-b037-4e40-8c4f-575337dbfded', NULL, NULL, '/inicio', true, '{"ua": "Mozilla/5.0 (iPhone; CPU iPhone OS 26_4_1 like Mac OS X) AppleWebKit/605.1.15 (KHTML, like Gecko) CriOS/147.0.7727.99 Mobile/15E148 Safari/604.1"}', '104.22.10.64', 'Mozilla/5.0 (iPhone; CPU iPhone OS 26_4_1 like Mac OS X) AppleWebKit/605.1.15 (KHTML, like Gecko) CriOS/147.0.7727.99 Mobile/15E148 Safari/604.1', '2026-04-20 14:37:23.49082+00'),
	('b9f8bca7-aae6-4ca9-90f9-25e1168639ad', '762e19b9-08da-4429-85d6-5d949ec3d995', 'password_signin_success', 'password', 'success', 'diegosanchespereira@gmail.com', '633db554-b037-4e40-8c4f-575337dbfded', NULL, NULL, '/inicio', NULL, '{"ua": "Mozilla/5.0 (iPhone; CPU iPhone OS 26_4_1 like Mac OS X) AppleWebKit/605.1.15 (KHTML, like Gecko) CriOS/147.0.7727.99 Mobile/15E148 Safari/604.1"}', '104.22.10.64', 'Mozilla/5.0 (iPhone; CPU iPhone OS 26_4_1 like Mac OS X) AppleWebKit/605.1.15 (KHTML, like Gecko) CriOS/147.0.7727.99 Mobile/15E148 Safari/604.1', '2026-04-20 14:37:23.502454+00'),
	('4252a8c0-20ea-42ca-af82-8432a962ce71', 'b3486e7e-44bf-4c2a-bd3c-5d7ccf01bf72', 'password_signin', 'password', 'attempt', 'nutricionistabrunaribeiro@gmail.com', NULL, NULL, NULL, '/inicio', NULL, '{"ua": "Mozilla/5.0 (iPhone; CPU iPhone OS 26_4_1 like Mac OS X) AppleWebKit/605.1.15 (KHTML, like Gecko) CriOS/147.0.7727.99 Mobile/15E148 Safari/604.1"}', '104.22.10.65', 'Mozilla/5.0 (iPhone; CPU iPhone OS 26_4_1 like Mac OS X) AppleWebKit/605.1.15 (KHTML, like Gecko) CriOS/147.0.7727.99 Mobile/15E148 Safari/604.1', '2026-04-20 15:42:21.673298+00'),
	('103bfca6-d9c7-459e-bbf6-a83ee0a76bc2', 'b3486e7e-44bf-4c2a-bd3c-5d7ccf01bf72', 'password_signin_success', 'password', 'success', 'nutricionistabrunaribeiro@gmail.com', '0ac5a0c3-00ba-4fa6-bacd-fc7f653e101f', NULL, NULL, '/inicio', NULL, '{"ua": "Mozilla/5.0 (iPhone; CPU iPhone OS 26_4_1 like Mac OS X) AppleWebKit/605.1.15 (KHTML, like Gecko) CriOS/147.0.7727.99 Mobile/15E148 Safari/604.1"}', '104.22.10.65', 'Mozilla/5.0 (iPhone; CPU iPhone OS 26_4_1 like Mac OS X) AppleWebKit/605.1.15 (KHTML, like Gecko) CriOS/147.0.7727.99 Mobile/15E148 Safari/604.1', '2026-04-20 15:42:22.347492+00'),
	('911fe34a-960b-4115-aca2-9802d3787e74', 'b3486e7e-44bf-4c2a-bd3c-5d7ccf01bf72', 'post_signin_session_check', 'password', 'success', 'nutricionistabrunaribeiro@gmail.com', '0ac5a0c3-00ba-4fa6-bacd-fc7f653e101f', NULL, NULL, '/inicio', true, '{"ua": "Mozilla/5.0 (iPhone; CPU iPhone OS 26_4_1 like Mac OS X) AppleWebKit/605.1.15 (KHTML, like Gecko) CriOS/147.0.7727.99 Mobile/15E148 Safari/604.1"}', '104.22.10.65', 'Mozilla/5.0 (iPhone; CPU iPhone OS 26_4_1 like Mac OS X) AppleWebKit/605.1.15 (KHTML, like Gecko) CriOS/147.0.7727.99 Mobile/15E148 Safari/604.1', '2026-04-20 15:42:22.354725+00'),
	('e85f2d50-8529-4818-b1dc-928096eb1f15', '1d9f802a-f426-499c-be9e-6188d331655b', 'password_signin', 'password', 'attempt', 'nutricionistabrunaribeiro@gmail.com', NULL, NULL, NULL, '/inicio', NULL, '{"ua": "Mozilla/5.0 (Macintosh; Intel Mac OS X 10_15_7) AppleWebKit/537.36 (KHTML, like Gecko) Chrome/147.0.0.0 Safari/537.36"}', '172.69.138.70', 'Mozilla/5.0 (Macintosh; Intel Mac OS X 10_15_7) AppleWebKit/537.36 (KHTML, like Gecko) Chrome/147.0.0.0 Safari/537.36', '2026-04-20 18:01:25.757036+00'),
	('7d8d88bc-e090-4e49-86ed-129a1633847f', '1d9f802a-f426-499c-be9e-6188d331655b', 'post_signin_session_check', 'password', 'success', 'nutricionistabrunaribeiro@gmail.com', '0ac5a0c3-00ba-4fa6-bacd-fc7f653e101f', NULL, NULL, '/inicio', true, '{"ua": "Mozilla/5.0 (Macintosh; Intel Mac OS X 10_15_7) AppleWebKit/537.36 (KHTML, like Gecko) Chrome/147.0.0.0 Safari/537.36"}', '172.69.138.70', 'Mozilla/5.0 (Macintosh; Intel Mac OS X 10_15_7) AppleWebKit/537.36 (KHTML, like Gecko) Chrome/147.0.0.0 Safari/537.36', '2026-04-20 18:01:26.88507+00'),
	('ff4bfdd4-7c50-49c1-bbeb-eca54e1b6ee5', '1d9f802a-f426-499c-be9e-6188d331655b', 'password_signin_success', 'password', 'success', 'nutricionistabrunaribeiro@gmail.com', '0ac5a0c3-00ba-4fa6-bacd-fc7f653e101f', NULL, NULL, '/inicio', NULL, '{"ua": "Mozilla/5.0 (Macintosh; Intel Mac OS X 10_15_7) AppleWebKit/537.36 (KHTML, like Gecko) Chrome/147.0.0.0 Safari/537.36"}', '172.69.138.70', 'Mozilla/5.0 (Macintosh; Intel Mac OS X 10_15_7) AppleWebKit/537.36 (KHTML, like Gecko) Chrome/147.0.0.0 Safari/537.36', '2026-04-20 18:01:26.918412+00'),
	('c501d942-2154-418c-92ae-e7086b69393f', 'daaae636-eb2b-4971-bb1e-f6c460d69885', 'password_signin', 'password', 'attempt', 'diegosanchespereira@gmail.com', NULL, NULL, NULL, '/clientes', NULL, '{"ua": "Mozilla/5.0 (Macintosh; Intel Mac OS X 10_15_7) AppleWebKit/537.36 (KHTML, like Gecko) Chrome/147.0.0.0 Safari/537.36"}', '172.71.10.254', 'Mozilla/5.0 (Macintosh; Intel Mac OS X 10_15_7) AppleWebKit/537.36 (KHTML, like Gecko) Chrome/147.0.0.0 Safari/537.36', '2026-04-22 14:19:12.69313+00'),
	('f912617c-3aca-4f3f-9234-ec788d07c86d', 'daaae636-eb2b-4971-bb1e-f6c460d69885', 'password_signin_success', 'password', 'success', 'diegosanchespereira@gmail.com', '633db554-b037-4e40-8c4f-575337dbfded', NULL, NULL, '/clientes', NULL, '{"ua": "Mozilla/5.0 (Macintosh; Intel Mac OS X 10_15_7) AppleWebKit/537.36 (KHTML, like Gecko) Chrome/147.0.0.0 Safari/537.36"}', '172.71.10.254', 'Mozilla/5.0 (Macintosh; Intel Mac OS X 10_15_7) AppleWebKit/537.36 (KHTML, like Gecko) Chrome/147.0.0.0 Safari/537.36', '2026-04-22 14:19:13.48441+00'),
	('5e179fd1-343a-460e-9dfb-2e5bb483dda6', 'daaae636-eb2b-4971-bb1e-f6c460d69885', 'post_signin_session_check', 'password', 'success', 'diegosanchespereira@gmail.com', '633db554-b037-4e40-8c4f-575337dbfded', NULL, NULL, '/clientes', true, '{"ua": "Mozilla/5.0 (Macintosh; Intel Mac OS X 10_15_7) AppleWebKit/537.36 (KHTML, like Gecko) Chrome/147.0.0.0 Safari/537.36"}', '172.71.10.254', 'Mozilla/5.0 (Macintosh; Intel Mac OS X 10_15_7) AppleWebKit/537.36 (KHTML, like Gecko) Chrome/147.0.0.0 Safari/537.36', '2026-04-22 14:19:13.486603+00'),
	('90821eec-a265-4ce9-8f70-6df85ec441f4', 'b8af58ac-eab7-41fa-8f85-81c47dc5788c', 'password_signin', 'password', 'attempt', 'diegosanchespereira@gmail.com', NULL, NULL, NULL, '/inicio', NULL, '{"ua": "Mozilla/5.0 (Macintosh; Intel Mac OS X 10_15_7) AppleWebKit/537.36 (KHTML, like Gecko) Chrome/147.0.0.0 Safari/537.36"}', '104.22.10.64', 'Mozilla/5.0 (Macintosh; Intel Mac OS X 10_15_7) AppleWebKit/537.36 (KHTML, like Gecko) Chrome/147.0.0.0 Safari/537.36', '2026-04-22 15:35:47.805476+00'),
	('697f8574-fa1b-4fc4-b644-00152ed5565a', 'b8af58ac-eab7-41fa-8f85-81c47dc5788c', 'password_signin_success', 'password', 'success', 'diegosanchespereira@gmail.com', '633db554-b037-4e40-8c4f-575337dbfded', NULL, NULL, '/inicio', NULL, '{"ua": "Mozilla/5.0 (Macintosh; Intel Mac OS X 10_15_7) AppleWebKit/537.36 (KHTML, like Gecko) Chrome/147.0.0.0 Safari/537.36"}', '104.22.10.64', 'Mozilla/5.0 (Macintosh; Intel Mac OS X 10_15_7) AppleWebKit/537.36 (KHTML, like Gecko) Chrome/147.0.0.0 Safari/537.36', '2026-04-22 15:35:48.656814+00'),
	('70772cad-5464-4c4e-8ea7-a62944e48307', 'b8af58ac-eab7-41fa-8f85-81c47dc5788c', 'post_signin_session_check', 'password', 'success', 'diegosanchespereira@gmail.com', '633db554-b037-4e40-8c4f-575337dbfded', NULL, NULL, '/inicio', true, '{"ua": "Mozilla/5.0 (Macintosh; Intel Mac OS X 10_15_7) AppleWebKit/537.36 (KHTML, like Gecko) Chrome/147.0.0.0 Safari/537.36"}', '104.22.10.64', 'Mozilla/5.0 (Macintosh; Intel Mac OS X 10_15_7) AppleWebKit/537.36 (KHTML, like Gecko) Chrome/147.0.0.0 Safari/537.36', '2026-04-22 15:35:48.677402+00'),
	('6d37976f-bfdf-432f-843d-1dcec4e0905b', 'a48d0881-ceda-4824-9c20-4709e38d74f8', 'password_signin', 'password', 'attempt', 'cris_nutri@terra.com.br', NULL, NULL, NULL, '/inicio', NULL, '{"ua": "Mozilla/5.0 (Linux; Android 10; K) AppleWebKit/537.36 (KHTML, like Gecko) Chrome/147.0.0.0 Mobile Safari/537.36"}', '104.23.254.199', 'Mozilla/5.0 (Linux; Android 10; K) AppleWebKit/537.36 (KHTML, like Gecko) Chrome/147.0.0.0 Mobile Safari/537.36', '2026-04-22 15:52:11.14454+00'),
	('d27734cc-17ed-4cbc-a2db-42401924e56d', 'a48d0881-ceda-4824-9c20-4709e38d74f8', 'password_signin_failed', 'password', 'error', 'cris_nutri@terra.com.br', NULL, 'invalid_credentials', 'Invalid login credentials', '/inicio', NULL, '{"ua": "Mozilla/5.0 (Linux; Android 10; K) AppleWebKit/537.36 (KHTML, like Gecko) Chrome/147.0.0.0 Mobile Safari/537.36"}', '104.23.254.199', 'Mozilla/5.0 (Linux; Android 10; K) AppleWebKit/537.36 (KHTML, like Gecko) Chrome/147.0.0.0 Mobile Safari/537.36', '2026-04-22 15:52:11.91169+00'),
	('bd243ae5-ee4d-4073-b254-e0f172e7dae7', 'a48d0881-ceda-4824-9c20-4709e38d74f8', 'password_signin', 'password', 'attempt', 'cris_nutri@terra.com.br', NULL, NULL, NULL, '/inicio', NULL, '{"ua": "Mozilla/5.0 (Linux; Android 10; K) AppleWebKit/537.36 (KHTML, like Gecko) Chrome/147.0.0.0 Mobile Safari/537.36"}', '104.23.254.199', 'Mozilla/5.0 (Linux; Android 10; K) AppleWebKit/537.36 (KHTML, like Gecko) Chrome/147.0.0.0 Mobile Safari/537.36', '2026-04-22 15:52:20.551372+00'),
	('6996b6a1-63f2-4753-83a0-7ad16564deac', 'a48d0881-ceda-4824-9c20-4709e38d74f8', 'password_signin_failed', 'password', 'error', 'cris_nutri@terra.com.br', NULL, 'invalid_credentials', 'Invalid login credentials', '/inicio', NULL, '{"ua": "Mozilla/5.0 (Linux; Android 10; K) AppleWebKit/537.36 (KHTML, like Gecko) Chrome/147.0.0.0 Mobile Safari/537.36"}', '104.23.254.199', 'Mozilla/5.0 (Linux; Android 10; K) AppleWebKit/537.36 (KHTML, like Gecko) Chrome/147.0.0.0 Mobile Safari/537.36', '2026-04-22 15:52:20.653567+00'),
	('5c5aca7e-9120-4c6c-af25-3f9891956882', 'a48d0881-ceda-4824-9c20-4709e38d74f8', 'password_signin', 'password', 'attempt', 'cris_nutri@terra.com.br', NULL, NULL, NULL, '/inicio', NULL, '{"ua": "Mozilla/5.0 (Linux; Android 10; K) AppleWebKit/537.36 (KHTML, like Gecko) Chrome/147.0.0.0 Mobile Safari/537.36"}', '104.23.254.199', 'Mozilla/5.0 (Linux; Android 10; K) AppleWebKit/537.36 (KHTML, like Gecko) Chrome/147.0.0.0 Mobile Safari/537.36', '2026-04-22 15:52:24.598481+00'),
	('f87c7eda-081e-4773-b99b-398bbc0a7563', 'a48d0881-ceda-4824-9c20-4709e38d74f8', 'password_signin_failed', 'password', 'error', 'cris_nutri@terra.com.br', NULL, 'invalid_credentials', 'Invalid login credentials', '/inicio', NULL, '{"ua": "Mozilla/5.0 (Linux; Android 10; K) AppleWebKit/537.36 (KHTML, like Gecko) Chrome/147.0.0.0 Mobile Safari/537.36"}', '104.23.254.199', 'Mozilla/5.0 (Linux; Android 10; K) AppleWebKit/537.36 (KHTML, like Gecko) Chrome/147.0.0.0 Mobile Safari/537.36', '2026-04-22 15:52:24.832929+00'),
	('aac156cd-892f-4920-b995-295b596b1536', '6a054490-1bd9-4c4d-b9f0-76a7671a20b8', 'password_signin', 'password', 'attempt', 'cris_nutri@terra.com.br', NULL, NULL, NULL, '/inicio', NULL, '{"ua": "Mozilla/5.0 (Linux; Android 10; K) AppleWebKit/537.36 (KHTML, like Gecko) Chrome/147.0.0.0 Mobile Safari/537.36"}', '172.69.138.70', 'Mozilla/5.0 (Linux; Android 10; K) AppleWebKit/537.36 (KHTML, like Gecko) Chrome/147.0.0.0 Mobile Safari/537.36', '2026-04-22 15:52:58.79901+00'),
	('a923050d-2db2-465b-b5c0-a8ce473d55fc', '6a054490-1bd9-4c4d-b9f0-76a7671a20b8', 'password_signin_failed', 'password', 'error', 'cris_nutri@terra.com.br', NULL, 'invalid_credentials', 'Invalid login credentials', '/inicio', NULL, '{"ua": "Mozilla/5.0 (Linux; Android 10; K) AppleWebKit/537.36 (KHTML, like Gecko) Chrome/147.0.0.0 Mobile Safari/537.36"}', '172.69.138.70', 'Mozilla/5.0 (Linux; Android 10; K) AppleWebKit/537.36 (KHTML, like Gecko) Chrome/147.0.0.0 Mobile Safari/537.36', '2026-04-22 15:52:58.839911+00'),
	('3c4ffb79-a41d-481a-984e-27df90b41f22', '6a054490-1bd9-4c4d-b9f0-76a7671a20b8', 'password_signin', 'password', 'attempt', 'cris_nutri@terra.com.br', NULL, NULL, NULL, '/inicio', NULL, '{"ua": "Mozilla/5.0 (Linux; Android 10; K) AppleWebKit/537.36 (KHTML, like Gecko) Chrome/147.0.0.0 Mobile Safari/537.36"}', '172.69.138.70', 'Mozilla/5.0 (Linux; Android 10; K) AppleWebKit/537.36 (KHTML, like Gecko) Chrome/147.0.0.0 Mobile Safari/537.36', '2026-04-22 15:53:07.227507+00'),
	('bae472da-b0ef-4a6b-9d2b-8051224a95dc', '6a054490-1bd9-4c4d-b9f0-76a7671a20b8', 'password_signin_success', 'password', 'success', 'cris_nutri@terra.com.br', '05487a66-8616-4a69-b20f-363fde46bf5b', NULL, NULL, '/inicio', NULL, '{"ua": "Mozilla/5.0 (Linux; Android 10; K) AppleWebKit/537.36 (KHTML, like Gecko) Chrome/147.0.0.0 Mobile Safari/537.36"}', '172.69.138.70', 'Mozilla/5.0 (Linux; Android 10; K) AppleWebKit/537.36 (KHTML, like Gecko) Chrome/147.0.0.0 Mobile Safari/537.36', '2026-04-22 15:53:08.913083+00'),
	('535a6729-2a46-4098-9e61-6536142cbe7e', '6a054490-1bd9-4c4d-b9f0-76a7671a20b8', 'post_signin_session_check', 'password', 'success', 'cris_nutri@terra.com.br', '05487a66-8616-4a69-b20f-363fde46bf5b', NULL, NULL, '/inicio', true, '{"ua": "Mozilla/5.0 (Linux; Android 10; K) AppleWebKit/537.36 (KHTML, like Gecko) Chrome/147.0.0.0 Mobile Safari/537.36"}', '172.69.138.70', 'Mozilla/5.0 (Linux; Android 10; K) AppleWebKit/537.36 (KHTML, like Gecko) Chrome/147.0.0.0 Mobile Safari/537.36', '2026-04-22 15:53:09.10458+00'),
	('d524f38d-c8bf-4f55-91c9-9423c443a13b', '62615909-3f45-41c2-8d41-e91dcfa5bf23', 'password_signin', 'password', 'attempt', 'cris_nutri@terra.com.br', NULL, NULL, NULL, '/inicio', NULL, '{"ua": "Mozilla/5.0 (Macintosh; Intel Mac OS X 10_15_7) AppleWebKit/537.36 (KHTML, like Gecko) Chrome/147.0.0.0 Safari/537.36"}', '172.69.11.75', 'Mozilla/5.0 (Macintosh; Intel Mac OS X 10_15_7) AppleWebKit/537.36 (KHTML, like Gecko) Chrome/147.0.0.0 Safari/537.36', '2026-04-23 12:32:48.427765+00'),
	('10d3db5f-e2b1-463f-ae48-219c60ee9dbb', '62615909-3f45-41c2-8d41-e91dcfa5bf23', 'password_signin_success', 'password', 'success', 'cris_nutri@terra.com.br', '05487a66-8616-4a69-b20f-363fde46bf5b', NULL, NULL, '/inicio', NULL, '{"ua": "Mozilla/5.0 (Macintosh; Intel Mac OS X 10_15_7) AppleWebKit/537.36 (KHTML, like Gecko) Chrome/147.0.0.0 Safari/537.36"}', '172.69.11.75', 'Mozilla/5.0 (Macintosh; Intel Mac OS X 10_15_7) AppleWebKit/537.36 (KHTML, like Gecko) Chrome/147.0.0.0 Safari/537.36', '2026-04-23 12:32:49.050773+00'),
	('74c268e7-bd2c-483d-b90b-11265edae839', '62615909-3f45-41c2-8d41-e91dcfa5bf23', 'post_signin_session_check', 'password', 'success', 'cris_nutri@terra.com.br', '05487a66-8616-4a69-b20f-363fde46bf5b', NULL, NULL, '/inicio', true, '{"ua": "Mozilla/5.0 (Macintosh; Intel Mac OS X 10_15_7) AppleWebKit/537.36 (KHTML, like Gecko) Chrome/147.0.0.0 Safari/537.36"}', '172.69.11.75', 'Mozilla/5.0 (Macintosh; Intel Mac OS X 10_15_7) AppleWebKit/537.36 (KHTML, like Gecko) Chrome/147.0.0.0 Safari/537.36', '2026-04-23 12:32:49.082546+00'),
	('139cf9b9-1425-4ca0-8981-77183c9702c9', '8f00208b-21dc-4d47-9ae8-3c8db0659390', 'password_signin', 'password', 'attempt', 'cris_nutri@terra.com.br', NULL, NULL, NULL, '/inicio', NULL, '{"ua": "Mozilla/5.0 (iPhone; CPU iPhone OS 26_4_1 like Mac OS X) AppleWebKit/605.1.15 (KHTML, like Gecko) CriOS/147.0.7727.99 Mobile/15E148 Safari/604.1"}', '172.69.11.75', 'Mozilla/5.0 (iPhone; CPU iPhone OS 26_4_1 like Mac OS X) AppleWebKit/605.1.15 (KHTML, like Gecko) CriOS/147.0.7727.99 Mobile/15E148 Safari/604.1', '2026-04-23 12:39:33.292356+00'),
	('220ec3e5-6ee0-43ca-bea5-057902318b7a', '8f00208b-21dc-4d47-9ae8-3c8db0659390', 'password_signin_success', 'password', 'success', 'cris_nutri@terra.com.br', '05487a66-8616-4a69-b20f-363fde46bf5b', NULL, NULL, '/inicio', NULL, '{"ua": "Mozilla/5.0 (iPhone; CPU iPhone OS 26_4_1 like Mac OS X) AppleWebKit/605.1.15 (KHTML, like Gecko) CriOS/147.0.7727.99 Mobile/15E148 Safari/604.1"}', '172.69.11.75', 'Mozilla/5.0 (iPhone; CPU iPhone OS 26_4_1 like Mac OS X) AppleWebKit/605.1.15 (KHTML, like Gecko) CriOS/147.0.7727.99 Mobile/15E148 Safari/604.1', '2026-04-23 12:39:33.935588+00'),
	('b320024b-e085-49b4-a6a6-a8b3298901bb', '8f00208b-21dc-4d47-9ae8-3c8db0659390', 'post_signin_session_check', 'password', 'success', 'cris_nutri@terra.com.br', '05487a66-8616-4a69-b20f-363fde46bf5b', NULL, NULL, '/inicio', true, '{"ua": "Mozilla/5.0 (iPhone; CPU iPhone OS 26_4_1 like Mac OS X) AppleWebKit/605.1.15 (KHTML, like Gecko) CriOS/147.0.7727.99 Mobile/15E148 Safari/604.1"}', '172.69.11.75', 'Mozilla/5.0 (iPhone; CPU iPhone OS 26_4_1 like Mac OS X) AppleWebKit/605.1.15 (KHTML, like Gecko) CriOS/147.0.7727.99 Mobile/15E148 Safari/604.1', '2026-04-23 12:39:33.945633+00'),
	('71f45d34-4c89-4102-81f6-96398a542366', '09074337-da05-4990-9d3a-05d0d851cd90', 'password_signin', 'password', 'attempt', 'cris_nutri@terra.com.br', NULL, NULL, NULL, '/inicio', NULL, '{"ua": "Mozilla/5.0 (iPhone; CPU iPhone OS 26_4_1 like Mac OS X) AppleWebKit/605.1.15 (KHTML, like Gecko) CriOS/147.0.7727.99 Mobile/15E148 Safari/604.1"}', '172.69.11.75', 'Mozilla/5.0 (iPhone; CPU iPhone OS 26_4_1 like Mac OS X) AppleWebKit/605.1.15 (KHTML, like Gecko) CriOS/147.0.7727.99 Mobile/15E148 Safari/604.1', '2026-04-23 12:42:44.783181+00'),
	('1e445e5f-b230-47dc-88af-22b2f474cd7e', '09074337-da05-4990-9d3a-05d0d851cd90', 'password_signin_success', 'password', 'success', 'cris_nutri@terra.com.br', '05487a66-8616-4a69-b20f-363fde46bf5b', NULL, NULL, '/inicio', NULL, '{"ua": "Mozilla/5.0 (iPhone; CPU iPhone OS 26_4_1 like Mac OS X) AppleWebKit/605.1.15 (KHTML, like Gecko) CriOS/147.0.7727.99 Mobile/15E148 Safari/604.1"}', '172.69.11.75', 'Mozilla/5.0 (iPhone; CPU iPhone OS 26_4_1 like Mac OS X) AppleWebKit/605.1.15 (KHTML, like Gecko) CriOS/147.0.7727.99 Mobile/15E148 Safari/604.1', '2026-04-23 12:42:45.291014+00'),
	('5770acc5-367d-46d5-a67d-9cef95853931', '09074337-da05-4990-9d3a-05d0d851cd90', 'post_signin_session_check', 'password', 'success', 'cris_nutri@terra.com.br', '05487a66-8616-4a69-b20f-363fde46bf5b', NULL, NULL, '/inicio', true, '{"ua": "Mozilla/5.0 (iPhone; CPU iPhone OS 26_4_1 like Mac OS X) AppleWebKit/605.1.15 (KHTML, like Gecko) CriOS/147.0.7727.99 Mobile/15E148 Safari/604.1"}', '172.69.11.75', 'Mozilla/5.0 (iPhone; CPU iPhone OS 26_4_1 like Mac OS X) AppleWebKit/605.1.15 (KHTML, like Gecko) CriOS/147.0.7727.99 Mobile/15E148 Safari/604.1', '2026-04-23 12:42:45.321184+00'),
	('5af2d5b9-78d2-4c48-8e32-d6871c17b2dd', '2966e216-9710-45ff-b502-82778346da67', 'password_signin', 'password', 'attempt', 'diegosanchespereira@gmail.com', NULL, NULL, NULL, '/inicio', NULL, '{"ua": "Mozilla/5.0 (iPhone; CPU iPhone OS 18_6 like Mac OS X) AppleWebKit/605.1.15 (KHTML, like Gecko) Version/18.6 Mobile/15E148 Safari/604.1"}', '104.23.254.198', 'Mozilla/5.0 (iPhone; CPU iPhone OS 18_6 like Mac OS X) AppleWebKit/605.1.15 (KHTML, like Gecko) Version/18.6 Mobile/15E148 Safari/604.1', '2026-04-23 16:38:30.89776+00'),
	('0a8c8f24-b561-43be-b078-5191f0a7b77b', '2966e216-9710-45ff-b502-82778346da67', 'post_signin_session_check', 'password', 'success', 'diegosanchespereira@gmail.com', '633db554-b037-4e40-8c4f-575337dbfded', NULL, NULL, '/inicio', true, '{"ua": "Mozilla/5.0 (iPhone; CPU iPhone OS 18_6 like Mac OS X) AppleWebKit/605.1.15 (KHTML, like Gecko) Version/18.6 Mobile/15E148 Safari/604.1"}', '104.23.254.198', 'Mozilla/5.0 (iPhone; CPU iPhone OS 18_6 like Mac OS X) AppleWebKit/605.1.15 (KHTML, like Gecko) Version/18.6 Mobile/15E148 Safari/604.1', '2026-04-23 16:38:31.054413+00'),
	('81a12a8a-bcf7-43e3-a95e-622efe61e3ea', '2966e216-9710-45ff-b502-82778346da67', 'password_signin_success', 'password', 'success', 'diegosanchespereira@gmail.com', '633db554-b037-4e40-8c4f-575337dbfded', NULL, NULL, '/inicio', NULL, '{"ua": "Mozilla/5.0 (iPhone; CPU iPhone OS 18_6 like Mac OS X) AppleWebKit/605.1.15 (KHTML, like Gecko) Version/18.6 Mobile/15E148 Safari/604.1"}', '104.23.254.198', 'Mozilla/5.0 (iPhone; CPU iPhone OS 18_6 like Mac OS X) AppleWebKit/605.1.15 (KHTML, like Gecko) Version/18.6 Mobile/15E148 Safari/604.1', '2026-04-23 16:38:31.090981+00'),
	('55b8dc95-dac8-49fe-a55c-f5afad277b8d', 'f9a3521a-504d-4f80-b864-af560a541be0', 'password_signin', 'password', 'attempt', 'diegosanchespereira@gmail.com', NULL, NULL, NULL, '/inicio', NULL, '{"ua": "Mozilla/5.0 (iPhone; CPU iPhone OS 26_4_1 like Mac OS X) AppleWebKit/605.1.15 (KHTML, like Gecko) CriOS/147.0.7727.99 Mobile/15E148 Safari/604.1"}', '172.69.11.74', 'Mozilla/5.0 (iPhone; CPU iPhone OS 26_4_1 like Mac OS X) AppleWebKit/605.1.15 (KHTML, like Gecko) CriOS/147.0.7727.99 Mobile/15E148 Safari/604.1', '2026-04-23 17:29:20.567502+00'),
	('8c79383c-857b-41e7-bee6-59e32f19131e', 'f9a3521a-504d-4f80-b864-af560a541be0', 'password_signin_success', 'password', 'success', 'diegosanchespereira@gmail.com', '633db554-b037-4e40-8c4f-575337dbfded', NULL, NULL, '/inicio', NULL, '{"ua": "Mozilla/5.0 (iPhone; CPU iPhone OS 26_4_1 like Mac OS X) AppleWebKit/605.1.15 (KHTML, like Gecko) CriOS/147.0.7727.99 Mobile/15E148 Safari/604.1"}', '172.69.11.74', 'Mozilla/5.0 (iPhone; CPU iPhone OS 26_4_1 like Mac OS X) AppleWebKit/605.1.15 (KHTML, like Gecko) CriOS/147.0.7727.99 Mobile/15E148 Safari/604.1', '2026-04-23 17:29:20.753463+00'),
	('1d77a8ed-6edc-4b36-bee2-69f85a2092da', 'f9a3521a-504d-4f80-b864-af560a541be0', 'post_signin_session_check', 'password', 'success', 'diegosanchespereira@gmail.com', '633db554-b037-4e40-8c4f-575337dbfded', NULL, NULL, '/inicio', true, '{"ua": "Mozilla/5.0 (iPhone; CPU iPhone OS 26_4_1 like Mac OS X) AppleWebKit/605.1.15 (KHTML, like Gecko) CriOS/147.0.7727.99 Mobile/15E148 Safari/604.1"}', '172.69.11.74', 'Mozilla/5.0 (iPhone; CPU iPhone OS 26_4_1 like Mac OS X) AppleWebKit/605.1.15 (KHTML, like Gecko) CriOS/147.0.7727.99 Mobile/15E148 Safari/604.1', '2026-04-23 17:29:20.759206+00'),
	('4abb5aa7-1602-4b40-8436-b0fc0da28fcc', 'dddc8d0f-fe9e-4f60-9d79-7d850ff0e6f2', 'password_signin', 'password', 'attempt', 'diegosanchespereira@gmail.com', NULL, NULL, NULL, '/inicio', NULL, '{"ua": "Mozilla/5.0 (iPhone; CPU iPhone OS 18_7 like Mac OS X) AppleWebKit/605.1.15 (KHTML, like Gecko) Version/26.4 Mobile/15E148 Safari/604.1"}', '172.71.11.2', 'Mozilla/5.0 (iPhone; CPU iPhone OS 18_7 like Mac OS X) AppleWebKit/605.1.15 (KHTML, like Gecko) Version/26.4 Mobile/15E148 Safari/604.1', '2026-04-23 17:30:59.744311+00'),
	('3b4032c9-5436-49f9-b1af-1c0296e609dc', 'dddc8d0f-fe9e-4f60-9d79-7d850ff0e6f2', 'post_signin_session_check', 'password', 'success', 'diegosanchespereira@gmail.com', '633db554-b037-4e40-8c4f-575337dbfded', NULL, NULL, '/inicio', true, '{"ua": "Mozilla/5.0 (iPhone; CPU iPhone OS 18_7 like Mac OS X) AppleWebKit/605.1.15 (KHTML, like Gecko) Version/26.4 Mobile/15E148 Safari/604.1"}', '172.71.11.2', 'Mozilla/5.0 (iPhone; CPU iPhone OS 18_7 like Mac OS X) AppleWebKit/605.1.15 (KHTML, like Gecko) Version/26.4 Mobile/15E148 Safari/604.1', '2026-04-23 17:31:00.334231+00'),
	('4512dcb2-ed92-45eb-93e3-da2e9e7ff296', 'dddc8d0f-fe9e-4f60-9d79-7d850ff0e6f2', 'password_signin_success', 'password', 'success', 'diegosanchespereira@gmail.com', '633db554-b037-4e40-8c4f-575337dbfded', NULL, NULL, '/inicio', NULL, '{"ua": "Mozilla/5.0 (iPhone; CPU iPhone OS 18_7 like Mac OS X) AppleWebKit/605.1.15 (KHTML, like Gecko) Version/26.4 Mobile/15E148 Safari/604.1"}', '172.71.11.2', 'Mozilla/5.0 (iPhone; CPU iPhone OS 18_7 like Mac OS X) AppleWebKit/605.1.15 (KHTML, like Gecko) Version/26.4 Mobile/15E148 Safari/604.1', '2026-04-23 17:31:00.341904+00'),
	('f0af7d9a-75f8-4c61-8b8b-c9e126d56054', '55d20547-cbb3-4524-bea2-691716bcc2d7', 'password_signin', 'password', 'attempt', 'nutricionistabrunaribeiro@gmail.com', NULL, NULL, NULL, '/inicio', NULL, '{"ua": "Mozilla/5.0 (iPhone; CPU iPhone OS 26_3_1 like Mac OS X) AppleWebKit/605.1.15 (KHTML, like Gecko) CriOS/147.0.7727.99 Mobile/15E148 Safari/604.1"}', '172.69.138.71', 'Mozilla/5.0 (iPhone; CPU iPhone OS 26_3_1 like Mac OS X) AppleWebKit/605.1.15 (KHTML, like Gecko) CriOS/147.0.7727.99 Mobile/15E148 Safari/604.1', '2026-04-23 17:51:25.126914+00'),
	('06b85021-ad5b-41a7-a329-70dcec8982f9', '55d20547-cbb3-4524-bea2-691716bcc2d7', 'password_signin_success', 'password', 'success', 'nutricionistabrunaribeiro@gmail.com', '0ac5a0c3-00ba-4fa6-bacd-fc7f653e101f', NULL, NULL, '/inicio', NULL, '{"ua": "Mozilla/5.0 (iPhone; CPU iPhone OS 26_3_1 like Mac OS X) AppleWebKit/605.1.15 (KHTML, like Gecko) CriOS/147.0.7727.99 Mobile/15E148 Safari/604.1"}', '172.69.138.71', 'Mozilla/5.0 (iPhone; CPU iPhone OS 26_3_1 like Mac OS X) AppleWebKit/605.1.15 (KHTML, like Gecko) CriOS/147.0.7727.99 Mobile/15E148 Safari/604.1', '2026-04-23 17:51:25.641547+00'),
	('99a9d732-ca9e-499e-b3cb-17e1d0c56a85', '55d20547-cbb3-4524-bea2-691716bcc2d7', 'post_signin_session_check', 'password', 'success', 'nutricionistabrunaribeiro@gmail.com', '0ac5a0c3-00ba-4fa6-bacd-fc7f653e101f', NULL, NULL, '/inicio', true, '{"ua": "Mozilla/5.0 (iPhone; CPU iPhone OS 26_3_1 like Mac OS X) AppleWebKit/605.1.15 (KHTML, like Gecko) CriOS/147.0.7727.99 Mobile/15E148 Safari/604.1"}', '172.69.138.71', 'Mozilla/5.0 (iPhone; CPU iPhone OS 26_3_1 like Mac OS X) AppleWebKit/605.1.15 (KHTML, like Gecko) CriOS/147.0.7727.99 Mobile/15E148 Safari/604.1', '2026-04-23 17:51:25.652196+00'),
	('f5f87de4-9479-43d7-8c87-aaa5bc68e416', 'ffeacc1f-79c7-49e0-bcb3-0451e7d193cf', 'password_signin', 'password', 'attempt', 'nutricionistabrunaribeiro@gmail.com', NULL, NULL, NULL, '/inicio', NULL, '{"ua": "Mozilla/5.0 (Windows NT 10.0; Win64; x64) AppleWebKit/537.36 (KHTML, like Gecko) Chrome/147.0.0.0 Safari/537.36"}', '104.23.254.199', 'Mozilla/5.0 (Windows NT 10.0; Win64; x64) AppleWebKit/537.36 (KHTML, like Gecko) Chrome/147.0.0.0 Safari/537.36', '2026-04-23 17:54:55.235732+00'),
	('520894d9-1cd5-42be-a2d1-438b4c1f7967', 'ffeacc1f-79c7-49e0-bcb3-0451e7d193cf', 'password_signin_success', 'password', 'success', 'nutricionistabrunaribeiro@gmail.com', '0ac5a0c3-00ba-4fa6-bacd-fc7f653e101f', NULL, NULL, '/inicio', NULL, '{"ua": "Mozilla/5.0 (Windows NT 10.0; Win64; x64) AppleWebKit/537.36 (KHTML, like Gecko) Chrome/147.0.0.0 Safari/537.36"}', '104.23.254.199', 'Mozilla/5.0 (Windows NT 10.0; Win64; x64) AppleWebKit/537.36 (KHTML, like Gecko) Chrome/147.0.0.0 Safari/537.36', '2026-04-23 17:54:56.389051+00'),
	('f6411fce-d7bf-4359-b11c-dbb08a9ff5e1', 'ffeacc1f-79c7-49e0-bcb3-0451e7d193cf', 'post_signin_session_check', 'password', 'success', 'nutricionistabrunaribeiro@gmail.com', '0ac5a0c3-00ba-4fa6-bacd-fc7f653e101f', NULL, NULL, '/inicio', true, '{"ua": "Mozilla/5.0 (Windows NT 10.0; Win64; x64) AppleWebKit/537.36 (KHTML, like Gecko) Chrome/147.0.0.0 Safari/537.36"}', '104.23.254.199', 'Mozilla/5.0 (Windows NT 10.0; Win64; x64) AppleWebKit/537.36 (KHTML, like Gecko) Chrome/147.0.0.0 Safari/537.36', '2026-04-23 17:54:56.394416+00'),
	('6e075fac-e2b8-4bb1-8115-f61036546cb6', '541b95b1-f521-4174-823b-a8f9269ef472', 'password_signin', 'password', 'attempt', 'diegosanchespereira@gmail.com', NULL, NULL, NULL, '/clientes/79dbff6f-042d-4757-9650-701e86063ec6/checklists', NULL, '{"ua": "Mozilla/5.0 (Macintosh; Intel Mac OS X 10_15_7) AppleWebKit/537.36 (KHTML, like Gecko) Chrome/147.0.0.0 Safari/537.36"}', '172.69.138.71', 'Mozilla/5.0 (Macintosh; Intel Mac OS X 10_15_7) AppleWebKit/537.36 (KHTML, like Gecko) Chrome/147.0.0.0 Safari/537.36', '2026-04-23 21:48:45.831642+00'),
	('ed3819bd-98cc-427c-9917-5b842081a3c2', '541b95b1-f521-4174-823b-a8f9269ef472', 'post_signin_session_check', 'password', 'success', 'diegosanchespereira@gmail.com', '633db554-b037-4e40-8c4f-575337dbfded', NULL, NULL, '/clientes/79dbff6f-042d-4757-9650-701e86063ec6/checklists', true, '{"ua": "Mozilla/5.0 (Macintosh; Intel Mac OS X 10_15_7) AppleWebKit/537.36 (KHTML, like Gecko) Chrome/147.0.0.0 Safari/537.36"}', '172.69.138.71', 'Mozilla/5.0 (Macintosh; Intel Mac OS X 10_15_7) AppleWebKit/537.36 (KHTML, like Gecko) Chrome/147.0.0.0 Safari/537.36', '2026-04-23 21:48:46.59514+00'),
	('51ca334d-9592-4208-82d9-ee0110957132', '541b95b1-f521-4174-823b-a8f9269ef472', 'password_signin_success', 'password', 'success', 'diegosanchespereira@gmail.com', '633db554-b037-4e40-8c4f-575337dbfded', NULL, NULL, '/clientes/79dbff6f-042d-4757-9650-701e86063ec6/checklists', NULL, '{"ua": "Mozilla/5.0 (Macintosh; Intel Mac OS X 10_15_7) AppleWebKit/537.36 (KHTML, like Gecko) Chrome/147.0.0.0 Safari/537.36"}', '172.69.138.71', 'Mozilla/5.0 (Macintosh; Intel Mac OS X 10_15_7) AppleWebKit/537.36 (KHTML, like Gecko) Chrome/147.0.0.0 Safari/537.36', '2026-04-23 21:48:46.615035+00'),
	('d272b979-fda2-45fd-82aa-e7d8b8f45b70', 'd2bfb9e9-216a-4753-b204-a98b8689e782', 'password_signin', 'password', 'attempt', 'cris_nutri@terra.com.br', NULL, NULL, NULL, '/inicio', NULL, '{"ua": "Mozilla/5.0 (Macintosh; Intel Mac OS X 10_15_7) AppleWebKit/537.36 (KHTML, like Gecko) Chrome/147.0.0.0 Safari/537.36"}', '172.69.39.16', 'Mozilla/5.0 (Macintosh; Intel Mac OS X 10_15_7) AppleWebKit/537.36 (KHTML, like Gecko) Chrome/147.0.0.0 Safari/537.36', '2026-04-23 21:49:15.959796+00'),
	('7d35461a-72e3-4ca8-aeb9-fc66271fa9c1', 'd2bfb9e9-216a-4753-b204-a98b8689e782', 'post_signin_session_check', 'password', 'success', 'cris_nutri@terra.com.br', '05487a66-8616-4a69-b20f-363fde46bf5b', NULL, NULL, '/inicio', true, '{"ua": "Mozilla/5.0 (Macintosh; Intel Mac OS X 10_15_7) AppleWebKit/537.36 (KHTML, like Gecko) Chrome/147.0.0.0 Safari/537.36"}', '172.69.39.16', 'Mozilla/5.0 (Macintosh; Intel Mac OS X 10_15_7) AppleWebKit/537.36 (KHTML, like Gecko) Chrome/147.0.0.0 Safari/537.36', '2026-04-23 21:49:16.511188+00'),
	('07b716a4-54cc-488a-a503-f76661fea8cf', 'd2bfb9e9-216a-4753-b204-a98b8689e782', 'password_signin_success', 'password', 'success', 'cris_nutri@terra.com.br', '05487a66-8616-4a69-b20f-363fde46bf5b', NULL, NULL, '/inicio', NULL, '{"ua": "Mozilla/5.0 (Macintosh; Intel Mac OS X 10_15_7) AppleWebKit/537.36 (KHTML, like Gecko) Chrome/147.0.0.0 Safari/537.36"}', '172.69.39.16', 'Mozilla/5.0 (Macintosh; Intel Mac OS X 10_15_7) AppleWebKit/537.36 (KHTML, like Gecko) Chrome/147.0.0.0 Safari/537.36', '2026-04-23 21:49:16.511166+00'),
	('fdf4d3a9-a34f-4b7c-bf86-bdba898d83c6', 'bbc66699-0af9-4c76-9f01-5871e53f7ca9', 'password_signin', 'password', 'attempt', 'cris_nutri@terra.com.br', NULL, NULL, NULL, '/clientes/79dbff6f-042d-4757-9650-701e86063ec6/checklists', NULL, '{"ua": "Mozilla/5.0 (iPhone; CPU iPhone OS 26_4_1 like Mac OS X) AppleWebKit/605.1.15 (KHTML, like Gecko) CriOS/147.0.7727.99 Mobile/15E148 Safari/604.1"}', '172.69.138.70', 'Mozilla/5.0 (iPhone; CPU iPhone OS 26_4_1 like Mac OS X) AppleWebKit/605.1.15 (KHTML, like Gecko) CriOS/147.0.7727.99 Mobile/15E148 Safari/604.1', '2026-04-23 22:00:55.62713+00'),
	('b7662cd8-8482-47b0-9bd4-c22fa88f549f', 'bbc66699-0af9-4c76-9f01-5871e53f7ca9', 'post_signin_session_check', 'password', 'success', 'cris_nutri@terra.com.br', '05487a66-8616-4a69-b20f-363fde46bf5b', NULL, NULL, '/clientes/79dbff6f-042d-4757-9650-701e86063ec6/checklists', true, '{"ua": "Mozilla/5.0 (iPhone; CPU iPhone OS 26_4_1 like Mac OS X) AppleWebKit/605.1.15 (KHTML, like Gecko) CriOS/147.0.7727.99 Mobile/15E148 Safari/604.1"}', '172.69.138.70', 'Mozilla/5.0 (iPhone; CPU iPhone OS 26_4_1 like Mac OS X) AppleWebKit/605.1.15 (KHTML, like Gecko) CriOS/147.0.7727.99 Mobile/15E148 Safari/604.1', '2026-04-23 22:00:56.104468+00'),
	('e7657d00-8bd9-4a5a-97f3-8a50b9191d8c', 'bbc66699-0af9-4c76-9f01-5871e53f7ca9', 'password_signin_success', 'password', 'success', 'cris_nutri@terra.com.br', '05487a66-8616-4a69-b20f-363fde46bf5b', NULL, NULL, '/clientes/79dbff6f-042d-4757-9650-701e86063ec6/checklists', NULL, '{"ua": "Mozilla/5.0 (iPhone; CPU iPhone OS 26_4_1 like Mac OS X) AppleWebKit/605.1.15 (KHTML, like Gecko) CriOS/147.0.7727.99 Mobile/15E148 Safari/604.1"}', '172.69.138.70', 'Mozilla/5.0 (iPhone; CPU iPhone OS 26_4_1 like Mac OS X) AppleWebKit/605.1.15 (KHTML, like Gecko) CriOS/147.0.7727.99 Mobile/15E148 Safari/604.1', '2026-04-23 22:00:56.125443+00'),
	('c07f5cd4-ea34-462a-af8d-64e860055dbe', '0affd523-abc4-4cf8-9d7f-e712b3923b72', 'password_signin', 'password', 'attempt', 'diegosanchespereira@gmail.com', NULL, NULL, NULL, '/clientes/c62a0a25-0bed-4438-a86a-4089194860c3/editar', NULL, '{"ua": "Mozilla/5.0 (Macintosh; Intel Mac OS X 10_15_7) AppleWebKit/537.36 (KHTML, like Gecko) Chrome/147.0.0.0 Safari/537.36"}', '172.68.19.217', 'Mozilla/5.0 (Macintosh; Intel Mac OS X 10_15_7) AppleWebKit/537.36 (KHTML, like Gecko) Chrome/147.0.0.0 Safari/537.36', '2026-04-24 12:59:22.200975+00'),
	('5b8100e2-c745-4336-8ecc-92319421a5f6', '0affd523-abc4-4cf8-9d7f-e712b3923b72', 'password_signin_success', 'password', 'success', 'diegosanchespereira@gmail.com', '633db554-b037-4e40-8c4f-575337dbfded', NULL, NULL, '/clientes/c62a0a25-0bed-4438-a86a-4089194860c3/editar', NULL, '{"ua": "Mozilla/5.0 (Macintosh; Intel Mac OS X 10_15_7) AppleWebKit/537.36 (KHTML, like Gecko) Chrome/147.0.0.0 Safari/537.36"}', '172.68.19.217', 'Mozilla/5.0 (Macintosh; Intel Mac OS X 10_15_7) AppleWebKit/537.36 (KHTML, like Gecko) Chrome/147.0.0.0 Safari/537.36', '2026-04-24 12:59:22.706637+00'),
	('6c8e4acb-a28e-4fe1-ba50-1487b2614a36', '0affd523-abc4-4cf8-9d7f-e712b3923b72', 'post_signin_session_check', 'password', 'success', 'diegosanchespereira@gmail.com', '633db554-b037-4e40-8c4f-575337dbfded', NULL, NULL, '/clientes/c62a0a25-0bed-4438-a86a-4089194860c3/editar', true, '{"ua": "Mozilla/5.0 (Macintosh; Intel Mac OS X 10_15_7) AppleWebKit/537.36 (KHTML, like Gecko) Chrome/147.0.0.0 Safari/537.36"}', '172.68.19.217', 'Mozilla/5.0 (Macintosh; Intel Mac OS X 10_15_7) AppleWebKit/537.36 (KHTML, like Gecko) Chrome/147.0.0.0 Safari/537.36', '2026-04-24 12:59:22.741115+00'),
	('80fa009a-63aa-495c-8e92-ad50e822e89c', '11ab8568-f12c-4c28-b949-1ecfd638fc99', 'password_signin', 'password', 'attempt', 'cris_nutri@terra.com.br', NULL, NULL, NULL, '/inicio', NULL, '{"ua": "Mozilla/5.0 (Macintosh; Intel Mac OS X 10_15_7) AppleWebKit/537.36 (KHTML, like Gecko) Chrome/147.0.0.0 Safari/537.36"}', '172.71.238.124', 'Mozilla/5.0 (Macintosh; Intel Mac OS X 10_15_7) AppleWebKit/537.36 (KHTML, like Gecko) Chrome/147.0.0.0 Safari/537.36', '2026-04-24 13:04:22.955711+00'),
	('4407761a-51c9-441e-bf51-d99cc82ee86a', '11ab8568-f12c-4c28-b949-1ecfd638fc99', 'password_signin_success', 'password', 'success', 'cris_nutri@terra.com.br', '05487a66-8616-4a69-b20f-363fde46bf5b', NULL, NULL, '/inicio', NULL, '{"ua": "Mozilla/5.0 (Macintosh; Intel Mac OS X 10_15_7) AppleWebKit/537.36 (KHTML, like Gecko) Chrome/147.0.0.0 Safari/537.36"}', '172.71.238.124', 'Mozilla/5.0 (Macintosh; Intel Mac OS X 10_15_7) AppleWebKit/537.36 (KHTML, like Gecko) Chrome/147.0.0.0 Safari/537.36', '2026-04-24 13:04:23.196468+00'),
	('02c8621d-e97a-468c-a81e-fbce775f9e87', '11ab8568-f12c-4c28-b949-1ecfd638fc99', 'post_signin_session_check', 'password', 'success', 'cris_nutri@terra.com.br', '05487a66-8616-4a69-b20f-363fde46bf5b', NULL, NULL, '/inicio', true, '{"ua": "Mozilla/5.0 (Macintosh; Intel Mac OS X 10_15_7) AppleWebKit/537.36 (KHTML, like Gecko) Chrome/147.0.0.0 Safari/537.36"}', '172.71.238.124', 'Mozilla/5.0 (Macintosh; Intel Mac OS X 10_15_7) AppleWebKit/537.36 (KHTML, like Gecko) Chrome/147.0.0.0 Safari/537.36', '2026-04-24 13:04:23.195793+00'),
	('b0b8381e-946c-49bf-8706-378d8c36c741', '3a5a2e94-b1ae-411f-853c-7b18940e2b89', 'password_signin', 'password', 'attempt', 'carinacr.xavier@gmail.com', NULL, NULL, NULL, '/inicio', NULL, '{"ua": "Mozilla/5.0 (Windows NT 10.0; Win64; x64) AppleWebKit/537.36 (KHTML, like Gecko) Chrome/147.0.0.0 Safari/537.36 Edg/147.0.0.0"}', '104.23.254.199', 'Mozilla/5.0 (Windows NT 10.0; Win64; x64) AppleWebKit/537.36 (KHTML, like Gecko) Chrome/147.0.0.0 Safari/537.36 Edg/147.0.0.0', '2026-04-28 15:40:34.741922+00'),
	('a6d17f5b-2f4f-4c61-b9c5-1df9f7ac9c4d', '3a5a2e94-b1ae-411f-853c-7b18940e2b89', 'post_signin_session_check', 'password', 'success', 'carinacr.xavier@gmail.com', '904a0dd8-09de-44c0-b4c9-053ef0fabb37', NULL, NULL, '/inicio', true, '{"ua": "Mozilla/5.0 (Windows NT 10.0; Win64; x64) AppleWebKit/537.36 (KHTML, like Gecko) Chrome/147.0.0.0 Safari/537.36 Edg/147.0.0.0"}', '104.23.254.199', 'Mozilla/5.0 (Windows NT 10.0; Win64; x64) AppleWebKit/537.36 (KHTML, like Gecko) Chrome/147.0.0.0 Safari/537.36 Edg/147.0.0.0', '2026-04-28 15:40:35.762097+00'),
	('7ee1b1fb-463b-424c-8440-e5a7c8796fe9', '3a5a2e94-b1ae-411f-853c-7b18940e2b89', 'password_signin_success', 'password', 'success', 'carinacr.xavier@gmail.com', '904a0dd8-09de-44c0-b4c9-053ef0fabb37', NULL, NULL, '/inicio', NULL, '{"ua": "Mozilla/5.0 (Windows NT 10.0; Win64; x64) AppleWebKit/537.36 (KHTML, like Gecko) Chrome/147.0.0.0 Safari/537.36 Edg/147.0.0.0"}', '104.23.254.199', 'Mozilla/5.0 (Windows NT 10.0; Win64; x64) AppleWebKit/537.36 (KHTML, like Gecko) Chrome/147.0.0.0 Safari/537.36 Edg/147.0.0.0', '2026-04-28 15:40:35.801227+00'),
	('51484a46-2996-4f4e-82b8-796db1e3062f', 'e9e22b24-ada6-44dc-bcb6-75b81a6127a9', 'password_signin', 'password', 'attempt', 'carinacr.xavier@gmail.com', NULL, NULL, NULL, '/inicio', NULL, '{"ua": "Mozilla/5.0 (iPhone; CPU iPhone OS 18_7 like Mac OS X) AppleWebKit/605.1.15 (KHTML, like Gecko) Version/26.4 Mobile/15E148 Safari/604.1"}', '104.23.254.121', 'Mozilla/5.0 (iPhone; CPU iPhone OS 18_7 like Mac OS X) AppleWebKit/605.1.15 (KHTML, like Gecko) Version/26.4 Mobile/15E148 Safari/604.1', '2026-04-29 10:26:35.955333+00'),
	('ebc13572-5730-4ac0-be21-c8ee47c90ae3', 'e9e22b24-ada6-44dc-bcb6-75b81a6127a9', 'password_signin_success', 'password', 'success', 'carinacr.xavier@gmail.com', '904a0dd8-09de-44c0-b4c9-053ef0fabb37', NULL, NULL, '/inicio', NULL, '{"ua": "Mozilla/5.0 (iPhone; CPU iPhone OS 18_7 like Mac OS X) AppleWebKit/605.1.15 (KHTML, like Gecko) Version/26.4 Mobile/15E148 Safari/604.1"}', '104.23.254.199', 'Mozilla/5.0 (iPhone; CPU iPhone OS 18_7 like Mac OS X) AppleWebKit/605.1.15 (KHTML, like Gecko) Version/26.4 Mobile/15E148 Safari/604.1', '2026-04-29 10:26:37.211547+00'),
	('d7409e0a-11d0-48dc-905c-67268d6fd374', 'e9e22b24-ada6-44dc-bcb6-75b81a6127a9', 'post_signin_session_check', 'password', 'success', 'carinacr.xavier@gmail.com', '904a0dd8-09de-44c0-b4c9-053ef0fabb37', NULL, NULL, '/inicio', true, '{"ua": "Mozilla/5.0 (iPhone; CPU iPhone OS 18_7 like Mac OS X) AppleWebKit/605.1.15 (KHTML, like Gecko) Version/26.4 Mobile/15E148 Safari/604.1"}', '104.23.254.199', 'Mozilla/5.0 (iPhone; CPU iPhone OS 18_7 like Mac OS X) AppleWebKit/605.1.15 (KHTML, like Gecko) Version/26.4 Mobile/15E148 Safari/604.1', '2026-04-29 10:26:37.22224+00'),
	('46320c31-46c0-48a2-b82f-90d7bfe8fce2', 'e9e22b24-ada6-44dc-bcb6-75b81a6127a9', 'password_signin', 'password', 'attempt', 'carinacr.xavier@gmail.com', NULL, NULL, NULL, '/inicio', NULL, '{"ua": "Mozilla/5.0 (iPhone; CPU iPhone OS 18_7 like Mac OS X) AppleWebKit/605.1.15 (KHTML, like Gecko) Version/26.4 Mobile/15E148 Safari/604.1"}', '104.23.254.199', 'Mozilla/5.0 (iPhone; CPU iPhone OS 18_7 like Mac OS X) AppleWebKit/605.1.15 (KHTML, like Gecko) Version/26.4 Mobile/15E148 Safari/604.1', '2026-04-29 10:26:38.028236+00'),
	('e709bb7e-f988-44c6-be2d-94e8f8d68df3', 'e9e22b24-ada6-44dc-bcb6-75b81a6127a9', 'password_signin_failed', 'password', 'error', 'carinacr.xavier@gmail.com', NULL, NULL, 'Load failed', '/inicio', NULL, '{"ua": "Mozilla/5.0 (iPhone; CPU iPhone OS 18_7 like Mac OS X) AppleWebKit/605.1.15 (KHTML, like Gecko) Version/26.4 Mobile/15E148 Safari/604.1"}', '104.23.254.199', 'Mozilla/5.0 (iPhone; CPU iPhone OS 18_7 like Mac OS X) AppleWebKit/605.1.15 (KHTML, like Gecko) Version/26.4 Mobile/15E148 Safari/604.1', '2026-04-29 10:26:38.07511+00'),
	('23aff47a-443c-410b-80f0-3bd82a6cea75', '13332768-8771-4ba5-9ed8-49c5bac1ee56', 'password_signin', 'password', 'attempt', 'carinacr.xavier@gmail.com', NULL, NULL, NULL, '/inicio', NULL, '{"ua": "Mozilla/5.0 (iPhone; CPU iPhone OS 18_7 like Mac OS X) AppleWebKit/605.1.15 (KHTML, like Gecko) Version/26.4 Mobile/15E148 Safari/604.1"}', '104.22.10.64', 'Mozilla/5.0 (iPhone; CPU iPhone OS 18_7 like Mac OS X) AppleWebKit/605.1.15 (KHTML, like Gecko) Version/26.4 Mobile/15E148 Safari/604.1', '2026-04-29 18:36:44.205477+00'),
	('c75201cf-18e3-4235-8d02-5774239cd9ae', '13332768-8771-4ba5-9ed8-49c5bac1ee56', 'post_signin_session_check', 'password', 'success', 'carinacr.xavier@gmail.com', '904a0dd8-09de-44c0-b4c9-053ef0fabb37', NULL, NULL, '/inicio', true, '{"ua": "Mozilla/5.0 (iPhone; CPU iPhone OS 18_7 like Mac OS X) AppleWebKit/605.1.15 (KHTML, like Gecko) Version/26.4 Mobile/15E148 Safari/604.1"}', '104.22.10.64', 'Mozilla/5.0 (iPhone; CPU iPhone OS 18_7 like Mac OS X) AppleWebKit/605.1.15 (KHTML, like Gecko) Version/26.4 Mobile/15E148 Safari/604.1', '2026-04-29 18:36:45.178115+00'),
	('8070a72c-be32-4ecc-9285-009fef529b7e', '13332768-8771-4ba5-9ed8-49c5bac1ee56', 'password_signin_success', 'password', 'success', 'carinacr.xavier@gmail.com', '904a0dd8-09de-44c0-b4c9-053ef0fabb37', NULL, NULL, '/inicio', NULL, '{"ua": "Mozilla/5.0 (iPhone; CPU iPhone OS 18_7 like Mac OS X) AppleWebKit/605.1.15 (KHTML, like Gecko) Version/26.4 Mobile/15E148 Safari/604.1"}', '104.22.10.64', 'Mozilla/5.0 (iPhone; CPU iPhone OS 18_7 like Mac OS X) AppleWebKit/605.1.15 (KHTML, like Gecko) Version/26.4 Mobile/15E148 Safari/604.1', '2026-04-29 18:36:45.189574+00'),
	('ba23c18e-b746-4bbc-b48a-d1f13ee14d51', 'e65832b6-8546-4364-ac56-6f87fb927aa9', 'password_signin', 'password', 'attempt', 'carinacr.xavier@gmail.com', NULL, NULL, NULL, '/inicio', NULL, '{"ua": "Mozilla/5.0 (iPhone; CPU iPhone OS 18_7 like Mac OS X) AppleWebKit/605.1.15 (KHTML, like Gecko) Version/26.4 Mobile/15E148 Safari/604.1"}', '172.71.234.73', 'Mozilla/5.0 (iPhone; CPU iPhone OS 18_7 like Mac OS X) AppleWebKit/605.1.15 (KHTML, like Gecko) Version/26.4 Mobile/15E148 Safari/604.1', '2026-04-29 21:52:38.714807+00'),
	('ef46387d-a4ea-427e-bd65-ff0c21009665', 'e65832b6-8546-4364-ac56-6f87fb927aa9', 'password_signin_success', 'password', 'success', 'carinacr.xavier@gmail.com', '904a0dd8-09de-44c0-b4c9-053ef0fabb37', NULL, NULL, '/inicio', NULL, '{"ua": "Mozilla/5.0 (iPhone; CPU iPhone OS 18_7 like Mac OS X) AppleWebKit/605.1.15 (KHTML, like Gecko) Version/26.4 Mobile/15E148 Safari/604.1"}', '172.71.234.73', 'Mozilla/5.0 (iPhone; CPU iPhone OS 18_7 like Mac OS X) AppleWebKit/605.1.15 (KHTML, like Gecko) Version/26.4 Mobile/15E148 Safari/604.1', '2026-04-29 21:52:39.824388+00'),
	('e2655dbb-4ec0-4e39-865a-19603e55509d', 'e65832b6-8546-4364-ac56-6f87fb927aa9', 'post_signin_session_check', 'password', 'success', 'carinacr.xavier@gmail.com', '904a0dd8-09de-44c0-b4c9-053ef0fabb37', NULL, NULL, '/inicio', true, '{"ua": "Mozilla/5.0 (iPhone; CPU iPhone OS 18_7 like Mac OS X) AppleWebKit/605.1.15 (KHTML, like Gecko) Version/26.4 Mobile/15E148 Safari/604.1"}', '172.71.234.73', 'Mozilla/5.0 (iPhone; CPU iPhone OS 18_7 like Mac OS X) AppleWebKit/605.1.15 (KHTML, like Gecko) Version/26.4 Mobile/15E148 Safari/604.1', '2026-04-29 21:52:39.858126+00'),
	('830312a9-871f-4feb-825a-32246fd728b5', 'e65832b6-8546-4364-ac56-6f87fb927aa9', 'password_signin_failed', 'password', 'error', 'carinacr.xavier@gmail.com', NULL, NULL, 'Load failed', '/inicio', NULL, '{"ua": "Mozilla/5.0 (iPhone; CPU iPhone OS 18_7 like Mac OS X) AppleWebKit/605.1.15 (KHTML, like Gecko) Version/26.4 Mobile/15E148 Safari/604.1"}', '172.71.234.73', 'Mozilla/5.0 (iPhone; CPU iPhone OS 18_7 like Mac OS X) AppleWebKit/605.1.15 (KHTML, like Gecko) Version/26.4 Mobile/15E148 Safari/604.1', '2026-04-29 21:52:41.130165+00'),
	('b7ada982-7462-438b-bf49-a89c88891b96', 'e65832b6-8546-4364-ac56-6f87fb927aa9', 'password_signin', 'password', 'attempt', 'carinacr.xavier@gmail.com', NULL, NULL, NULL, '/inicio', NULL, '{"ua": "Mozilla/5.0 (iPhone; CPU iPhone OS 18_7 like Mac OS X) AppleWebKit/605.1.15 (KHTML, like Gecko) Version/26.4 Mobile/15E148 Safari/604.1"}', '172.71.234.73', 'Mozilla/5.0 (iPhone; CPU iPhone OS 18_7 like Mac OS X) AppleWebKit/605.1.15 (KHTML, like Gecko) Version/26.4 Mobile/15E148 Safari/604.1', '2026-04-29 21:52:41.215028+00'),
	('2c5df917-5f5f-427e-930f-b79d7a68273a', '521cea92-eb2f-4ba1-99ec-b59609b67b9a', 'password_signin', 'password', 'attempt', 'carinacr.xavier@gmail.com', NULL, NULL, NULL, '/inicio', NULL, '{"ua": "Mozilla/5.0 (iPhone; CPU iPhone OS 18_7 like Mac OS X) AppleWebKit/605.1.15 (KHTML, like Gecko) Version/26.4 Mobile/15E148 Safari/604.1"}', '172.68.19.74', 'Mozilla/5.0 (iPhone; CPU iPhone OS 18_7 like Mac OS X) AppleWebKit/605.1.15 (KHTML, like Gecko) Version/26.4 Mobile/15E148 Safari/604.1', '2026-04-29 21:57:38.54473+00'),
	('577f5079-5a8a-4870-b9aa-465c9cd498e4', '521cea92-eb2f-4ba1-99ec-b59609b67b9a', 'post_signin_session_check', 'password', 'success', 'carinacr.xavier@gmail.com', '904a0dd8-09de-44c0-b4c9-053ef0fabb37', NULL, NULL, '/inicio', true, '{"ua": "Mozilla/5.0 (iPhone; CPU iPhone OS 18_7 like Mac OS X) AppleWebKit/605.1.15 (KHTML, like Gecko) Version/26.4 Mobile/15E148 Safari/604.1"}', '172.68.19.74', 'Mozilla/5.0 (iPhone; CPU iPhone OS 18_7 like Mac OS X) AppleWebKit/605.1.15 (KHTML, like Gecko) Version/26.4 Mobile/15E148 Safari/604.1', '2026-04-29 21:57:39.266672+00'),
	('1f4d361f-5410-4cf9-ad05-f081ddae8de2', '521cea92-eb2f-4ba1-99ec-b59609b67b9a', 'password_signin_success', 'password', 'success', 'carinacr.xavier@gmail.com', '904a0dd8-09de-44c0-b4c9-053ef0fabb37', NULL, NULL, '/inicio', NULL, '{"ua": "Mozilla/5.0 (iPhone; CPU iPhone OS 18_7 like Mac OS X) AppleWebKit/605.1.15 (KHTML, like Gecko) Version/26.4 Mobile/15E148 Safari/604.1"}', '172.68.19.74', 'Mozilla/5.0 (iPhone; CPU iPhone OS 18_7 like Mac OS X) AppleWebKit/605.1.15 (KHTML, like Gecko) Version/26.4 Mobile/15E148 Safari/604.1', '2026-04-29 21:57:39.27226+00'),
	('4c2b7075-dedf-46a7-9218-e7cc08276792', '521cea92-eb2f-4ba1-99ec-b59609b67b9a', 'password_signin', 'password', 'attempt', 'carinacr.xavier@gmail.com', NULL, NULL, NULL, '/inicio', NULL, '{"ua": "Mozilla/5.0 (iPhone; CPU iPhone OS 18_7 like Mac OS X) AppleWebKit/605.1.15 (KHTML, like Gecko) Version/26.4 Mobile/15E148 Safari/604.1"}', '172.68.19.74', 'Mozilla/5.0 (iPhone; CPU iPhone OS 18_7 like Mac OS X) AppleWebKit/605.1.15 (KHTML, like Gecko) Version/26.4 Mobile/15E148 Safari/604.1', '2026-04-29 21:57:40.265623+00'),
	('b462b2eb-d375-4bf4-914c-711a43b5f9cc', '521cea92-eb2f-4ba1-99ec-b59609b67b9a', 'password_signin_failed', 'password', 'error', 'carinacr.xavier@gmail.com', NULL, NULL, 'Load failed', '/inicio', NULL, '{"ua": "Mozilla/5.0 (iPhone; CPU iPhone OS 18_7 like Mac OS X) AppleWebKit/605.1.15 (KHTML, like Gecko) Version/26.4 Mobile/15E148 Safari/604.1"}', '172.68.19.74', 'Mozilla/5.0 (iPhone; CPU iPhone OS 18_7 like Mac OS X) AppleWebKit/605.1.15 (KHTML, like Gecko) Version/26.4 Mobile/15E148 Safari/604.1', '2026-04-29 21:57:40.27628+00'),
	('f4fce23f-4ed4-4c2b-a2cf-e45e1b62ebf1', '148cfed0-e0c3-40de-b448-138b56621f47', 'password_signin', 'password', 'attempt', 'carinacr.xavier@gmail.com', NULL, NULL, NULL, '/inicio', NULL, '{"ua": "Mozilla/5.0 (iPhone; CPU iPhone OS 18_7 like Mac OS X) AppleWebKit/605.1.15 (KHTML, like Gecko) Version/26.4 Mobile/15E148 Safari/604.1"}', '172.69.39.16', 'Mozilla/5.0 (iPhone; CPU iPhone OS 18_7 like Mac OS X) AppleWebKit/605.1.15 (KHTML, like Gecko) Version/26.4 Mobile/15E148 Safari/604.1', '2026-04-29 23:27:56.217658+00'),
	('23289be9-8998-4b63-9ee3-a0b0edf4b6c3', '148cfed0-e0c3-40de-b448-138b56621f47', 'password_signin_success', 'password', 'success', 'carinacr.xavier@gmail.com', '904a0dd8-09de-44c0-b4c9-053ef0fabb37', NULL, NULL, '/inicio', NULL, '{"ua": "Mozilla/5.0 (iPhone; CPU iPhone OS 18_7 like Mac OS X) AppleWebKit/605.1.15 (KHTML, like Gecko) Version/26.4 Mobile/15E148 Safari/604.1"}', '172.69.39.16', 'Mozilla/5.0 (iPhone; CPU iPhone OS 18_7 like Mac OS X) AppleWebKit/605.1.15 (KHTML, like Gecko) Version/26.4 Mobile/15E148 Safari/604.1', '2026-04-29 23:27:57.186729+00'),
	('31f2bc8c-d75d-492d-8345-c46eae6e0829', '148cfed0-e0c3-40de-b448-138b56621f47', 'post_signin_session_check', 'password', 'success', 'carinacr.xavier@gmail.com', '904a0dd8-09de-44c0-b4c9-053ef0fabb37', NULL, NULL, '/inicio', true, '{"ua": "Mozilla/5.0 (iPhone; CPU iPhone OS 18_7 like Mac OS X) AppleWebKit/605.1.15 (KHTML, like Gecko) Version/26.4 Mobile/15E148 Safari/604.1"}', '172.69.39.16', 'Mozilla/5.0 (iPhone; CPU iPhone OS 18_7 like Mac OS X) AppleWebKit/605.1.15 (KHTML, like Gecko) Version/26.4 Mobile/15E148 Safari/604.1', '2026-04-29 23:27:57.218523+00'),
	('6c995273-1a50-4f08-8cba-57b0044c36ba', 'f2245af6-0d12-4fab-9f98-70b27bacb8ab', 'password_signin', 'password', 'attempt', 'diegosanchespereira@gmail.com', NULL, NULL, NULL, '/inicio', NULL, '{"ua": "Mozilla/5.0 (Macintosh; Intel Mac OS X 10_15_7) AppleWebKit/537.36 (KHTML, like Gecko) Chrome/147.0.0.0 Safari/537.36"}', '172.69.138.71', 'Mozilla/5.0 (Macintosh; Intel Mac OS X 10_15_7) AppleWebKit/537.36 (KHTML, like Gecko) Chrome/147.0.0.0 Safari/537.36', '2026-04-30 00:19:51.203449+00'),
	('6d441f05-b65b-4f58-ac8a-03739e893c6b', 'f2245af6-0d12-4fab-9f98-70b27bacb8ab', 'password_signin_success', 'password', 'success', 'diegosanchespereira@gmail.com', '633db554-b037-4e40-8c4f-575337dbfded', NULL, NULL, '/inicio', NULL, '{"ua": "Mozilla/5.0 (Macintosh; Intel Mac OS X 10_15_7) AppleWebKit/537.36 (KHTML, like Gecko) Chrome/147.0.0.0 Safari/537.36"}', '172.69.138.71', 'Mozilla/5.0 (Macintosh; Intel Mac OS X 10_15_7) AppleWebKit/537.36 (KHTML, like Gecko) Chrome/147.0.0.0 Safari/537.36', '2026-04-30 00:19:51.542508+00'),
	('4adbb44f-6196-4ac9-8738-7adef08e3cdc', 'f2245af6-0d12-4fab-9f98-70b27bacb8ab', 'post_signin_session_check', 'password', 'success', 'diegosanchespereira@gmail.com', '633db554-b037-4e40-8c4f-575337dbfded', NULL, NULL, '/inicio', true, '{"ua": "Mozilla/5.0 (Macintosh; Intel Mac OS X 10_15_7) AppleWebKit/537.36 (KHTML, like Gecko) Chrome/147.0.0.0 Safari/537.36"}', '172.69.138.71', 'Mozilla/5.0 (Macintosh; Intel Mac OS X 10_15_7) AppleWebKit/537.36 (KHTML, like Gecko) Chrome/147.0.0.0 Safari/537.36', '2026-04-30 00:19:51.57744+00'),
	('05bd0d8e-5a1e-4bd9-9524-e66a14c350bd', '5dc42bce-1291-4ad3-aa51-71fd6562a781', 'password_signin_success', 'password', 'success', 'carinacr.xavier@gmail.com', '904a0dd8-09de-44c0-b4c9-053ef0fabb37', NULL, NULL, '/inicio', NULL, '{"ua": "Mozilla/5.0 (iPhone; CPU iPhone OS 18_7 like Mac OS X) AppleWebKit/605.1.15 (KHTML, like Gecko) Version/26.4 Mobile/15E148 Safari/604.1"}', '104.22.10.65', 'Mozilla/5.0 (iPhone; CPU iPhone OS 18_7 like Mac OS X) AppleWebKit/605.1.15 (KHTML, like Gecko) Version/26.4 Mobile/15E148 Safari/604.1', '2026-04-30 00:32:04.093044+00'),
	('3626b68b-24e4-4af3-b830-463415fd6419', '5dc42bce-1291-4ad3-aa51-71fd6562a781', 'post_signin_session_check', 'password', 'success', 'carinacr.xavier@gmail.com', '904a0dd8-09de-44c0-b4c9-053ef0fabb37', NULL, NULL, '/inicio', true, '{"ua": "Mozilla/5.0 (iPhone; CPU iPhone OS 18_7 like Mac OS X) AppleWebKit/605.1.15 (KHTML, like Gecko) Version/26.4 Mobile/15E148 Safari/604.1"}', '104.22.10.65', 'Mozilla/5.0 (iPhone; CPU iPhone OS 18_7 like Mac OS X) AppleWebKit/605.1.15 (KHTML, like Gecko) Version/26.4 Mobile/15E148 Safari/604.1', '2026-04-30 00:32:04.085228+00'),
	('d363e39a-5e4a-41cd-9df0-e107dfffb8ce', '5dc42bce-1291-4ad3-aa51-71fd6562a781', 'password_signin', 'password', 'attempt', 'carinacr.xavier@gmail.com', NULL, NULL, NULL, '/inicio', NULL, '{"ua": "Mozilla/5.0 (iPhone; CPU iPhone OS 18_7 like Mac OS X) AppleWebKit/605.1.15 (KHTML, like Gecko) Version/26.4 Mobile/15E148 Safari/604.1"}', '104.22.10.65', 'Mozilla/5.0 (iPhone; CPU iPhone OS 18_7 like Mac OS X) AppleWebKit/605.1.15 (KHTML, like Gecko) Version/26.4 Mobile/15E148 Safari/604.1', '2026-04-30 00:32:04.409586+00'),
	('0fe51bcb-fda8-483e-970f-d3b204542952', '5dc42bce-1291-4ad3-aa51-71fd6562a781', 'password_signin_failed', 'password', 'error', 'carinacr.xavier@gmail.com', NULL, NULL, 'Load failed', '/inicio', NULL, '{"ua": "Mozilla/5.0 (iPhone; CPU iPhone OS 18_7 like Mac OS X) AppleWebKit/605.1.15 (KHTML, like Gecko) Version/26.4 Mobile/15E148 Safari/604.1"}', '104.22.10.65', 'Mozilla/5.0 (iPhone; CPU iPhone OS 18_7 like Mac OS X) AppleWebKit/605.1.15 (KHTML, like Gecko) Version/26.4 Mobile/15E148 Safari/604.1', '2026-04-30 00:32:04.950714+00'),
	('a91bd6b8-199a-4047-8e20-aa87dbb2a337', '5dc42bce-1291-4ad3-aa51-71fd6562a781', 'password_signin', 'password', 'attempt', 'carinacr.xavier@gmail.com', NULL, NULL, NULL, '/inicio', NULL, '{"ua": "Mozilla/5.0 (iPhone; CPU iPhone OS 18_7 like Mac OS X) AppleWebKit/605.1.15 (KHTML, like Gecko) Version/26.4 Mobile/15E148 Safari/604.1"}', '104.22.10.65', 'Mozilla/5.0 (iPhone; CPU iPhone OS 18_7 like Mac OS X) AppleWebKit/605.1.15 (KHTML, like Gecko) Version/26.4 Mobile/15E148 Safari/604.1', '2026-04-30 00:32:04.985504+00'),
	('674eee6f-bfb3-4128-a4a8-524486089f22', '5dc42bce-1291-4ad3-aa51-71fd6562a781', 'password_signin_failed', 'password', 'error', 'carinacr.xavier@gmail.com', NULL, NULL, 'Load failed', '/inicio', NULL, '{"ua": "Mozilla/5.0 (iPhone; CPU iPhone OS 18_7 like Mac OS X) AppleWebKit/605.1.15 (KHTML, like Gecko) Version/26.4 Mobile/15E148 Safari/604.1"}', '104.22.10.65', 'Mozilla/5.0 (iPhone; CPU iPhone OS 18_7 like Mac OS X) AppleWebKit/605.1.15 (KHTML, like Gecko) Version/26.4 Mobile/15E148 Safari/604.1', '2026-04-30 00:32:08.729054+00'),
	('ba772ade-2adf-449a-91b8-68483d7b537e', '5dc42bce-1291-4ad3-aa51-71fd6562a781', 'password_signin', 'password', 'attempt', 'carinacr.xavier@gmail.com', NULL, NULL, NULL, '/inicio', NULL, '{"ua": "Mozilla/5.0 (iPhone; CPU iPhone OS 18_7 like Mac OS X) AppleWebKit/605.1.15 (KHTML, like Gecko) Version/26.4 Mobile/15E148 Safari/604.1"}', '104.22.10.65', 'Mozilla/5.0 (iPhone; CPU iPhone OS 18_7 like Mac OS X) AppleWebKit/605.1.15 (KHTML, like Gecko) Version/26.4 Mobile/15E148 Safari/604.1', '2026-04-30 00:32:08.80189+00'),
	('24afaf4c-89ae-45c4-9788-d53cfe18f02d', '5dc42bce-1291-4ad3-aa51-71fd6562a781', 'password_signin', 'password', 'attempt', 'carinacr.xavier@gmail.com', NULL, NULL, NULL, '/inicio', NULL, '{"ua": "Mozilla/5.0 (iPhone; CPU iPhone OS 18_7 like Mac OS X) AppleWebKit/605.1.15 (KHTML, like Gecko) Version/26.4 Mobile/15E148 Safari/604.1"}', '104.22.10.65', 'Mozilla/5.0 (iPhone; CPU iPhone OS 18_7 like Mac OS X) AppleWebKit/605.1.15 (KHTML, like Gecko) Version/26.4 Mobile/15E148 Safari/604.1', '2026-04-30 00:32:09.297364+00'),
	('634a01cc-c8b8-4110-abe6-47f56dfff7ef', '5dc42bce-1291-4ad3-aa51-71fd6562a781', 'password_signin_failed', 'password', 'error', 'carinacr.xavier@gmail.com', NULL, NULL, 'Load failed', '/inicio', NULL, '{"ua": "Mozilla/5.0 (iPhone; CPU iPhone OS 18_7 like Mac OS X) AppleWebKit/605.1.15 (KHTML, like Gecko) Version/26.4 Mobile/15E148 Safari/604.1"}', '104.22.10.65', 'Mozilla/5.0 (iPhone; CPU iPhone OS 18_7 like Mac OS X) AppleWebKit/605.1.15 (KHTML, like Gecko) Version/26.4 Mobile/15E148 Safari/604.1', '2026-04-30 00:32:09.301063+00'),
	('457941ab-00cd-4fd3-ab3a-571c88934db8', '409cc3ad-7e40-4fd1-b4d5-0ba2ea27d87d', 'password_signin', 'password', 'attempt', 'carinacr.xavier@gmail.com', NULL, NULL, NULL, '/equipe/54d29816-92a1-4e75-a158-c0f0e942838a/editar', NULL, '{"ua": "Mozilla/5.0 (iPhone; CPU iPhone OS 18_7 like Mac OS X) AppleWebKit/605.1.15 (KHTML, like Gecko) Version/26.4 Mobile/15E148 Safari/604.1"}', '104.22.10.64', 'Mozilla/5.0 (iPhone; CPU iPhone OS 18_7 like Mac OS X) AppleWebKit/605.1.15 (KHTML, like Gecko) Version/26.4 Mobile/15E148 Safari/604.1', '2026-04-30 01:27:32.02753+00'),
	('b455a24d-1ea9-4f51-812a-13c168b27223', '409cc3ad-7e40-4fd1-b4d5-0ba2ea27d87d', 'password_signin_success', 'password', 'success', 'carinacr.xavier@gmail.com', '904a0dd8-09de-44c0-b4c9-053ef0fabb37', NULL, NULL, '/equipe/54d29816-92a1-4e75-a158-c0f0e942838a/editar', NULL, '{"ua": "Mozilla/5.0 (iPhone; CPU iPhone OS 18_7 like Mac OS X) AppleWebKit/605.1.15 (KHTML, like Gecko) Version/26.4 Mobile/15E148 Safari/604.1"}', '104.22.10.64', 'Mozilla/5.0 (iPhone; CPU iPhone OS 18_7 like Mac OS X) AppleWebKit/605.1.15 (KHTML, like Gecko) Version/26.4 Mobile/15E148 Safari/604.1', '2026-04-30 01:27:33.241606+00'),
	('fb558ab7-815f-43f3-80f8-f79fce209ff9', '409cc3ad-7e40-4fd1-b4d5-0ba2ea27d87d', 'post_signin_session_check', 'password', 'success', 'carinacr.xavier@gmail.com', '904a0dd8-09de-44c0-b4c9-053ef0fabb37', NULL, NULL, '/equipe/54d29816-92a1-4e75-a158-c0f0e942838a/editar', true, '{"ua": "Mozilla/5.0 (iPhone; CPU iPhone OS 18_7 like Mac OS X) AppleWebKit/605.1.15 (KHTML, like Gecko) Version/26.4 Mobile/15E148 Safari/604.1"}', '104.22.10.64', 'Mozilla/5.0 (iPhone; CPU iPhone OS 18_7 like Mac OS X) AppleWebKit/605.1.15 (KHTML, like Gecko) Version/26.4 Mobile/15E148 Safari/604.1', '2026-04-30 01:27:33.317851+00'),
	('f25efc93-e2db-482a-8e2c-367c98e63b77', '2b4541d5-c236-42d7-a102-d6980069f9f8', 'password_signin', 'password', 'attempt', 'carinacr.xavier@gmail.com', NULL, NULL, NULL, '/inicio', NULL, '{"ua": "Mozilla/5.0 (iPhone; CPU iPhone OS 18_7 like Mac OS X) AppleWebKit/605.1.15 (KHTML, like Gecko) Version/26.4 Mobile/15E148 Safari/604.1"}', '172.71.238.125', 'Mozilla/5.0 (iPhone; CPU iPhone OS 18_7 like Mac OS X) AppleWebKit/605.1.15 (KHTML, like Gecko) Version/26.4 Mobile/15E148 Safari/604.1', '2026-04-30 12:06:42.941163+00'),
	('e081a30a-0e76-499f-aace-fa2a9f6c1eb2', '2b4541d5-c236-42d7-a102-d6980069f9f8', 'password_signin_success', 'password', 'success', 'carinacr.xavier@gmail.com', '904a0dd8-09de-44c0-b4c9-053ef0fabb37', NULL, NULL, '/inicio', NULL, '{"ua": "Mozilla/5.0 (iPhone; CPU iPhone OS 18_7 like Mac OS X) AppleWebKit/605.1.15 (KHTML, like Gecko) Version/26.4 Mobile/15E148 Safari/604.1"}', '172.71.238.125', 'Mozilla/5.0 (iPhone; CPU iPhone OS 18_7 like Mac OS X) AppleWebKit/605.1.15 (KHTML, like Gecko) Version/26.4 Mobile/15E148 Safari/604.1', '2026-04-30 12:06:43.910178+00'),
	('151bee18-8b1e-4a32-b4e3-d79b829ae55e', '2b4541d5-c236-42d7-a102-d6980069f9f8', 'post_signin_session_check', 'password', 'success', 'carinacr.xavier@gmail.com', '904a0dd8-09de-44c0-b4c9-053ef0fabb37', NULL, NULL, '/inicio', true, '{"ua": "Mozilla/5.0 (iPhone; CPU iPhone OS 18_7 like Mac OS X) AppleWebKit/605.1.15 (KHTML, like Gecko) Version/26.4 Mobile/15E148 Safari/604.1"}', '172.71.238.125', 'Mozilla/5.0 (iPhone; CPU iPhone OS 18_7 like Mac OS X) AppleWebKit/605.1.15 (KHTML, like Gecko) Version/26.4 Mobile/15E148 Safari/604.1', '2026-04-30 12:06:43.975225+00'),
	('dced8db1-88f8-4d83-8cb4-6d91394c1db7', '2b4541d5-c236-42d7-a102-d6980069f9f8', 'password_signin', 'password', 'attempt', 'carinacr.xavier@gmail.com', NULL, NULL, NULL, '/inicio', NULL, '{"ua": "Mozilla/5.0 (iPhone; CPU iPhone OS 18_7 like Mac OS X) AppleWebKit/605.1.15 (KHTML, like Gecko) Version/26.4 Mobile/15E148 Safari/604.1"}', '172.71.238.125', 'Mozilla/5.0 (iPhone; CPU iPhone OS 18_7 like Mac OS X) AppleWebKit/605.1.15 (KHTML, like Gecko) Version/26.4 Mobile/15E148 Safari/604.1', '2026-04-30 12:06:44.965965+00'),
	('cc407173-3a2f-4bbc-b4e3-cab302aca0db', '2b4541d5-c236-42d7-a102-d6980069f9f8', 'password_signin_failed', 'password', 'error', 'carinacr.xavier@gmail.com', NULL, NULL, 'Load failed', '/inicio', NULL, '{"ua": "Mozilla/5.0 (iPhone; CPU iPhone OS 18_7 like Mac OS X) AppleWebKit/605.1.15 (KHTML, like Gecko) Version/26.4 Mobile/15E148 Safari/604.1"}', '172.71.238.125', 'Mozilla/5.0 (iPhone; CPU iPhone OS 18_7 like Mac OS X) AppleWebKit/605.1.15 (KHTML, like Gecko) Version/26.4 Mobile/15E148 Safari/604.1', '2026-04-30 12:06:45.086529+00'),
	('a0789d0c-83d6-4c94-979e-edb6bd079bec', 'c6516b4b-2e0e-485b-9ef9-5291486e3d0b', 'password_signin', 'password', 'attempt', 'diegosanchespereira@gmail.com', NULL, NULL, NULL, '/inicio', NULL, '{"ua": "Mozilla/5.0 (Windows NT 10.0; Win64; x64) AppleWebKit/537.36 (KHTML, like Gecko) Chrome/147.0.0.0 Safari/537.36 Edg/147.0.0.0"}', '172.69.138.71', 'Mozilla/5.0 (Windows NT 10.0; Win64; x64) AppleWebKit/537.36 (KHTML, like Gecko) Chrome/147.0.0.0 Safari/537.36 Edg/147.0.0.0', '2026-04-30 21:38:02.336472+00'),
	('f98c0a76-7861-45d9-83f8-162a3fa835d3', 'c6516b4b-2e0e-485b-9ef9-5291486e3d0b', 'post_signin_session_check', 'password', 'success', 'diegosanchespereira@gmail.com', '633db554-b037-4e40-8c4f-575337dbfded', NULL, NULL, '/inicio', true, '{"ua": "Mozilla/5.0 (Windows NT 10.0; Win64; x64) AppleWebKit/537.36 (KHTML, like Gecko) Chrome/147.0.0.0 Safari/537.36 Edg/147.0.0.0"}', '172.69.138.71', 'Mozilla/5.0 (Windows NT 10.0; Win64; x64) AppleWebKit/537.36 (KHTML, like Gecko) Chrome/147.0.0.0 Safari/537.36 Edg/147.0.0.0', '2026-04-30 21:38:03.095945+00'),
	('05866cf5-11d9-472f-943a-7cac8bbeabd7', 'c6516b4b-2e0e-485b-9ef9-5291486e3d0b', 'password_signin_success', 'password', 'success', 'diegosanchespereira@gmail.com', '633db554-b037-4e40-8c4f-575337dbfded', NULL, NULL, '/inicio', NULL, '{"ua": "Mozilla/5.0 (Windows NT 10.0; Win64; x64) AppleWebKit/537.36 (KHTML, like Gecko) Chrome/147.0.0.0 Safari/537.36 Edg/147.0.0.0"}', '172.69.138.71', 'Mozilla/5.0 (Windows NT 10.0; Win64; x64) AppleWebKit/537.36 (KHTML, like Gecko) Chrome/147.0.0.0 Safari/537.36 Edg/147.0.0.0', '2026-04-30 21:38:03.098059+00'),
	('44dd28db-3483-4d89-93eb-7cc0a5b328e4', '76e4be90-cc45-4370-a9d7-e315b7d744c9', 'password_signin', 'password', 'attempt', 'carinacr.xavier@gmail.com', NULL, NULL, NULL, '/inicio', NULL, '{"ua": "Mozilla/5.0 (Windows NT 10.0; Win64; x64) AppleWebKit/537.36 (KHTML, like Gecko) Chrome/147.0.0.0 Safari/537.36 Edg/147.0.0.0"}', '172.69.11.74', 'Mozilla/5.0 (Windows NT 10.0; Win64; x64) AppleWebKit/537.36 (KHTML, like Gecko) Chrome/147.0.0.0 Safari/537.36 Edg/147.0.0.0', '2026-04-30 21:46:57.951243+00'),
	('5a0b5211-2c3a-4bf9-8c97-d4ec1c52809c', '76e4be90-cc45-4370-a9d7-e315b7d744c9', 'post_signin_session_check', 'password', 'success', 'carinacr.xavier@gmail.com', '904a0dd8-09de-44c0-b4c9-053ef0fabb37', NULL, NULL, '/inicio', true, '{"ua": "Mozilla/5.0 (Windows NT 10.0; Win64; x64) AppleWebKit/537.36 (KHTML, like Gecko) Chrome/147.0.0.0 Safari/537.36 Edg/147.0.0.0"}', '172.71.238.124', 'Mozilla/5.0 (Windows NT 10.0; Win64; x64) AppleWebKit/537.36 (KHTML, like Gecko) Chrome/147.0.0.0 Safari/537.36 Edg/147.0.0.0', '2026-04-30 21:46:58.742316+00'),
	('a9b07bc4-91df-4c2a-89c5-81cc259d7750', '76e4be90-cc45-4370-a9d7-e315b7d744c9', 'password_signin_success', 'password', 'success', 'carinacr.xavier@gmail.com', '904a0dd8-09de-44c0-b4c9-053ef0fabb37', NULL, NULL, '/inicio', NULL, '{"ua": "Mozilla/5.0 (Windows NT 10.0; Win64; x64) AppleWebKit/537.36 (KHTML, like Gecko) Chrome/147.0.0.0 Safari/537.36 Edg/147.0.0.0"}', '172.71.238.124', 'Mozilla/5.0 (Windows NT 10.0; Win64; x64) AppleWebKit/537.36 (KHTML, like Gecko) Chrome/147.0.0.0 Safari/537.36 Edg/147.0.0.0', '2026-04-30 21:46:58.745412+00'),
	('5e7a3b95-1273-4c83-8dbb-933cdd763b71', '7b2e6a38-953e-4b6d-9a54-aecdd37603a7', 'password_signin', 'password', 'attempt', 'carinacr.xavier@gmail.com', NULL, NULL, NULL, '/inicio', NULL, '{"ua": "Mozilla/5.0 (iPhone; CPU iPhone OS 18_7 like Mac OS X) AppleWebKit/605.1.15 (KHTML, like Gecko) Version/26.4 Mobile/15E148 Safari/604.1"}', '172.69.39.16', 'Mozilla/5.0 (iPhone; CPU iPhone OS 18_7 like Mac OS X) AppleWebKit/605.1.15 (KHTML, like Gecko) Version/26.4 Mobile/15E148 Safari/604.1', '2026-04-30 21:54:48.183911+00'),
	('d3ba3e85-95ac-4302-859d-f6ab55636b6f', '7b2e6a38-953e-4b6d-9a54-aecdd37603a7', 'password_signin_success', 'password', 'success', 'carinacr.xavier@gmail.com', '904a0dd8-09de-44c0-b4c9-053ef0fabb37', NULL, NULL, '/inicio', NULL, '{"ua": "Mozilla/5.0 (iPhone; CPU iPhone OS 18_7 like Mac OS X) AppleWebKit/605.1.15 (KHTML, like Gecko) Version/26.4 Mobile/15E148 Safari/604.1"}', '172.69.39.16', 'Mozilla/5.0 (iPhone; CPU iPhone OS 18_7 like Mac OS X) AppleWebKit/605.1.15 (KHTML, like Gecko) Version/26.4 Mobile/15E148 Safari/604.1', '2026-04-30 21:54:49.021671+00'),
	('ffc5a88a-1b19-49cb-9384-ebef9f0e1824', '7b2e6a38-953e-4b6d-9a54-aecdd37603a7', 'post_signin_session_check', 'password', 'success', 'carinacr.xavier@gmail.com', '904a0dd8-09de-44c0-b4c9-053ef0fabb37', NULL, NULL, '/inicio', true, '{"ua": "Mozilla/5.0 (iPhone; CPU iPhone OS 18_7 like Mac OS X) AppleWebKit/605.1.15 (KHTML, like Gecko) Version/26.4 Mobile/15E148 Safari/604.1"}', '172.69.39.16', 'Mozilla/5.0 (iPhone; CPU iPhone OS 18_7 like Mac OS X) AppleWebKit/605.1.15 (KHTML, like Gecko) Version/26.4 Mobile/15E148 Safari/604.1', '2026-04-30 21:54:49.060499+00'),
	('8f5a2e52-7fb7-4117-bff0-ee1f21621732', '124d9e8d-3878-4ca9-aa59-f8543640b278', 'password_signin', 'password', 'attempt', 'carinacr.xavier@gmail.com', NULL, NULL, NULL, '/inicio', NULL, '{"ua": "Mozilla/5.0 (iPhone; CPU iPhone OS 18_7 like Mac OS X) AppleWebKit/605.1.15 (KHTML, like Gecko) Version/26.4 Mobile/15E148 Safari/604.1"}', '172.69.138.70', 'Mozilla/5.0 (iPhone; CPU iPhone OS 18_7 like Mac OS X) AppleWebKit/605.1.15 (KHTML, like Gecko) Version/26.4 Mobile/15E148 Safari/604.1', '2026-04-30 22:27:42.612209+00'),
	('bc3033d1-5d97-4548-b9ff-c1cde0e7a4d7', '124d9e8d-3878-4ca9-aa59-f8543640b278', 'post_signin_session_check', 'password', 'success', 'carinacr.xavier@gmail.com', '904a0dd8-09de-44c0-b4c9-053ef0fabb37', NULL, NULL, '/inicio', true, '{"ua": "Mozilla/5.0 (iPhone; CPU iPhone OS 18_7 like Mac OS X) AppleWebKit/605.1.15 (KHTML, like Gecko) Version/26.4 Mobile/15E148 Safari/604.1"}', '172.69.138.70', 'Mozilla/5.0 (iPhone; CPU iPhone OS 18_7 like Mac OS X) AppleWebKit/605.1.15 (KHTML, like Gecko) Version/26.4 Mobile/15E148 Safari/604.1', '2026-04-30 22:27:43.109958+00'),
	('1e361fa9-aea9-4372-8546-adb2df6d8c14', '124d9e8d-3878-4ca9-aa59-f8543640b278', 'password_signin_success', 'password', 'success', 'carinacr.xavier@gmail.com', '904a0dd8-09de-44c0-b4c9-053ef0fabb37', NULL, NULL, '/inicio', NULL, '{"ua": "Mozilla/5.0 (iPhone; CPU iPhone OS 18_7 like Mac OS X) AppleWebKit/605.1.15 (KHTML, like Gecko) Version/26.4 Mobile/15E148 Safari/604.1"}', '172.69.138.70', 'Mozilla/5.0 (iPhone; CPU iPhone OS 18_7 like Mac OS X) AppleWebKit/605.1.15 (KHTML, like Gecko) Version/26.4 Mobile/15E148 Safari/604.1', '2026-04-30 22:27:43.123514+00'),
	('4607c738-62f2-4aa7-963e-90986a3ae78b', '124d9e8d-3878-4ca9-aa59-f8543640b278', 'password_signin', 'password', 'attempt', 'carinacr.xavier@gmail.com', NULL, NULL, NULL, '/inicio', NULL, '{"ua": "Mozilla/5.0 (iPhone; CPU iPhone OS 18_7 like Mac OS X) AppleWebKit/605.1.15 (KHTML, like Gecko) Version/26.4 Mobile/15E148 Safari/604.1"}', '172.69.138.70', 'Mozilla/5.0 (iPhone; CPU iPhone OS 18_7 like Mac OS X) AppleWebKit/605.1.15 (KHTML, like Gecko) Version/26.4 Mobile/15E148 Safari/604.1', '2026-04-30 22:27:44.142007+00'),
	('73369af7-52b2-45b0-8054-70fd07fa4075', '124d9e8d-3878-4ca9-aa59-f8543640b278', 'password_signin_failed', 'password', 'error', 'carinacr.xavier@gmail.com', NULL, NULL, 'Load failed', '/inicio', NULL, '{"ua": "Mozilla/5.0 (iPhone; CPU iPhone OS 18_7 like Mac OS X) AppleWebKit/605.1.15 (KHTML, like Gecko) Version/26.4 Mobile/15E148 Safari/604.1"}', '172.69.138.70', 'Mozilla/5.0 (iPhone; CPU iPhone OS 18_7 like Mac OS X) AppleWebKit/605.1.15 (KHTML, like Gecko) Version/26.4 Mobile/15E148 Safari/604.1', '2026-04-30 22:27:44.163669+00'),
	('557bbd01-7d7c-415d-9d7e-2f60c86230e8', '124d9e8d-3878-4ca9-aa59-f8543640b278', 'password_signin', 'password', 'attempt', 'carinacr.xavier@gmail.com', NULL, NULL, NULL, '/inicio', NULL, '{"ua": "Mozilla/5.0 (iPhone; CPU iPhone OS 18_7 like Mac OS X) AppleWebKit/605.1.15 (KHTML, like Gecko) Version/26.4 Mobile/15E148 Safari/604.1"}', '172.69.138.70', 'Mozilla/5.0 (iPhone; CPU iPhone OS 18_7 like Mac OS X) AppleWebKit/605.1.15 (KHTML, like Gecko) Version/26.4 Mobile/15E148 Safari/604.1', '2026-04-30 22:27:45.209966+00'),
	('3eea611f-6833-4725-844a-6ef9c6f1fd19', '124d9e8d-3878-4ca9-aa59-f8543640b278', 'password_signin_failed', 'password', 'error', 'carinacr.xavier@gmail.com', NULL, NULL, 'Load failed', '/inicio', NULL, '{"ua": "Mozilla/5.0 (iPhone; CPU iPhone OS 18_7 like Mac OS X) AppleWebKit/605.1.15 (KHTML, like Gecko) Version/26.4 Mobile/15E148 Safari/604.1"}', '172.69.138.70', 'Mozilla/5.0 (iPhone; CPU iPhone OS 18_7 like Mac OS X) AppleWebKit/605.1.15 (KHTML, like Gecko) Version/26.4 Mobile/15E148 Safari/604.1', '2026-04-30 22:27:45.360643+00'),
	('0c62ae75-fe8a-4b2e-9434-5a35cb5b5c23', 'a6222ccb-3125-4db3-b97b-2e07d5692794', 'password_signin', 'password', 'attempt', 'carinacr.xavier@gmail.com', NULL, NULL, NULL, '/equipe', NULL, '{"ua": "Mozilla/5.0 (Macintosh; Intel Mac OS X 10_15_7) AppleWebKit/537.36 (KHTML, like Gecko) Chrome/147.0.0.0 Safari/537.36"}', '172.69.138.70', 'Mozilla/5.0 (Macintosh; Intel Mac OS X 10_15_7) AppleWebKit/537.36 (KHTML, like Gecko) Chrome/147.0.0.0 Safari/537.36', '2026-04-30 22:28:00.466532+00'),
	('4861a2b8-3bdc-4648-b199-1a3b758aa56c', 'a6222ccb-3125-4db3-b97b-2e07d5692794', 'password_signin_success', 'password', 'success', 'carinacr.xavier@gmail.com', '904a0dd8-09de-44c0-b4c9-053ef0fabb37', NULL, NULL, '/equipe', NULL, '{"ua": "Mozilla/5.0 (Macintosh; Intel Mac OS X 10_15_7) AppleWebKit/537.36 (KHTML, like Gecko) Chrome/147.0.0.0 Safari/537.36"}', '172.69.138.70', 'Mozilla/5.0 (Macintosh; Intel Mac OS X 10_15_7) AppleWebKit/537.36 (KHTML, like Gecko) Chrome/147.0.0.0 Safari/537.36', '2026-04-30 22:28:00.95564+00'),
	('7a132913-79ba-43ef-8bc4-d036baebb6ec', 'a6222ccb-3125-4db3-b97b-2e07d5692794', 'post_signin_session_check', 'password', 'success', 'carinacr.xavier@gmail.com', '904a0dd8-09de-44c0-b4c9-053ef0fabb37', NULL, NULL, '/equipe', true, '{"ua": "Mozilla/5.0 (Macintosh; Intel Mac OS X 10_15_7) AppleWebKit/537.36 (KHTML, like Gecko) Chrome/147.0.0.0 Safari/537.36"}', '172.69.138.70', 'Mozilla/5.0 (Macintosh; Intel Mac OS X 10_15_7) AppleWebKit/537.36 (KHTML, like Gecko) Chrome/147.0.0.0 Safari/537.36', '2026-04-30 22:28:00.966983+00'),
	('4ff11462-59fd-41e1-a672-bac3c15b8acc', '499bfe5d-bd26-48a5-b70c-de91e4129d76', 'password_signin', 'password', 'attempt', 'carinacr.xavier@gmail.com', NULL, NULL, NULL, '/inicio', NULL, '{"ua": "Mozilla/5.0 (Macintosh; Intel Mac OS X 10_15_7) AppleWebKit/537.36 (KHTML, like Gecko) Chrome/147.0.0.0 Safari/537.36"}', '172.69.11.75', 'Mozilla/5.0 (Macintosh; Intel Mac OS X 10_15_7) AppleWebKit/537.36 (KHTML, like Gecko) Chrome/147.0.0.0 Safari/537.36', '2026-04-30 23:41:20.107562+00'),
	('7a5c93ca-b51d-47a0-97a6-44470b1c65ae', '499bfe5d-bd26-48a5-b70c-de91e4129d76', 'password_signin_failed', 'password', 'error', 'carinacr.xavier@gmail.com', NULL, 'invalid_credentials', 'Invalid login credentials', '/inicio', NULL, '{"ua": "Mozilla/5.0 (Macintosh; Intel Mac OS X 10_15_7) AppleWebKit/537.36 (KHTML, like Gecko) Chrome/147.0.0.0 Safari/537.36"}', '172.69.11.75', 'Mozilla/5.0 (Macintosh; Intel Mac OS X 10_15_7) AppleWebKit/537.36 (KHTML, like Gecko) Chrome/147.0.0.0 Safari/537.36', '2026-04-30 23:41:20.284833+00'),
	('9adfea50-6e08-4711-b851-148000bf93fd', '499bfe5d-bd26-48a5-b70c-de91e4129d76', 'password_signin', 'password', 'attempt', 'diegosanchespereira@gmail.com', NULL, NULL, NULL, '/inicio', NULL, '{"ua": "Mozilla/5.0 (Macintosh; Intel Mac OS X 10_15_7) AppleWebKit/537.36 (KHTML, like Gecko) Chrome/147.0.0.0 Safari/537.36"}', '172.69.11.75', 'Mozilla/5.0 (Macintosh; Intel Mac OS X 10_15_7) AppleWebKit/537.36 (KHTML, like Gecko) Chrome/147.0.0.0 Safari/537.36', '2026-04-30 23:41:43.193252+00'),
	('05863c96-42c5-429d-a2d3-c4bcfed63a0b', '499bfe5d-bd26-48a5-b70c-de91e4129d76', 'password_signin_success', 'password', 'success', 'diegosanchespereira@gmail.com', '633db554-b037-4e40-8c4f-575337dbfded', NULL, NULL, '/inicio', NULL, '{"ua": "Mozilla/5.0 (Macintosh; Intel Mac OS X 10_15_7) AppleWebKit/537.36 (KHTML, like Gecko) Chrome/147.0.0.0 Safari/537.36"}', '172.69.11.75', 'Mozilla/5.0 (Macintosh; Intel Mac OS X 10_15_7) AppleWebKit/537.36 (KHTML, like Gecko) Chrome/147.0.0.0 Safari/537.36', '2026-04-30 23:41:43.54441+00'),
	('89248e0e-ecd7-4063-a750-90c0e336a209', '499bfe5d-bd26-48a5-b70c-de91e4129d76', 'post_signin_session_check', 'password', 'success', 'diegosanchespereira@gmail.com', '633db554-b037-4e40-8c4f-575337dbfded', NULL, NULL, '/inicio', true, '{"ua": "Mozilla/5.0 (Macintosh; Intel Mac OS X 10_15_7) AppleWebKit/537.36 (KHTML, like Gecko) Chrome/147.0.0.0 Safari/537.36"}', '172.69.11.75', 'Mozilla/5.0 (Macintosh; Intel Mac OS X 10_15_7) AppleWebKit/537.36 (KHTML, like Gecko) Chrome/147.0.0.0 Safari/537.36', '2026-04-30 23:41:43.770104+00'),
	('9db1d553-dcea-4dba-ba4b-76ebc36b73d6', '2bddecbc-f698-4733-850e-df08d1ab2344', 'password_signin', 'password', 'attempt', 'carinacr.xavier@gmail.com', NULL, NULL, NULL, '/inicio', NULL, '{"ua": "Mozilla/5.0 (Macintosh; Intel Mac OS X 10_15_7) AppleWebKit/537.36 (KHTML, like Gecko) Chrome/147.0.0.0 Safari/537.36"}', '172.69.11.75', 'Mozilla/5.0 (Macintosh; Intel Mac OS X 10_15_7) AppleWebKit/537.36 (KHTML, like Gecko) Chrome/147.0.0.0 Safari/537.36', '2026-04-30 23:43:08.485982+00'),
	('0dfce692-5b8b-47ad-9ae1-fe4158be1b4f', '2bddecbc-f698-4733-850e-df08d1ab2344', 'password_signin_failed', 'password', 'error', 'carinacr.xavier@gmail.com', NULL, 'invalid_credentials', 'Invalid login credentials', '/inicio', NULL, '{"ua": "Mozilla/5.0 (Macintosh; Intel Mac OS X 10_15_7) AppleWebKit/537.36 (KHTML, like Gecko) Chrome/147.0.0.0 Safari/537.36"}', '172.69.11.75', 'Mozilla/5.0 (Macintosh; Intel Mac OS X 10_15_7) AppleWebKit/537.36 (KHTML, like Gecko) Chrome/147.0.0.0 Safari/537.36', '2026-04-30 23:43:08.913127+00'),
	('17b424aa-4022-45fc-8c25-2eddc073ec73', '2bddecbc-f698-4733-850e-df08d1ab2344', 'password_signin', 'password', 'attempt', 'carinacr.xavier@gmail.com', NULL, NULL, NULL, '/inicio', NULL, '{"ua": "Mozilla/5.0 (Macintosh; Intel Mac OS X 10_15_7) AppleWebKit/537.36 (KHTML, like Gecko) Chrome/147.0.0.0 Safari/537.36"}', '172.69.11.75', 'Mozilla/5.0 (Macintosh; Intel Mac OS X 10_15_7) AppleWebKit/537.36 (KHTML, like Gecko) Chrome/147.0.0.0 Safari/537.36', '2026-04-30 23:43:15.809141+00'),
	('84ba9f92-3072-497d-a0f9-8e4cd701afee', '2bddecbc-f698-4733-850e-df08d1ab2344', 'password_signin_success', 'password', 'success', 'carinacr.xavier@gmail.com', '904a0dd8-09de-44c0-b4c9-053ef0fabb37', NULL, NULL, '/inicio', NULL, '{"ua": "Mozilla/5.0 (Macintosh; Intel Mac OS X 10_15_7) AppleWebKit/537.36 (KHTML, like Gecko) Chrome/147.0.0.0 Safari/537.36"}', '172.69.11.75', 'Mozilla/5.0 (Macintosh; Intel Mac OS X 10_15_7) AppleWebKit/537.36 (KHTML, like Gecko) Chrome/147.0.0.0 Safari/537.36', '2026-04-30 23:43:16.094079+00'),
	('2771b473-9e76-4896-983d-e92dcf7824ff', '2bddecbc-f698-4733-850e-df08d1ab2344', 'post_signin_session_check', 'password', 'success', 'carinacr.xavier@gmail.com', '904a0dd8-09de-44c0-b4c9-053ef0fabb37', NULL, NULL, '/inicio', true, '{"ua": "Mozilla/5.0 (Macintosh; Intel Mac OS X 10_15_7) AppleWebKit/537.36 (KHTML, like Gecko) Chrome/147.0.0.0 Safari/537.36"}', '172.69.11.75', 'Mozilla/5.0 (Macintosh; Intel Mac OS X 10_15_7) AppleWebKit/537.36 (KHTML, like Gecko) Chrome/147.0.0.0 Safari/537.36', '2026-04-30 23:43:16.115535+00'),
	('f9245eb9-a2f0-4ee7-88fb-7022573ae9be', '1e692990-e4c9-4708-b7a7-6476e30cb55b', 'password_signin', 'password', 'attempt', 'carinacr.xavier@gmail.com', NULL, NULL, NULL, '/inicio', NULL, '{"ua": "Mozilla/5.0 (Windows NT 10.0; Win64; x64) AppleWebKit/537.36 (KHTML, like Gecko) Chrome/147.0.0.0 Safari/537.36 Edg/147.0.0.0"}', '104.22.10.65', 'Mozilla/5.0 (Windows NT 10.0; Win64; x64) AppleWebKit/537.36 (KHTML, like Gecko) Chrome/147.0.0.0 Safari/537.36 Edg/147.0.0.0', '2026-05-03 21:41:02.676558+00'),
	('6e1ad7df-8620-45a2-b962-443d4b538ac1', '1e692990-e4c9-4708-b7a7-6476e30cb55b', 'password_signin_success', 'password', 'success', 'carinacr.xavier@gmail.com', '904a0dd8-09de-44c0-b4c9-053ef0fabb37', NULL, NULL, '/inicio', NULL, '{"ua": "Mozilla/5.0 (Windows NT 10.0; Win64; x64) AppleWebKit/537.36 (KHTML, like Gecko) Chrome/147.0.0.0 Safari/537.36 Edg/147.0.0.0"}', '104.22.10.65', 'Mozilla/5.0 (Windows NT 10.0; Win64; x64) AppleWebKit/537.36 (KHTML, like Gecko) Chrome/147.0.0.0 Safari/537.36 Edg/147.0.0.0', '2026-05-03 21:41:03.436343+00'),
	('3ba4ab57-9654-47ef-845a-34df2aed17b4', '1e692990-e4c9-4708-b7a7-6476e30cb55b', 'post_signin_session_check', 'password', 'success', 'carinacr.xavier@gmail.com', '904a0dd8-09de-44c0-b4c9-053ef0fabb37', NULL, NULL, '/inicio', true, '{"ua": "Mozilla/5.0 (Windows NT 10.0; Win64; x64) AppleWebKit/537.36 (KHTML, like Gecko) Chrome/147.0.0.0 Safari/537.36 Edg/147.0.0.0"}', '104.22.10.65', 'Mozilla/5.0 (Windows NT 10.0; Win64; x64) AppleWebKit/537.36 (KHTML, like Gecko) Chrome/147.0.0.0 Safari/537.36 Edg/147.0.0.0', '2026-05-03 21:41:03.439597+00'),
	('73273826-0761-4a41-8b6f-7529cc3990a1', '50c8c8b4-7e6c-47e8-960e-187484b17196', 'password_signin', 'password', 'attempt', 'nutricionistabrunaribeiro@gmail.com', NULL, NULL, NULL, '/inicio', NULL, '{"ua": "Mozilla/5.0 (iPhone; CPU iPhone OS 26_4_2 like Mac OS X) AppleWebKit/605.1.15 (KHTML, like Gecko) CriOS/147.0.7727.99 Mobile/15E148 Safari/604.1"}', '104.22.10.65', 'Mozilla/5.0 (iPhone; CPU iPhone OS 26_4_2 like Mac OS X) AppleWebKit/605.1.15 (KHTML, like Gecko) CriOS/147.0.7727.99 Mobile/15E148 Safari/604.1', '2026-05-04 13:33:41.809818+00'),
	('92c37d1a-a157-4a11-b1f4-507d742265dd', '50c8c8b4-7e6c-47e8-960e-187484b17196', 'password_signin_success', 'password', 'success', 'nutricionistabrunaribeiro@gmail.com', '0ac5a0c3-00ba-4fa6-bacd-fc7f653e101f', NULL, NULL, '/inicio', NULL, '{"ua": "Mozilla/5.0 (iPhone; CPU iPhone OS 26_4_2 like Mac OS X) AppleWebKit/605.1.15 (KHTML, like Gecko) CriOS/147.0.7727.99 Mobile/15E148 Safari/604.1"}', '104.22.10.65', 'Mozilla/5.0 (iPhone; CPU iPhone OS 26_4_2 like Mac OS X) AppleWebKit/605.1.15 (KHTML, like Gecko) CriOS/147.0.7727.99 Mobile/15E148 Safari/604.1', '2026-05-04 13:33:44.812217+00'),
	('c207bc5b-3b18-4ec0-99a6-b57b9ad770a1', '50c8c8b4-7e6c-47e8-960e-187484b17196', 'post_signin_session_check', 'password', 'success', 'nutricionistabrunaribeiro@gmail.com', '0ac5a0c3-00ba-4fa6-bacd-fc7f653e101f', NULL, NULL, '/inicio', true, '{"ua": "Mozilla/5.0 (iPhone; CPU iPhone OS 26_4_2 like Mac OS X) AppleWebKit/605.1.15 (KHTML, like Gecko) CriOS/147.0.7727.99 Mobile/15E148 Safari/604.1"}', '104.22.10.65', 'Mozilla/5.0 (iPhone; CPU iPhone OS 26_4_2 like Mac OS X) AppleWebKit/605.1.15 (KHTML, like Gecko) CriOS/147.0.7727.99 Mobile/15E148 Safari/604.1', '2026-05-04 13:33:44.85481+00'),
	('ded6e954-4ea7-401d-ae29-0b8d5897ce93', '88386e5f-7945-4553-bf28-e56423152c26', 'password_signin', 'password', 'attempt', 'nutricionistabrunaribeiro@gmail.com', NULL, NULL, NULL, '/inicio', NULL, '{"ua": "Mozilla/5.0 (Macintosh; Intel Mac OS X 10_15_7) AppleWebKit/537.36 (KHTML, like Gecko) Chrome/147.0.0.0 Safari/537.36"}', '172.71.234.72', 'Mozilla/5.0 (Macintosh; Intel Mac OS X 10_15_7) AppleWebKit/537.36 (KHTML, like Gecko) Chrome/147.0.0.0 Safari/537.36', '2026-05-04 15:17:11.321696+00'),
	('5187b13f-090d-4c1e-866b-c362a512586d', '88386e5f-7945-4553-bf28-e56423152c26', 'password_signin_success', 'password', 'success', 'nutricionistabrunaribeiro@gmail.com', '0ac5a0c3-00ba-4fa6-bacd-fc7f653e101f', NULL, NULL, '/inicio', NULL, '{"ua": "Mozilla/5.0 (Macintosh; Intel Mac OS X 10_15_7) AppleWebKit/537.36 (KHTML, like Gecko) Chrome/147.0.0.0 Safari/537.36"}', '172.71.234.72', 'Mozilla/5.0 (Macintosh; Intel Mac OS X 10_15_7) AppleWebKit/537.36 (KHTML, like Gecko) Chrome/147.0.0.0 Safari/537.36', '2026-05-04 15:17:11.962864+00'),
	('ae814659-bce8-4171-8804-903cea6e9d14', '88386e5f-7945-4553-bf28-e56423152c26', 'post_signin_session_check', 'password', 'success', 'nutricionistabrunaribeiro@gmail.com', '0ac5a0c3-00ba-4fa6-bacd-fc7f653e101f', NULL, NULL, '/inicio', true, '{"ua": "Mozilla/5.0 (Macintosh; Intel Mac OS X 10_15_7) AppleWebKit/537.36 (KHTML, like Gecko) Chrome/147.0.0.0 Safari/537.36"}', '172.71.234.72', 'Mozilla/5.0 (Macintosh; Intel Mac OS X 10_15_7) AppleWebKit/537.36 (KHTML, like Gecko) Chrome/147.0.0.0 Safari/537.36', '2026-05-04 15:17:11.96515+00'),
	('f0b3a91d-d9c6-4ae3-9c81-677894972ac5', '267026df-878e-4258-9df3-b7b03d0e6f11', 'password_signin', 'password', 'attempt', 'nutricionistabrunaribeiro@gmail.com', NULL, NULL, NULL, '/clientes', NULL, '{"ua": "Mozilla/5.0 (iPhone; CPU iPhone OS 26_4_2 like Mac OS X) AppleWebKit/605.1.15 (KHTML, like Gecko) CriOS/147.0.7727.99 Mobile/15E148 Safari/604.1"}', '104.23.254.199', 'Mozilla/5.0 (iPhone; CPU iPhone OS 26_4_2 like Mac OS X) AppleWebKit/605.1.15 (KHTML, like Gecko) CriOS/147.0.7727.99 Mobile/15E148 Safari/604.1', '2026-05-04 15:18:25.718634+00'),
	('7174e143-27dd-437c-9cf6-87926c12aaf7', '267026df-878e-4258-9df3-b7b03d0e6f11', 'password_signin_success', 'password', 'success', 'nutricionistabrunaribeiro@gmail.com', '0ac5a0c3-00ba-4fa6-bacd-fc7f653e101f', NULL, NULL, '/clientes', NULL, '{"ua": "Mozilla/5.0 (iPhone; CPU iPhone OS 26_4_2 like Mac OS X) AppleWebKit/605.1.15 (KHTML, like Gecko) CriOS/147.0.7727.99 Mobile/15E148 Safari/604.1"}', '104.23.254.199', 'Mozilla/5.0 (iPhone; CPU iPhone OS 26_4_2 like Mac OS X) AppleWebKit/605.1.15 (KHTML, like Gecko) CriOS/147.0.7727.99 Mobile/15E148 Safari/604.1', '2026-05-04 15:18:26.095863+00'),
	('c5425217-5e7d-464b-a583-5815718ec590', '267026df-878e-4258-9df3-b7b03d0e6f11', 'post_signin_session_check', 'password', 'success', 'nutricionistabrunaribeiro@gmail.com', '0ac5a0c3-00ba-4fa6-bacd-fc7f653e101f', NULL, NULL, '/clientes', true, '{"ua": "Mozilla/5.0 (iPhone; CPU iPhone OS 26_4_2 like Mac OS X) AppleWebKit/605.1.15 (KHTML, like Gecko) CriOS/147.0.7727.99 Mobile/15E148 Safari/604.1"}', '104.23.254.199', 'Mozilla/5.0 (iPhone; CPU iPhone OS 26_4_2 like Mac OS X) AppleWebKit/605.1.15 (KHTML, like Gecko) CriOS/147.0.7727.99 Mobile/15E148 Safari/604.1', '2026-05-04 15:18:26.104362+00');


--
-- Data for Name: checklist_templates; Type: TABLE DATA; Schema: public; Owner: postgres
--

INSERT INTO "public"."checklist_templates" ("id", "name", "portaria_ref", "uf", "applies_to", "description", "version", "is_active", "created_at", "updated_at") VALUES
	('a0eebc99-9c0b-4ef8-bb6d-6bb9bd380a11', '[ARQUIVADO] Portaria CVS-5/2013 — exemplo didático', 'CVS-5/2013', 'SP', '{escola,hospital,clinica,lar_idosos,empresa}', 'Checklist de referência para inspeção sanitária em serviços de alimentação (MVP — dados de exemplo).', 1, false, '2026-04-03 21:28:50.521106+00', '2026-04-03 21:28:50.521106+00'),
	('a1eebc99-9c0b-4ef8-bb6d-6bb9bd380b00', 'Checklist — Segurança e Boas Práticas em Manipulação de Alimentos', 'RDC 216/2004 / CVS-5/2013', '*', '{escola,hospital,clinica,lar_idosos,empresa}', 'Checklist operacional de boas práticas para serviços de alimentação. Cobre estrutura, equipamentos, recebimento, manipulação e documentação regulatória.', 1, true, '2026-04-06 14:15:29.659105+00', '2026-04-06 14:15:29.659105+00');


--
-- Data for Name: team_members; Type: TABLE DATA; Schema: public; Owner: postgres
--

INSERT INTO "public"."team_members" ("id", "owner_user_id", "full_name", "email", "phone", "professional_area", "job_role", "crn", "notes", "created_at", "updated_at", "member_user_id") VALUES
	('54d29816-92a1-4e75-a158-c0f0e942838a', '633db554-b037-4e40-8c4f-575337dbfded', 'Carina Xavier', 'carinacr.xavier@gmail.com', NULL, 'nutrition', 'gestao', 'CRN-3 20044', NULL, '2026-04-17 15:32:24.441393+00', '2026-04-30 12:34:21.259664+00', '904a0dd8-09de-44c0-b4c9-053ef0fabb37'),
	('5ebc7080-c7d6-4576-95ad-d9d1b129005a', '633db554-b037-4e40-8c4f-575337dbfded', 'Bruna Ribeiro', 'nutricionistabrunaribeiro@gmail.com', NULL, 'nutrition', 'nutricionista', 'CRN3 45279', NULL, '2026-04-17 15:33:44.469332+00', '2026-04-30 21:41:59.622018+00', '0ac5a0c3-00ba-4fa6-bacd-fc7f653e101f'),
	('ab7c0bd7-a9cf-48e2-9c96-221d6880242e', '633db554-b037-4e40-8c4f-575337dbfded', 'Raiane Pimenta', 'raianepimenta02@gmail.com', NULL, 'nutrition', 'nutricionista', '45315', NULL, '2026-04-17 15:33:16.679066+00', '2026-04-30 21:42:35.389428+00', 'd2c0ae27-29b6-49fd-ba6b-0d3362ac6444'),
	('25c9bfb8-8d98-4ed4-9454-88484fd080a7', '633db554-b037-4e40-8c4f-575337dbfded', 'Cristiane', 'cris_nutri@terra.com.br', NULL, 'nutrition', 'nutricionista', '20076', NULL, '2026-04-17 15:31:42.508427+00', '2026-04-30 21:43:22.280929+00', '05487a66-8616-4a69-b20f-363fde46bf5b'),
	('32dcb287-543f-4d48-9024-d2bd24f3aef2', '633db554-b037-4e40-8c4f-575337dbfded', 'Thatiana', 'thatiana@sabernutrir.com.br', NULL, 'nutrition', 'nutricionista', '27994', NULL, '2026-04-17 21:40:00.738392+00', '2026-04-30 21:44:09.565288+00', 'ece7e15e-25ba-4fa7-8186-082e1ac7b490'),
	('cb7314f7-431a-4eca-b0a1-953458764da6', '633db554-b037-4e40-8c4f-575337dbfded', 'Meire da Silva', 'dasilvameire26@yahoo.com.br', NULL, 'nutrition', 'nutricionista', '43.995', NULL, '2026-04-17 15:35:47.195888+00', '2026-05-01 00:15:45.69867+00', '6b78b890-8def-4de8-895f-af18a9b4a0d1');


--
-- Data for Name: clients; Type: TABLE DATA; Schema: public; Owner: postgres
--

INSERT INTO "public"."clients" ("id", "owner_user_id", "kind", "legal_name", "trade_name", "document_id", "email", "phone", "notes", "created_at", "updated_at", "attended_full_name", "birth_date", "sex", "dietary_restrictions", "chronic_medications", "guardian_full_name", "guardian_document_id", "guardian_email", "guardian_phone", "guardian_relationship", "lifecycle_status", "activated_at", "state_registration", "municipal_registration", "sanitary_license", "website_url", "social_links", "logo_storage_path", "legal_rep_full_name", "legal_rep_document_id", "legal_rep_role", "legal_rep_email", "legal_rep_phone", "technical_rep_full_name", "technical_rep_professional_id", "technical_rep_email", "technical_rep_phone", "business_segment", "responsible_team_member_id") VALUES
	('81988c7c-82b0-41a7-8440-7536a02f9398', '633db554-b037-4e40-8c4f-575337dbfded', 'pf', 'Paciente 1', NULL, '19971114038', NULL, NULL, NULL, '2026-04-03 14:05:13.693521+00', '2026-04-03 14:05:13.693521+00', NULL, NULL, NULL, NULL, NULL, NULL, NULL, NULL, NULL, NULL, 'ativo', NULL, NULL, NULL, NULL, NULL, '{}', NULL, NULL, NULL, NULL, NULL, NULL, NULL, NULL, NULL, NULL, NULL, NULL),
	('320a13b3-e96d-4215-96b1-5957dd131731', '633db554-b037-4e40-8c4f-575337dbfded', 'pf', 'João Silva', NULL, '12345678901', 'joao@email.com', '11999990000', NULL, '2026-04-03 21:13:26.769194+00', '2026-04-03 21:13:26.769194+00', NULL, NULL, NULL, NULL, NULL, NULL, NULL, NULL, NULL, NULL, 'ativo', NULL, NULL, NULL, NULL, NULL, '{}', NULL, NULL, NULL, NULL, NULL, NULL, NULL, NULL, NULL, NULL, NULL, NULL),
	('4a82d5da-1806-491c-83e2-0adca81a5c78', '633db554-b037-4e40-8c4f-575337dbfded', 'pj', 'Escola infantil Jardim Celeste', NULL, NULL, NULL, NULL, NULL, '2026-04-06 11:26:38.230019+00', '2026-04-06 11:26:38.230019+00', NULL, NULL, NULL, NULL, NULL, NULL, NULL, NULL, NULL, NULL, 'ativo', '2026-04-06', NULL, NULL, NULL, NULL, '{}', NULL, NULL, NULL, NULL, NULL, NULL, NULL, NULL, NULL, NULL, 'escola', NULL),
	('2f2f04a9-b574-4cd5-9ce0-c98877468026', '633db554-b037-4e40-8c4f-575337dbfded', 'pf', 'Rosana aparecida', NULL, NULL, NULL, NULL, NULL, '2026-04-09 02:17:37.81329+00', '2026-04-09 02:18:21.26049+00', NULL, '1950-01-01', 'male', NULL, NULL, NULL, NULL, NULL, NULL, NULL, 'ativo', NULL, NULL, NULL, NULL, NULL, '{}', NULL, NULL, NULL, NULL, NULL, NULL, NULL, NULL, NULL, NULL, NULL, NULL),
	('79c47817-a317-4870-9b43-206eafc071e4', '633db554-b037-4e40-8c4f-575337dbfded', 'pj', 'Primus', 'Primus Salgados Carapicuíba', NULL, 'carinacr.xavier@gmail.com', NULL, NULL, '2026-04-16 14:33:07.93602+00', '2026-04-16 14:33:07.93602+00', NULL, NULL, NULL, NULL, NULL, NULL, NULL, NULL, NULL, NULL, 'ativo', '2026-04-16', NULL, NULL, NULL, NULL, '{}', NULL, NULL, NULL, NULL, NULL, NULL, NULL, NULL, NULL, NULL, 'industria_alimenticia', NULL),
	('69448966-976b-4840-9499-badcf6136fbf', '633db554-b037-4e40-8c4f-575337dbfded', 'pj', 'LIBERDADE COMERCIO DE ALIMENTOS E BEBIDAS LTDA.', 'BY KOJI EINSTEIN', '12355884000348', NULL, NULL, NULL, '2026-04-20 11:13:12.878525+00', '2026-04-20 11:16:55.85521+00', NULL, NULL, NULL, NULL, NULL, NULL, NULL, NULL, NULL, NULL, 'ativo', NULL, NULL, NULL, NULL, NULL, '{}', NULL, NULL, NULL, NULL, NULL, NULL, NULL, NULL, NULL, NULL, 'restaurante', NULL),
	('30711f44-035b-4f52-99d4-277e42de4588', '633db554-b037-4e40-8c4f-575337dbfded', 'pj', 'LIBERDADE COMERCIO DE ALIMENTOS E BEBIDAS LTDA.', 'BY KOJI MORUMBI', '12355884000186', NULL, NULL, NULL, '2026-04-22 11:38:30.664869+00', '2026-04-22 14:10:20.279792+00', NULL, NULL, NULL, NULL, NULL, NULL, NULL, NULL, NULL, NULL, 'ativo', NULL, NULL, NULL, NULL, NULL, '{}', NULL, 'Carlos Koji Yokomizo', NULL, 'Responsável legal', NULL, NULL, 'Raiane Oliveira Pimenta', 'CRN 3 - 45.315', 'raianepimenta02@gmail.com', '11979720431', 'restaurante', NULL),
	('5c7ec626-86aa-4aed-84b5-f41aefdd6dab', '633db554-b037-4e40-8c4f-575337dbfded', 'pj', 'LIBERDADE COMERCIO DE ALIMENTOS E BEBIDAS LTDA.', 'BY KOJI DELIVERY', '12355884000429', NULL, NULL, NULL, '2026-04-20 13:23:32.714906+00', '2026-04-20 13:23:32.714906+00', NULL, NULL, NULL, NULL, NULL, NULL, NULL, NULL, NULL, NULL, 'ativo', NULL, NULL, NULL, NULL, NULL, '{}', NULL, NULL, NULL, NULL, NULL, NULL, NULL, NULL, NULL, NULL, 'restaurante', NULL),
	('2f830d09-db72-4513-aae4-99883387f60a', '633db554-b037-4e40-8c4f-575337dbfded', 'pj', 'BE PROJETO APRENDER EIRELI', 'Projeto Aprender', '17328364000106', NULL, NULL, NULL, '2026-04-22 16:01:45.700212+00', '2026-04-22 16:01:45.700212+00', NULL, NULL, NULL, NULL, NULL, NULL, NULL, NULL, NULL, NULL, 'ativo', NULL, NULL, NULL, NULL, NULL, '{}', NULL, NULL, NULL, NULL, NULL, NULL, NULL, NULL, NULL, NULL, 'escola', NULL),
	('7ad6b530-e0dd-42fb-b81f-7a0376c642ca', '633db554-b037-4e40-8c4f-575337dbfded', 'pj', 'MILLA RESIDENCIAL SENIOR LTDA', 'Milla Residencial', '07772811000150', 'milane_5@hotmail.com', '5511953599403', NULL, '2026-04-28 16:16:25.101861+00', '2026-04-28 16:39:16.281813+00', NULL, NULL, NULL, NULL, NULL, NULL, NULL, NULL, NULL, NULL, 'ativo', NULL, NULL, NULL, NULL, NULL, '{}', NULL, NULL, NULL, NULL, NULL, NULL, NULL, NULL, NULL, NULL, 'lar_idosos', '32dcb287-543f-4d48-9024-d2bd24f3aef2'),
	('105fed2b-1565-494a-b84f-267790209e97', '633db554-b037-4e40-8c4f-575337dbfded', 'pj', 'Liberdade Comércio', 'By Koji - Guedala', '12355884000852', 'carinacr.xavier@gmail.com', NULL, NULL, '2026-04-23 17:51:48.571315+00', '2026-04-23 17:58:56.008444+00', NULL, NULL, NULL, NULL, NULL, NULL, NULL, NULL, NULL, NULL, 'ativo', NULL, NULL, NULL, NULL, NULL, '{}', NULL, NULL, NULL, NULL, NULL, NULL, NULL, NULL, NULL, NULL, 'restaurante', NULL),
	('d974dfab-f7b7-42e6-9800-e14ebd9e3b3e', '633db554-b037-4e40-8c4f-575337dbfded', 'pj', 'ELISANDRA APARECIDA DA SILVA RODRIGUES DE ALMEIDA CASA DE REPOUSO - ME', 'CASA DE REPOUSO SAO JUDAS TADEU', '28153510000118', NULL, '5511973703602', NULL, '2026-04-28 16:06:24.338174+00', '2026-04-28 16:39:28.640187+00', NULL, NULL, NULL, NULL, NULL, NULL, NULL, NULL, NULL, NULL, 'ativo', NULL, NULL, NULL, NULL, NULL, '{}', NULL, NULL, NULL, NULL, NULL, NULL, NULL, NULL, NULL, NULL, 'lar_idosos', '32dcb287-543f-4d48-9024-d2bd24f3aef2'),
	('c62a0a25-0bed-4438-a86a-4089194860c3', '633db554-b037-4e40-8c4f-575337dbfded', 'pj', 'Empresa LTDA', 'Empresa Fantasia', NULL, 'contato@empresa.com', '1133330000', NULL, '2026-04-03 21:13:26.769194+00', '2026-04-24 01:15:49.438361+00', NULL, NULL, NULL, NULL, NULL, NULL, NULL, NULL, NULL, NULL, 'ativo', NULL, NULL, NULL, NULL, NULL, '{}', NULL, NULL, NULL, NULL, NULL, NULL, NULL, NULL, NULL, NULL, NULL, NULL),
	('ed1cfca9-2278-4315-aa0e-0007f399f64e', '633db554-b037-4e40-8c4f-575337dbfded', 'pj', 'Sushi Kiyomi', 'Sushi Kiyo', NULL, 'carinacr.xavier@gmail.com', NULL, NULL, '2026-04-24 15:03:17.829028+00', '2026-04-24 15:03:17.829028+00', NULL, NULL, NULL, NULL, NULL, NULL, NULL, NULL, NULL, NULL, 'ativo', NULL, NULL, NULL, NULL, NULL, '{}', NULL, NULL, NULL, NULL, NULL, NULL, NULL, NULL, NULL, NULL, 'restaurante', '5ebc7080-c7d6-4576-95ad-d9d1b129005a'),
	('37fe46e2-3f49-4953-89dd-24f81cb36fee', '633db554-b037-4e40-8c4f-575337dbfded', 'pj', 'LIBERDADE COMERCIO DE ALIMENTOS E BEBIDAS LTDA.', 'By koji Consolação', '12355884000500', NULL, '5511992279923', NULL, '2026-04-28 16:42:52.365833+00', '2026-04-28 16:42:52.365833+00', NULL, NULL, NULL, NULL, NULL, NULL, NULL, NULL, NULL, NULL, 'ativo', NULL, NULL, NULL, NULL, NULL, '{}', NULL, NULL, NULL, NULL, NULL, NULL, NULL, NULL, NULL, NULL, 'restaurante', 'ab7c0bd7-a9cf-48e2-9c96-221d6880242e'),
	('125dd458-7ff6-4953-9341-3d9c619262d2', '633db554-b037-4e40-8c4f-575337dbfded', 'pj', 'RESTAURANTE MICA GAUICUI LTDA', 'SHUK 3 Delivery', '35807158000152', NULL, '5511947192463', NULL, '2026-04-28 15:55:21.103229+00', '2026-04-28 16:44:23.886893+00', NULL, NULL, NULL, NULL, NULL, NULL, NULL, NULL, NULL, NULL, 'ativo', NULL, NULL, NULL, NULL, NULL, '{}', NULL, NULL, NULL, NULL, NULL, NULL, NULL, NULL, NULL, NULL, NULL, NULL),
	('5f6f70ff-ef94-4fd8-808f-ba683d9bea26', '633db554-b037-4e40-8c4f-575337dbfded', 'pj', 'ENSEADA GASTRONOMIA E EVENTOS LTDA', 'La Vieiras Guarujá', '39662140000160', 'admguaruja@lavieiras.com', '55 13 99787-9695', NULL, '2026-04-29 01:55:12.656427+00', '2026-04-29 01:55:12.656427+00', NULL, NULL, NULL, NULL, NULL, NULL, NULL, NULL, NULL, NULL, 'ativo', NULL, NULL, NULL, NULL, NULL, '{}', NULL, NULL, NULL, NULL, NULL, NULL, NULL, NULL, NULL, NULL, 'restaurante', '54d29816-92a1-4e75-a158-c0f0e942838a'),
	('7e685648-786d-46f2-9ed0-cdeaedf36dcb', '633db554-b037-4e40-8c4f-575337dbfded', 'pj', 'CENTRO EDUCACIONAL A. MAR LTDA', 'A.MAR SCHOOL', '09069920000130', 'secretaria@centroeducacionalamar.com.br', '940290493', NULL, '2026-04-28 16:01:34.660208+00', '2026-04-28 16:01:34.660208+00', NULL, NULL, NULL, NULL, NULL, NULL, NULL, NULL, NULL, NULL, 'ativo', NULL, NULL, NULL, NULL, NULL, '{}', NULL, NULL, NULL, NULL, NULL, NULL, NULL, NULL, NULL, NULL, 'escola', '54d29816-92a1-4e75-a158-c0f0e942838a'),
	('018a7d5f-6fd2-43e8-b51e-bf6e4b01b1ef', '633db554-b037-4e40-8c4f-575337dbfded', 'pj', 'Kairos Casa Geriátrica', 'Kairos', '20092889000191', NULL, '551145560674', NULL, '2026-04-28 16:04:21.551948+00', '2026-04-28 16:04:21.551948+00', NULL, NULL, NULL, NULL, NULL, NULL, NULL, NULL, NULL, NULL, 'ativo', NULL, NULL, NULL, NULL, NULL, '{}', NULL, NULL, NULL, NULL, NULL, NULL, NULL, NULL, NULL, NULL, 'lar_idosos', '32dcb287-543f-4d48-9024-d2bd24f3aef2'),
	('5f1a5cdd-fdcc-498d-8046-399d53b86bdf', '633db554-b037-4e40-8c4f-575337dbfded', 'pj', 'Emporio Misso', 'Empório São Pedro', '18940640000147', 'carinacr.xavier@gmail.com', NULL, NULL, '2026-04-20 14:51:10.622809+00', '2026-04-20 14:51:42.967425+00', NULL, NULL, NULL, NULL, NULL, NULL, NULL, NULL, NULL, NULL, 'ativo', '2026-04-20', NULL, NULL, NULL, NULL, '{}', NULL, NULL, NULL, NULL, NULL, NULL, NULL, NULL, NULL, NULL, 'mercado', NULL),
	('92a0bf8d-968c-45a3-8b1d-fa8567a3a450', '633db554-b037-4e40-8c4f-575337dbfded', 'pj', 'CASA DE REPOUSO VALE DOS SONHOS LTDA', 'CASA DE REPOUSO VALE DOS SONHOS', '44522113000122', NULL, '5511984142781', NULL, '2026-04-28 16:13:39.845616+00', '2026-04-28 16:13:39.845616+00', NULL, NULL, NULL, NULL, NULL, NULL, NULL, NULL, NULL, NULL, 'ativo', NULL, NULL, NULL, NULL, NULL, '{}', NULL, NULL, NULL, NULL, NULL, NULL, NULL, NULL, NULL, NULL, 'lar_idosos', '32dcb287-543f-4d48-9024-d2bd24f3aef2'),
	('79dbff6f-042d-4757-9650-701e86063ec6', '633db554-b037-4e40-8c4f-575337dbfded', 'pj', 'Casa de Repouso Lirio do Vale LTDA', 'Lirio do Vale', '42464577000102', NULL, '5511930990316', NULL, '2026-04-23 18:06:30.556644+00', '2026-04-28 16:47:56.941982+00', NULL, NULL, NULL, NULL, NULL, NULL, NULL, NULL, NULL, NULL, 'ativo', NULL, NULL, NULL, NULL, NULL, '{}', NULL, NULL, NULL, NULL, NULL, NULL, NULL, NULL, NULL, NULL, 'lar_idosos', '32dcb287-543f-4d48-9024-d2bd24f3aef2'),
	('e5a331bc-0345-4ab4-8716-0e6cbc29d563', '633db554-b037-4e40-8c4f-575337dbfded', 'pj', 'BOLINHOS MM LTDA', 'Bendita Filó', '10568143000158', 'financeiro@benditafilosalgados.com.br', '5511996260022', NULL, '2026-04-28 17:03:29.843525+00', '2026-04-28 17:03:29.843525+00', NULL, NULL, NULL, NULL, NULL, NULL, NULL, NULL, NULL, NULL, 'ativo', NULL, NULL, NULL, NULL, NULL, '{}', NULL, NULL, NULL, NULL, NULL, NULL, NULL, NULL, NULL, NULL, 'industria_alimenticia', '5ebc7080-c7d6-4576-95ad-d9d1b129005a'),
	('3bf57892-a980-4715-a880-ebe3eaf00a71', '633db554-b037-4e40-8c4f-575337dbfded', 'pj', 'SAN JUAN SAO PAULO HOTEL LTDA', 'SAN JUAN', '00825082000103', 'josenildo@sanjuanhoteis.com.br', '55 11 96499-6078', NULL, '2026-04-29 01:58:56.585524+00', '2026-04-29 01:58:56.585524+00', NULL, NULL, NULL, NULL, NULL, NULL, NULL, NULL, NULL, NULL, 'ativo', NULL, NULL, NULL, NULL, NULL, '{}', NULL, NULL, NULL, NULL, NULL, NULL, NULL, NULL, NULL, NULL, 'hotel', 'cb7314f7-431a-4eca-b0a1-953458764da6'),
	('1e7f9084-cafb-4a21-81f2-164cec954b7e', '633db554-b037-4e40-8c4f-575337dbfded', 'pj', 'ESCOLA DE EDUCACAO INFANTIL TURMINHA DO PIMPOLHO UNIDADE VIII LTDA.', 'E.E.I. TURMINHA DO PIMPOLHO UNIDADE VIII', '31402329000102', 'turminhadopimpolho8@gmail.com', '5511997113531', NULL, '2026-04-28 16:33:46.326438+00', '2026-04-28 16:33:46.326438+00', NULL, NULL, NULL, NULL, NULL, NULL, NULL, NULL, NULL, NULL, 'ativo', NULL, NULL, NULL, NULL, NULL, '{}', NULL, NULL, NULL, NULL, NULL, NULL, NULL, NULL, NULL, NULL, 'escola', '32dcb287-543f-4d48-9024-d2bd24f3aef2'),
	('ecfe3b61-4b8d-498c-8378-cf182c5f4b84', '633db554-b037-4e40-8c4f-575337dbfded', 'pj', 'GUARAPIRANGA GASTRONOMIA E EVENTOS LTDA', 'La Vieiras YCSA', '40084098000127', 'financeiro@lavieiras.com', '5511966677113', NULL, '2026-04-28 16:38:54.885881+00', '2026-04-28 16:38:54.885881+00', NULL, NULL, NULL, NULL, NULL, NULL, NULL, NULL, NULL, NULL, 'ativo', NULL, NULL, NULL, NULL, NULL, '{}', NULL, NULL, NULL, NULL, NULL, NULL, NULL, NULL, NULL, NULL, 'restaurante', 'cb7314f7-431a-4eca-b0a1-953458764da6'),
	('e94dc087-3a7a-47bb-8d6d-cfcbc7af0792', '633db554-b037-4e40-8c4f-575337dbfded', 'pj', 'BENDITA MM LTDA', 'Bendita Filé', '48659142000191', 'financeiro@benditafilosalgados.com.br', '55 11 99626-0022', NULL, '2026-04-28 17:05:48.062294+00', '2026-04-28 17:17:34.492286+00', NULL, NULL, NULL, NULL, NULL, NULL, NULL, NULL, NULL, NULL, 'ativo', NULL, NULL, NULL, NULL, NULL, '{}', NULL, NULL, NULL, NULL, NULL, NULL, NULL, NULL, NULL, NULL, 'industria_alimenticia', '5ebc7080-c7d6-4576-95ad-d9d1b129005a'),
	('1a324b14-6499-4cf0-a257-6adec98d8f4b', '633db554-b037-4e40-8c4f-575337dbfded', 'pj', 'ANA CRISTINA BEM CASADOS E EVENTOS LTDA', 'ANA CRISTINA BEM CASADOS', '04238892000114', 'anacristinabemcasados@gmail.com', '5511997307559', NULL, '2026-04-28 17:22:10.373535+00', '2026-04-28 17:22:10.373535+00', NULL, NULL, NULL, NULL, NULL, NULL, NULL, NULL, NULL, NULL, 'ativo', NULL, NULL, NULL, NULL, NULL, '{}', NULL, NULL, NULL, NULL, NULL, NULL, NULL, NULL, NULL, NULL, 'industria_alimenticia', '5ebc7080-c7d6-4576-95ad-d9d1b129005a'),
	('f0c49df0-154f-46b4-8f9f-77c674c7904d', '633db554-b037-4e40-8c4f-575337dbfded', 'pj', 'ROMANA DOCES E SALGADOS LTDA', 'ROMANA DOCES E SALGADOS', '30735235000192', 'romanasalgados@hotmail.com', '5511947719000', NULL, '2026-04-28 17:24:43.953571+00', '2026-04-28 17:24:43.953571+00', NULL, NULL, NULL, NULL, NULL, NULL, NULL, NULL, NULL, NULL, 'ativo', NULL, NULL, NULL, NULL, NULL, '{}', NULL, NULL, NULL, NULL, NULL, NULL, NULL, NULL, NULL, NULL, 'industria_alimenticia', 'cb7314f7-431a-4eca-b0a1-953458764da6'),
	('97d1fb33-1380-4d41-93d6-b0d994b34709', '633db554-b037-4e40-8c4f-575337dbfded', 'pj', 'ESCOLA DE EDUCACAO INFANTIL RA TIM BUM LTDA', 'EEI RA TIM BUM', '02502701000154', 'julian.tesouraria@escolaateneu.com.br', '5511985938690', NULL, '2026-04-28 17:26:48.958576+00', '2026-04-28 17:26:48.958576+00', NULL, NULL, NULL, NULL, NULL, NULL, NULL, NULL, NULL, NULL, 'ativo', NULL, NULL, NULL, NULL, NULL, '{}', NULL, NULL, NULL, NULL, NULL, NULL, NULL, NULL, NULL, NULL, 'escola', '32dcb287-543f-4d48-9024-d2bd24f3aef2'),
	('50cf3fc6-6311-493d-a426-bf7a5e0a0f7d', '633db554-b037-4e40-8c4f-575337dbfded', 'pj', 'VIEIRAS CAFETERIA E EVENTOS LTDA', 'La Vieiras Bela Cintra', '19886271000114', 'gerenciabelacintra@lavieiras.com', '55 11 97161-7837', NULL, '2026-04-29 02:02:41.326402+00', '2026-04-29 02:02:41.326402+00', NULL, NULL, NULL, NULL, NULL, NULL, NULL, NULL, NULL, NULL, 'ativo', NULL, NULL, NULL, NULL, NULL, '{}', NULL, NULL, NULL, NULL, NULL, NULL, NULL, NULL, NULL, NULL, 'hotel', 'cb7314f7-431a-4eca-b0a1-953458764da6'),
	('eaf8a897-1e40-4e5a-99ea-846165331afa', '633db554-b037-4e40-8c4f-575337dbfded', 'pj', 'ESCOLA DE EDUCACAO INFANTIL TURMINHA DO PIMPOLHO UNIDADE VII LTDA', 'E.E.I. TURMINHA DO PIMPOLHO Carapicuíba', '25110304000132', 'turminhadopimpolho7@gmail.com', '55 11 96063-2367', NULL, '2026-04-29 02:05:14.203457+00', '2026-04-29 02:05:14.203457+00', NULL, NULL, NULL, NULL, NULL, NULL, NULL, NULL, NULL, NULL, 'ativo', NULL, NULL, NULL, NULL, NULL, '{}', NULL, NULL, NULL, NULL, NULL, NULL, NULL, NULL, NULL, NULL, 'escola', '32dcb287-543f-4d48-9024-d2bd24f3aef2'),
	('10e80a10-9fcc-402e-9cc4-5e129754d559', '633db554-b037-4e40-8c4f-575337dbfded', 'pj', 'LA VIEIRAS GASTRONOMIA E EVENTOS LTDA', 'La Vieiras Hípica', '18588496000121', 'admhipica@lavieiras.com', '55 11 97286-3551', NULL, '2026-04-29 02:11:16.667692+00', '2026-04-29 02:11:16.667692+00', NULL, NULL, NULL, NULL, NULL, NULL, NULL, NULL, NULL, NULL, 'ativo', NULL, NULL, NULL, NULL, NULL, '{}', NULL, NULL, NULL, NULL, NULL, NULL, NULL, NULL, NULL, NULL, 'restaurante', 'cb7314f7-431a-4eca-b0a1-953458764da6'),
	('be0c4a0c-a9be-47a8-8631-86470208b883', '633db554-b037-4e40-8c4f-575337dbfded', 'pj', 'ESPACO BEM VIVER ESCOLA MATERNAL LTDA', 'ESPACO BEM VIVER', '07792630000195', 'jardimespacobemviver@gmail.com', '55 11 97173-2617', NULL, '2026-04-29 02:13:43.088633+00', '2026-04-29 02:13:43.088633+00', NULL, NULL, NULL, NULL, NULL, NULL, NULL, NULL, NULL, NULL, 'ativo', NULL, NULL, NULL, NULL, NULL, '{}', NULL, NULL, NULL, NULL, NULL, NULL, NULL, NULL, NULL, NULL, 'escola', '32dcb287-543f-4d48-9024-d2bd24f3aef2'),
	('c156b4e4-4dce-45ec-b8ca-8340a3f73c29', '633db554-b037-4e40-8c4f-575337dbfded', 'pj', 'LIBERDADE COMERCIO DE ALIMENTOS E BEBIDAS LTDA.', 'by koji Vila Nova Conceição', '12355884000690', 'marcia@bykojirestaurante.com.br', '55 11 94755-2910', NULL, '2026-04-29 02:19:13.70397+00', '2026-04-29 02:19:13.70397+00', NULL, NULL, NULL, NULL, NULL, NULL, NULL, NULL, NULL, NULL, 'ativo', NULL, NULL, NULL, NULL, NULL, '{}', NULL, NULL, NULL, NULL, NULL, NULL, NULL, NULL, NULL, NULL, 'restaurante', 'cb7314f7-431a-4eca-b0a1-953458764da6'),
	('9fb2f823-5eb7-4a76-921a-2a3416ffe581', '633db554-b037-4e40-8c4f-575337dbfded', 'pj', 'Bar e Restaurante Ponto Chic LTDA', 'Ponto Chic - Perdizes', '01961478000140', 'alyne@pontochicperdizes.com.br', '5511988902936', NULL, '2026-04-20 14:42:33.807544+00', '2026-04-29 02:30:07.295824+00', NULL, NULL, NULL, NULL, NULL, NULL, NULL, NULL, NULL, NULL, 'ativo', '2026-04-20', NULL, NULL, NULL, NULL, '{}', NULL, 'Alyne', NULL, NULL, NULL, NULL, NULL, NULL, NULL, NULL, 'restaurante', 'cb7314f7-431a-4eca-b0a1-953458764da6'),
	('6558e982-e3aa-4359-a5d4-114027471fb2', '633db554-b037-4e40-8c4f-575337dbfded', 'pj', 'CARRIERI PIZZERIA LTDA', 'CARRIERI PIZZERIA', '61404006000119', 'adm@carrieripizzeria.com.br', '5511976919150', NULL, '2026-04-29 02:35:32.452884+00', '2026-04-29 02:35:32.452884+00', NULL, NULL, NULL, NULL, NULL, NULL, NULL, NULL, NULL, NULL, 'ativo', NULL, NULL, NULL, NULL, NULL, '{}', NULL, NULL, NULL, NULL, NULL, NULL, NULL, NULL, NULL, NULL, 'restaurante', '54d29816-92a1-4e75-a158-c0f0e942838a'),
	('37397e4b-a7f9-497c-9733-22e639885cd1', '633db554-b037-4e40-8c4f-575337dbfded', 'pj', 'Romana Doces e Salgados LTDA', 'Fábrica', '30735235000192', NULL, NULL, NULL, '2026-04-30 16:34:33.456521+00', '2026-04-30 16:34:33.456521+00', NULL, NULL, NULL, NULL, NULL, NULL, NULL, NULL, NULL, NULL, 'ativo', NULL, NULL, NULL, NULL, NULL, '{}', NULL, NULL, NULL, NULL, NULL, NULL, NULL, NULL, NULL, NULL, NULL, NULL),
	('551f46c6-3ec3-4845-a68e-4d237f8a378a', '633db554-b037-4e40-8c4f-575337dbfded', 'pj', 'A&D PRIMUS SALGADOS LTDA', 'PRIMUS SALGADOS - OSASCO', '49451200000150', 'arielsonmedeiros0527@gmail.com', '5511983595138', NULL, '2026-04-29 02:25:39.795369+00', '2026-05-04 13:34:53.772927+00', NULL, NULL, NULL, NULL, NULL, NULL, NULL, NULL, NULL, NULL, 'ativo', NULL, NULL, NULL, NULL, NULL, '{}', NULL, NULL, NULL, NULL, NULL, NULL, NULL, NULL, NULL, NULL, 'restaurante', '5ebc7080-c7d6-4576-95ad-d9d1b129005a');


--
-- Data for Name: establishments; Type: TABLE DATA; Schema: public; Owner: postgres
--

INSERT INTO "public"."establishments" ("id", "client_id", "name", "establishment_type", "address_line1", "address_line2", "city", "state", "postal_code", "created_at", "updated_at") VALUES
	('825c1377-211d-435f-b188-48dd165143f4', '79c47817-a317-4870-9b43-206eafc071e4', 'Primus Salgados Carapicuíba', 'empresa', 'rua.', NULL, NULL, NULL, NULL, '2026-04-16 17:07:05.476116+00', '2026-04-16 17:07:05.476116+00'),
	('f07c3cc4-496d-4998-aaf3-0ef0a764a040', '69448966-976b-4840-9499-badcf6136fbf', 'LIBERDADE COMERCIO DE ALIMENTOS E BEBIDAS LTDA.', 'empresa', 'Rua de testes', NULL, NULL, NULL, NULL, '2026-04-20 12:16:41.526146+00', '2026-04-20 12:16:41.526146+00'),
	('9aa9decc-c57c-4734-b72c-e74795fa8eae', '4a82d5da-1806-491c-83e2-0adca81a5c78', 'Escola infantil Jardim Celeste', 'escola', NULL, NULL, NULL, NULL, NULL, '2026-04-20 13:50:04.261327+00', '2026-04-20 13:50:04.261327+00'),
	('7b92af9f-4ae2-4aae-9137-cd66548a4529', '5c7ec626-86aa-4aed-84b5-f41aefdd6dab', 'BY KOJI DELIVERY', 'empresa', NULL, NULL, NULL, NULL, NULL, '2026-04-20 13:50:04.261327+00', '2026-04-20 13:50:04.261327+00'),
	('c9e68070-a306-4c6f-bf08-6f2f2d6576aa', '7e685648-786d-46f2-9ed0-cdeaedf36dcb', 'CENTRO EDUCACIONAL A. MAR LTDA', 'escola', '', NULL, NULL, NULL, NULL, '2026-04-28 16:01:34.811163+00', '2026-04-28 16:01:34.811163+00'),
	('0b08ada1-1678-4a07-8c2f-ecdbd92f2c32', '018a7d5f-6fd2-43e8-b51e-bf6e4b01b1ef', 'Kairos Casa Geriátrica', 'lar_idosos', '', NULL, NULL, NULL, NULL, '2026-04-28 16:04:21.755082+00', '2026-04-28 16:04:21.755082+00'),
	('d0c8d1d4-fc6b-4c4d-8f78-a661e125b605', '92a0bf8d-968c-45a3-8b1d-fa8567a3a450', 'CASA DE REPOUSO VALE DOS SONHOS LTDA', 'lar_idosos', '', NULL, NULL, NULL, NULL, '2026-04-28 16:13:40.033642+00', '2026-04-28 16:13:40.033642+00'),
	('a06ae076-952e-4c6f-95c3-4a1f52cd2c61', '1e7f9084-cafb-4a21-81f2-164cec954b7e', 'ESCOLA DE EDUCACAO INFANTIL TURMINHA DO PIMPOLHO UNIDADE VIII LTDA.', 'escola', '', NULL, NULL, NULL, NULL, '2026-04-28 16:33:46.56428+00', '2026-04-28 16:33:46.56428+00'),
	('d8cfaaf0-750a-47e2-81c6-957e9cee761d', 'ecfe3b61-4b8d-498c-8378-cf182c5f4b84', 'GUARAPIRANGA GASTRONOMIA E EVENTOS LTDA', 'empresa', '', NULL, NULL, NULL, NULL, '2026-04-28 16:38:55.170819+00', '2026-04-28 16:38:55.170819+00'),
	('0ad7b85f-0ea0-4574-b108-02bf98d1e47b', '7ad6b530-e0dd-42fb-b81f-7a0376c642ca', 'MILLA RESIDENCIAL SENIOR LTDA', 'lar_idosos', '', NULL, NULL, NULL, NULL, '2026-04-28 16:16:25.271643+00', '2026-04-28 16:39:16.364712+00'),
	('9ac027a0-6e28-4c8f-a12e-5b854387af6e', 'd974dfab-f7b7-42e6-9800-e14ebd9e3b3e', 'ELISANDRA APARECIDA DA SILVA RODRIGUES DE ALMEIDA CASA DE REPOUSO - ME', 'lar_idosos', '', NULL, NULL, NULL, NULL, '2026-04-28 16:06:24.630835+00', '2026-04-28 16:39:28.702754+00'),
	('a6b1abd7-e138-495b-a534-3cff66679b9a', '5f1a5cdd-fdcc-498d-8046-399d53b86bdf', 'Emporio Misso', 'empresa', 'Rua Salvador Risoleu 311, Butantã', NULL, 'São Paulo', NULL, '05536020', '2026-04-20 14:51:10.70465+00', '2026-04-20 14:51:43.05681+00'),
	('41e4000a-404c-4ec1-bbc1-b024b54b715a', '37fe46e2-3f49-4953-89dd-24f81cb36fee', 'LIBERDADE COMERCIO DE ALIMENTOS E BEBIDAS LTDA.', 'empresa', '', NULL, NULL, NULL, NULL, '2026-04-28 16:42:52.794008+00', '2026-04-28 16:42:52.794008+00'),
	('4f377223-767d-43d8-be51-9929190df15f', '125dd458-7ff6-4953-9341-3d9c619262d2', 'RESTAURANTE MICA GAUICUI LTDA', 'empresa', '', NULL, NULL, NULL, NULL, '2026-04-28 15:55:21.2773+00', '2026-04-28 16:44:23.967017+00'),
	('baea424d-a625-49a9-b6b2-7d293210df16', '79dbff6f-042d-4757-9650-701e86063ec6', 'Casa de Repouso Lirio do Vale LTDA', 'lar_idosos', '', NULL, NULL, NULL, NULL, '2026-04-23 18:06:30.615469+00', '2026-04-28 16:47:57.448261+00'),
	('62a45889-eb9a-438d-99e7-e2a358f78359', '30711f44-035b-4f52-99d4-277e42de4588', 'LIBERDADE COMERCIO DE ALIMENTOS E BEBIDAS LTDA.', 'empresa', 'PC ROBERTO GOMES PEDROSA', 'Espaço entre gigantes 32 e 33 setor térreo do estádio Morumbi', 'Morumbi', 'SP', '05653070', '2026-04-22 11:38:30.834667+00', '2026-04-22 14:10:20.363435+00'),
	('8f5e4fc6-7a98-4071-8845-05c334d6e65d', '2f830d09-db72-4513-aae4-99883387f60a', 'BE PROJETO APRENDER EIRELI', 'escola', 'Rua Luis Góes, 1832', 'Mirandopolis', 'São Paulo', NULL, '04043200', '2026-04-22 16:01:46.329501+00', '2026-04-22 16:01:46.329501+00'),
	('9f8fbe87-2a4c-4888-9680-c586423c3eca', 'e5a331bc-0345-4ab4-8716-0e6cbc29d563', 'BOLINHOS MM LTDA', 'empresa', '', NULL, NULL, NULL, NULL, '2026-04-28 17:03:30.719656+00', '2026-04-28 17:03:30.719656+00'),
	('7f939464-ef1d-4993-a823-0c62ba40b929', '105fed2b-1565-494a-b84f-267790209e97', 'Liberdade Comércio de Alimentos e Bebidas_LTDA', 'empresa', 'Rua. Dr Bruno Rangel Pestana, 91', NULL, 'São Paulo', NULL, '05614100', '2026-04-23 17:51:48.649177+00', '2026-04-23 17:58:56.20489+00'),
	('4e407cf0-ed82-4f4b-afbb-61cdedefdfba', 'c62a0a25-0bed-4438-a86a-4089194860c3', 'Unidade A - EMPRESA LTDA', 'empresa', 'endereço da unidade A, numero 20', NULL, 'sao paulo', 'SP', NULL, '2026-04-03 21:35:25.483606+00', '2026-04-24 01:15:49.554269+00'),
	('ebe836b9-c843-443b-9f79-fd4549d8f0c0', 'ed1cfca9-2278-4315-aa0e-0007f399f64e', 'Sushi Kiyomi', 'empresa', '', NULL, NULL, NULL, NULL, '2026-04-24 15:03:17.965915+00', '2026-04-24 15:03:17.965915+00'),
	('c668ec0e-a989-4130-b244-bd2772bcdc8c', 'e94dc087-3a7a-47bb-8d6d-cfcbc7af0792', 'BENDITA MM LTDA', 'empresa', '', NULL, NULL, NULL, NULL, '2026-04-28 17:05:48.219127+00', '2026-04-28 17:17:34.920724+00'),
	('c7950d98-c1cd-4318-aa14-6d7e70505ddb', '1a324b14-6499-4cf0-a257-6adec98d8f4b', 'ANA CRISTINA BEM CASADOS E EVENTOS LTDA', 'empresa', '', NULL, NULL, NULL, NULL, '2026-04-28 17:22:10.585267+00', '2026-04-28 17:22:10.585267+00'),
	('6d0c617a-f659-4756-8f2d-0b56ee9091c0', 'f0c49df0-154f-46b4-8f9f-77c674c7904d', 'ROMANA DOCES E SALGADOS LTDA', 'empresa', '', NULL, NULL, NULL, NULL, '2026-04-28 17:24:44.102543+00', '2026-04-28 17:24:44.102543+00'),
	('1bd15aa3-adb2-4ee2-b753-f09619dba478', '97d1fb33-1380-4d41-93d6-b0d994b34709', 'ESCOLA DE EDUCACAO INFANTIL RA TIM BUM LTDA', 'escola', '', NULL, NULL, NULL, NULL, '2026-04-28 17:26:49.192335+00', '2026-04-28 17:26:49.192335+00'),
	('3367496c-f021-4634-b8fc-a2f4f7d8513d', '5f6f70ff-ef94-4fd8-808f-ba683d9bea26', 'ENSEADA GASTRONOMIA E EVENTOS LTDA', 'empresa', '', NULL, NULL, NULL, NULL, '2026-04-29 01:55:12.809497+00', '2026-04-29 01:55:12.809497+00'),
	('c89680e8-12c4-4c00-8f8a-faef16480a11', '3bf57892-a980-4715-a880-ebe3eaf00a71', 'SAN JUAN SAO PAULO HOTEL LTDA', 'empresa', '', NULL, NULL, NULL, NULL, '2026-04-29 01:58:56.837363+00', '2026-04-29 01:58:56.837363+00'),
	('d22631c3-e273-43d9-b5f0-c7bfbc1068f0', '50cf3fc6-6311-493d-a426-bf7a5e0a0f7d', 'VIEIRAS CAFETERIA E EVENTOS LTDA', 'empresa', '', NULL, NULL, NULL, NULL, '2026-04-29 02:02:41.601138+00', '2026-04-29 02:02:41.601138+00'),
	('e61c319c-c8c0-409c-b7bc-196127e6b70a', 'eaf8a897-1e40-4e5a-99ea-846165331afa', 'ESCOLA DE EDUCACAO INFANTIL TURMINHA DO PIMPOLHO UNIDADE VII LTDA', 'escola', '', NULL, NULL, NULL, NULL, '2026-04-29 02:05:14.393119+00', '2026-04-29 02:05:14.393119+00'),
	('ddd52976-2a51-4660-8a2c-98ce2de4185e', '10e80a10-9fcc-402e-9cc4-5e129754d559', 'LA VIEIRAS GASTRONOMIA E EVENTOS LTDA', 'empresa', '', NULL, NULL, NULL, NULL, '2026-04-29 02:11:16.882403+00', '2026-04-29 02:11:16.882403+00'),
	('ce895989-19eb-42db-8850-74e57f37395b', 'be0c4a0c-a9be-47a8-8631-86470208b883', 'ESPACO BEM VIVER ESCOLA MATERNAL LTDA', 'escola', '', NULL, NULL, NULL, NULL, '2026-04-29 02:13:43.393785+00', '2026-04-29 02:13:43.393785+00'),
	('05dcd900-b1e3-4ff6-bf77-73e0af233528', 'c156b4e4-4dce-45ec-b8ca-8340a3f73c29', 'LIBERDADE COMERCIO DE ALIMENTOS E BEBIDAS LTDA.', 'empresa', '', NULL, NULL, NULL, NULL, '2026-04-29 02:19:13.978044+00', '2026-04-29 02:19:13.978044+00'),
	('7e80c41e-f526-47c8-aeeb-26898788b1f8', '9fb2f823-5eb7-4a76-921a-2a3416ffe581', 'Bar e Restaurante Ponto Chic LTDA', 'empresa', 'Rua Padre Perícles, 319', 'Perdizes', 'São Paulo', 'SP', '01156040', '2026-04-20 14:42:33.987223+00', '2026-04-29 02:30:07.460839+00'),
	('d0da70b5-22c3-4a8e-8dd8-81b2d554650b', '6558e982-e3aa-4359-a5d4-114027471fb2', 'CARRIERI PIZZERIA LTDA', 'empresa', '', NULL, NULL, NULL, NULL, '2026-04-29 02:35:32.929226+00', '2026-04-29 02:35:32.929226+00'),
	('5c3795bb-41c9-40ef-b623-5504d1a63108', '37397e4b-a7f9-497c-9733-22e639885cd1', 'Romana Doces e Salgados LTDA', 'empresa', '', NULL, NULL, NULL, NULL, '2026-04-30 16:34:33.846265+00', '2026-04-30 16:34:33.846265+00'),
	('7f2ec2d1-4f50-4011-b90f-ed90ecd4b25d', '551f46c6-3ec3-4845-a68e-4d237f8a378a', 'A&D PRIMUS SALGADOS LTDA', 'empresa', '', NULL, NULL, NULL, NULL, '2026-04-29 02:25:40.227934+00', '2026-05-04 13:34:53.827812+00');


--
-- Data for Name: checklist_custom_templates; Type: TABLE DATA; Schema: public; Owner: postgres
--

INSERT INTO "public"."checklist_custom_templates" ("id", "user_id", "establishment_id", "source_template_id", "name", "created_at", "updated_at") VALUES
	('3cde3377-6c64-4d43-b34a-9caf6cffe625', '633db554-b037-4e40-8c4f-575337dbfded', '4e407cf0-ed82-4f4b-afbb-61cdedefdfba', 'a0eebc99-9c0b-4ef8-bb6d-6bb9bd380a11', 'Portaria CVS-5/2013 — Boas práticas de manipulação (referência SP) (personalizado)', '2026-04-04 13:49:16.170474+00', '2026-04-04 13:49:16.170474+00'),
	('d4bf856b-d4df-4ca8-a4a6-29c44f06c5de', '633db554-b037-4e40-8c4f-575337dbfded', '4e407cf0-ed82-4f4b-afbb-61cdedefdfba', 'a1eebc99-9c0b-4ef8-bb6d-6bb9bd380b00', 'Checklist — Segurança e Boas Práticas em Manipulação de Alimentos (personalizado)', '2026-04-17 02:11:54.460767+00', '2026-04-17 02:11:54.460767+00'),
	('dd7daad0-ba26-47ae-adb7-db663de3a68b', '633db554-b037-4e40-8c4f-575337dbfded', '7e80c41e-f526-47c8-aeeb-26898788b1f8', 'a1eebc99-9c0b-4ef8-bb6d-6bb9bd380b00', 'Checklist — Segurança e Boas Práticas em Manipulação de Alimentos (personalizado)', '2026-04-20 15:02:44.638523+00', '2026-04-20 15:02:44.638523+00'),
	('5b9adb84-bdc3-41ec-8fb0-1f778be0174e', '633db554-b037-4e40-8c4f-575337dbfded', '9aa9decc-c57c-4734-b72c-e74795fa8eae', 'a1eebc99-9c0b-4ef8-bb6d-6bb9bd380b00', 'Checklist — Segurança e Boas Práticas em Manipulação de Alimentos (personalizado)', '2026-04-29 13:04:08.673139+00', '2026-04-29 13:04:08.673139+00'),
	('5c1ef994-63ba-4a43-9588-d44797a1f99c', '633db554-b037-4e40-8c4f-575337dbfded', '4e407cf0-ed82-4f4b-afbb-61cdedefdfba', 'a1eebc99-9c0b-4ef8-bb6d-6bb9bd380b00', 'Checklist — Segurança e Boas Práticas em Manipulação de Alimentos (personalizado)', '2026-04-29 13:24:28.012896+00', '2026-04-29 13:24:28.012896+00');


--
-- Data for Name: checklist_custom_sections; Type: TABLE DATA; Schema: public; Owner: postgres
--

INSERT INTO "public"."checklist_custom_sections" ("id", "custom_template_id", "title", "position", "created_at") VALUES
	('3efab88f-b0e5-4246-954d-bc731f6a4de6', '3cde3377-6c64-4d43-b34a-9caf6cffe625', 'Instalações e higiene geral', 0, '2026-04-04 13:49:16.257107+00'),
	('a78eadc3-5827-4d0a-9611-4509610c13da', '3cde3377-6c64-4d43-b34a-9caf6cffe625', 'Manipulação e armazenamento de alimentos', 1, '2026-04-04 13:49:16.355883+00'),
	('de252987-104f-4f81-b4ac-ca6fd419571f', '3cde3377-6c64-4d43-b34a-9caf6cffe625', 'Documentação e controlo', 2, '2026-04-04 13:49:16.437628+00'),
	('db9883eb-87ef-4e1d-841b-4862e9e9ccef', 'd4bf856b-d4df-4ca8-a4a6-29c44f06c5de', 'Estrutura, edificação e instalações', 0, '2026-04-17 02:11:54.869712+00'),
	('ab628616-daeb-4239-b15e-1f6210939645', 'd4bf856b-d4df-4ca8-a4a6-29c44f06c5de', 'Equipamentos, móveis e utensílios', 1, '2026-04-17 02:11:55.382224+00'),
	('131ff790-3985-4612-9ba4-92b48c776ce3', 'd4bf856b-d4df-4ca8-a4a6-29c44f06c5de', 'Recebimento e armazenamento', 2, '2026-04-17 02:11:55.704858+00'),
	('925fcd0b-49dd-46a3-a90d-2ce21a531c4b', 'd4bf856b-d4df-4ca8-a4a6-29c44f06c5de', 'Manipulação e Boas Práticas', 3, '2026-04-17 02:11:56.01285+00'),
	('11ee3c9a-cb13-4270-b634-57b0f529678d', 'd4bf856b-d4df-4ca8-a4a6-29c44f06c5de', 'Documentação', 4, '2026-04-17 02:11:56.309535+00'),
	('f1d5c5de-bd64-4f31-a21b-7ea4b23a1d05', 'dd7daad0-ba26-47ae-adb7-db663de3a68b', 'Estrutura, edificação e instalações', 0, '2026-04-20 15:02:44.720009+00'),
	('36bc2702-bf14-48ed-a8c5-25f542dc62da', 'dd7daad0-ba26-47ae-adb7-db663de3a68b', 'Equipamentos, móveis e utensílios', 1, '2026-04-20 15:02:45.338866+00'),
	('c25ba39d-a3d4-4e3e-b79a-f91b3e7f8b4c', 'dd7daad0-ba26-47ae-adb7-db663de3a68b', 'Recebimento e armazenamento', 2, '2026-04-20 15:02:45.606868+00'),
	('e34ee2af-be34-4599-849f-b54e37b3e6b9', 'dd7daad0-ba26-47ae-adb7-db663de3a68b', 'Manipulação e Boas Práticas', 3, '2026-04-20 15:02:45.780205+00'),
	('4976f6d0-5f46-4deb-8650-12384a804856', 'dd7daad0-ba26-47ae-adb7-db663de3a68b', 'Documentação', 4, '2026-04-20 15:02:45.905799+00'),
	('c1675815-d54c-4323-8dca-07658e21da51', '5b9adb84-bdc3-41ec-8fb0-1f778be0174e', 'Estrutura, edificação e instalações', 0, '2026-04-29 13:04:08.776951+00'),
	('3c8ad6e7-0c9d-4419-8e1a-8668967ec51f', '5b9adb84-bdc3-41ec-8fb0-1f778be0174e', 'Equipamentos, móveis e utensílios', 1, '2026-04-29 13:04:08.900809+00'),
	('5266408d-dce3-4948-9cdf-edbea4bc00ca', '5b9adb84-bdc3-41ec-8fb0-1f778be0174e', 'Recebimento e armazenamento', 2, '2026-04-29 13:04:09.002052+00'),
	('4013372d-f59c-473f-8f8f-ce5e60ed83e1', '5b9adb84-bdc3-41ec-8fb0-1f778be0174e', 'Manipulação e Boas Práticas', 3, '2026-04-29 13:04:09.126366+00'),
	('c33764b1-83a3-486d-98db-0e6160789b57', '5b9adb84-bdc3-41ec-8fb0-1f778be0174e', 'Documentação', 4, '2026-04-29 13:04:09.293775+00'),
	('5145fb0c-2776-4064-86b2-320ec11a02d0', '5c1ef994-63ba-4a43-9588-d44797a1f99c', 'Estrutura, edificação e instalações', 0, '2026-04-29 13:24:28.495966+00'),
	('102da564-084d-4de6-88a4-201f9bf5e4a6', '5c1ef994-63ba-4a43-9588-d44797a1f99c', 'Equipamentos, móveis e utensílios', 1, '2026-04-29 13:24:33.090495+00'),
	('3a59cc34-923a-4fa1-8a1e-7d33afdb9b53', '5c1ef994-63ba-4a43-9588-d44797a1f99c', 'Recebimento e armazenamento', 2, '2026-04-29 13:24:37.291465+00'),
	('cf84538d-6708-4fbb-b8f1-b58cc4f728c9', '5c1ef994-63ba-4a43-9588-d44797a1f99c', 'Manipulação e Boas Práticas', 3, '2026-04-29 13:24:42.18323+00'),
	('fc786df8-59a5-4b81-a8ac-e7c874d7b175', '5c1ef994-63ba-4a43-9588-d44797a1f99c', 'Documentação', 4, '2026-04-29 13:24:46.587863+00');


--
-- Data for Name: checklist_custom_items; Type: TABLE DATA; Schema: public; Owner: postgres
--

INSERT INTO "public"."checklist_custom_items" ("id", "custom_section_id", "description", "is_required", "position", "is_user_extra", "created_at", "peso") VALUES
	('d490f1b3-335c-40c1-8a6e-979a70e00662', '3efab88f-b0e5-4246-954d-bc731f6a4de6', 'Áreas de preparação limpas, sem acumulação de lixo e com piso lavável.', true, 0, false, '2026-04-04 13:49:16.3069+00', 1.00),
	('00e4f600-1d70-4c31-86f0-4f90a374ea6f', '3efab88f-b0e5-4246-954d-bc731f6a4de6', 'Ventilação adequada nas cozinhas e despensas.', false, 1, false, '2026-04-04 13:49:16.3069+00', 1.00),
	('4787c3d2-8a97-4a5c-8c17-c10b379d32f5', '3efab88f-b0e5-4246-954d-bc731f6a4de6', 'Iluminação suficiente em todas as zonas de trabalho.', true, 2, false, '2026-04-04 13:49:16.3069+00', 1.00),
	('fafb2984-979f-4602-8689-426562b98d9d', 'a78eadc3-5827-4d0a-9611-4509610c13da', 'Separação entre alimentos crus e cozinhados (utensílios e superfícies).', true, 0, false, '2026-04-04 13:49:16.399157+00', 1.00),
	('68f55396-0f99-440e-8906-51d09ade03c9', 'a78eadc3-5827-4d0a-9611-4509610c13da', 'Cadeia de frio respeitada: temperaturas de refrigeração registadas quando aplicável.', true, 1, false, '2026-04-04 13:49:16.399157+00', 1.00),
	('bedf3070-c010-465f-9046-16804c3bb212', 'a78eadc3-5827-4d0a-9611-4509610c13da', 'Produtos armazenados com identificação e validade visível.', true, 2, false, '2026-04-04 13:49:16.399157+00', 1.00),
	('4896d504-ec47-478c-8cce-2b8b1b2b0ad2', 'a78eadc3-5827-4d0a-9611-4509610c13da', 'Água potável disponível para consumo e preparo.', false, 3, false, '2026-04-04 13:49:16.399157+00', 1.00),
	('0cf0fd86-684b-4d73-8979-0e54aad7121d', 'de252987-104f-4f81-b4ac-ca6fd419571f', 'Registo de temperaturas ou equivalente conforme portaria aplicável.', true, 0, false, '2026-04-04 13:49:16.472407+00', 1.00),
	('fb3cd920-c5f3-41c5-a5a8-d34fd06da2e0', 'de252987-104f-4f81-b4ac-ca6fd419571f', 'Treinamento básico em boas práticas documentado para manipuladores.', false, 1, false, '2026-04-04 13:49:16.472407+00', 1.00),
	('60eaab9e-57a4-475a-8312-7649b65041c1', 'de252987-104f-4f81-b4ac-ca6fd419571f', 'Plano de limpeza definido e com evidências de execução.', true, 2, false, '2026-04-04 13:49:16.472407+00', 1.00),
	('7cfcea73-9106-4004-b59a-3800812417c1', 'db9883eb-87ef-4e1d-841b-4862e9e9ccef', 'Piso, paredes e teto limpos e em boas condições de conservação', true, 0, false, '2026-04-17 02:11:55.042305+00', 1.00),
	('450b26d3-c56a-4e69-b989-ec3297dfb6ff', 'db9883eb-87ef-4e1d-841b-4862e9e9ccef', 'Iluminação adequada e protegida', false, 1, false, '2026-04-17 02:11:55.042305+00', 1.00),
	('8f89b444-93b7-4247-91ad-0623ad55b9cc', 'db9883eb-87ef-4e1d-841b-4862e9e9ccef', 'Ventilação adequada', false, 2, false, '2026-04-17 02:11:55.042305+00', 1.00),
	('822ad0b4-ab43-401f-a35d-b2885cc294d7', 'db9883eb-87ef-4e1d-841b-4862e9e9ccef', 'Janelas com tela milimétrica, limpas e em boas condições de conservação', false, 3, false, '2026-04-17 02:11:55.042305+00', 1.00),
	('28edb8a8-5d53-41f1-b331-95a8d5589815', 'db9883eb-87ef-4e1d-841b-4862e9e9ccef', 'Ralos telados/sifonados', true, 4, false, '2026-04-17 02:11:55.042305+00', 1.00),
	('99165dde-8389-462d-b8ad-337efc7caaf6', 'db9883eb-87ef-4e1d-841b-4862e9e9ccef', 'Fluxo operacional adequado', false, 5, false, '2026-04-17 02:11:55.042305+00', 1.00),
	('42ad0a74-2109-4e52-a204-3a9d32a2f08d', 'db9883eb-87ef-4e1d-841b-4862e9e9ccef', 'Setores possuem pia exclusiva para lavagem de mãos, devidamente abastecidas', true, 6, false, '2026-04-17 02:11:55.042305+00', 1.00),
	('bdb0b304-8fb3-4f95-bea1-c6ea4189d0f8', 'db9883eb-87ef-4e1d-841b-4862e9e9ccef', 'Planilha de higiene ambiental preenchida', true, 7, false, '2026-04-17 02:11:55.042305+00', 1.00),
	('a48b98a1-aba0-4a21-a296-fa7ba734a581', 'ab628616-daeb-4239-b15e-1f6210939645', 'Equipamentos íntegros e limpos', true, 0, false, '2026-04-17 02:11:55.527928+00', 1.00),
	('17097c5f-bf22-41e4-89f6-08fc4e052e08', 'ab628616-daeb-4239-b15e-1f6210939645', 'Utensílios limpos, organizados e em bom estado de conservação', true, 1, false, '2026-04-17 02:11:55.527928+00', 1.00),
	('6bc968f8-ba5e-4a60-8c4f-8c53f7745f36', 'ab628616-daeb-4239-b15e-1f6210939645', 'Bancadas e superfícies limpas e em boas condições de conservação', true, 2, false, '2026-04-17 02:11:55.527928+00', 1.00),
	('677f1c5a-b347-493d-85b0-95666aafa90e', 'ab628616-daeb-4239-b15e-1f6210939645', 'Termômetros funcionando', true, 3, false, '2026-04-17 02:11:55.527928+00', 1.00),
	('4cbf1d07-b226-42ac-8e6a-77c273275ed0', 'ab628616-daeb-4239-b15e-1f6210939645', 'Planilha de controle de temperatura preenchida', true, 4, false, '2026-04-17 02:11:55.527928+00', 1.00),
	('98487644-3ebc-4ee4-aaed-cb78e66a14a2', 'ab628616-daeb-4239-b15e-1f6210939645', 'Lixeira limpa, com tampa e acionamento por pedal', false, 5, false, '2026-04-17 02:11:55.527928+00', 1.00),
	('67b02012-34eb-47f5-b605-a32f9a2a0694', '131ff790-3985-4612-9ba4-92b48c776ce3', 'Planilha de recebimento preenchida', true, 0, false, '2026-04-17 02:11:55.873789+00', 1.00),
	('bfd61841-25ac-4992-91d5-c7a57828fc77', '131ff790-3985-4612-9ba4-92b48c776ce3', 'Produtos dentro da validade', true, 1, false, '2026-04-17 02:11:55.873789+00', 1.00),
	('753b2737-2d3d-4688-bacd-a8bce9023aca', '131ff790-3985-4612-9ba4-92b48c776ce3', 'Armazenamento seco organizado', false, 2, false, '2026-04-17 02:11:55.873789+00', 1.00),
	('990b5c76-4a84-4675-9d35-f47236fefb8a', '131ff790-3985-4612-9ba4-92b48c776ce3', 'Armazenamento refrigerado adequado', true, 3, false, '2026-04-17 02:11:55.873789+00', 1.00),
	('f100b195-0894-4dbe-bc5b-05cfafda8faf', '131ff790-3985-4612-9ba4-92b48c776ce3', 'PVPS (Primeiro que Vence, Primeiro que Sai) aplicado', true, 4, false, '2026-04-17 02:11:55.873789+00', 1.00),
	('888fcbe3-79e0-4fb6-86d1-11dcd1b96ea3', '925fcd0b-49dd-46a3-a90d-2ce21a531c4b', 'Higiene das mãos adequada', true, 0, false, '2026-04-17 02:11:56.156386+00', 1.00),
	('186f27b3-97b2-4ed8-930e-8bf6b9d37756', '925fcd0b-49dd-46a3-a90d-2ce21a531c4b', 'Fluxo que evita contaminação cruzada', true, 1, false, '2026-04-17 02:11:56.156386+00', 1.00),
	('f5b0b092-8c81-4a75-b847-fc6f72e7f760', '925fcd0b-49dd-46a3-a90d-2ce21a531c4b', 'Uso correto de EPI (Equipamento de Proteção Individual)', true, 2, false, '2026-04-17 02:11:56.156386+00', 1.00),
	('b7d509e6-b4bf-44e1-a266-44f60f469714', '925fcd0b-49dd-46a3-a90d-2ce21a531c4b', 'Controle Tempo × Temperatura (T×T°C)', true, 3, false, '2026-04-17 02:11:56.156386+00', 1.00),
	('3a5c9eff-b164-489b-bb6f-61639e343a77', '925fcd0b-49dd-46a3-a90d-2ce21a531c4b', 'Identificação e validade dos produtos em uso', true, 4, false, '2026-04-17 02:11:56.156386+00', 1.00),
	('da77568f-84b1-40af-abdd-4766f0fa82e4', '925fcd0b-49dd-46a3-a90d-2ce21a531c4b', 'Produtos protegidos adequadamente', false, 5, false, '2026-04-17 02:11:56.156386+00', 1.00),
	('67c1ab9b-03e8-405a-9e55-bee0667ec8aa', '925fcd0b-49dd-46a3-a90d-2ce21a531c4b', 'Uso de uniforme completo e em boas condições de conservação e higiene', true, 6, false, '2026-04-17 02:11:56.156386+00', 1.00),
	('5cc68275-b0d3-41a4-987f-5229e722929a', '925fcd0b-49dd-46a3-a90d-2ce21a531c4b', 'Asseio pessoal adequado', true, 7, false, '2026-04-17 02:11:56.156386+00', 1.00),
	('513e0450-7db7-4f84-9448-18d367ef1f06', '925fcd0b-49dd-46a3-a90d-2ce21a531c4b', 'Resíduos descartados adequadamente', false, 8, false, '2026-04-17 02:11:56.156386+00', 1.00),
	('db44ecb1-c276-4371-bb06-6b0904e6a6df', '11ee3c9a-cb13-4270-b634-57b0f529678d', 'Manual de Boas Práticas de Fabricação (BPF) e POPs atualizados', true, 0, false, '2026-04-17 02:11:56.393398+00', 1.00),
	('5cb5a784-26e5-413b-8f8b-9e4812abf47d', '11ee3c9a-cb13-4270-b634-57b0f529678d', 'Treinamento de manipuladores atualizado', true, 1, false, '2026-04-17 02:11:56.393398+00', 1.00),
	('29ea866c-4900-4857-9bd7-3a50c446932a', '11ee3c9a-cb13-4270-b634-57b0f529678d', 'Atestado de Saúde Ocupacional (ASO) — anual', true, 2, false, '2026-04-17 02:11:56.393398+00', 1.00),
	('ba6e579a-d3b4-40b2-88d6-be88758254f2', '11ee3c9a-cb13-4270-b634-57b0f529678d', 'PGR, PCMSO e LTCAT — anual', true, 3, false, '2026-04-17 02:11:56.393398+00', 1.00),
	('11bdcea5-4f92-4ebf-bdb6-6617157ff472', '11ee3c9a-cb13-4270-b634-57b0f529678d', 'Certificado de Controle Integrado de Pragas (DDD) — trimestral', true, 4, false, '2026-04-17 02:11:56.393398+00', 1.00),
	('2f996d93-2139-48e2-9a2d-bad0004c7a5c', '11ee3c9a-cb13-4270-b634-57b0f529678d', 'FDS (Fichas de Dados de Segurança) dos produtos químicos atualizadas', false, 5, false, '2026-04-17 02:11:56.393398+00', 1.00),
	('2d941699-b8c4-44d1-9ddd-097acb6df3cc', '11ee3c9a-cb13-4270-b634-57b0f529678d', 'Higienização da caixa d''água — semestral', true, 6, false, '2026-04-17 02:11:56.393398+00', 1.00),
	('ffe086c9-4dbd-449e-a6b0-946874b1d25a', '11ee3c9a-cb13-4270-b634-57b0f529678d', 'Análise de água realizada', false, 7, false, '2026-04-17 02:11:56.393398+00', 1.00),
	('3dc676ea-6b2b-400a-a88b-fc57a7dbcfca', '11ee3c9a-cb13-4270-b634-57b0f529678d', 'Troca da vela do filtro em dia', false, 8, false, '2026-04-17 02:11:56.393398+00', 1.00),
	('d3bfecb7-dfbd-4115-ba5b-a2fa54753d06', '11ee3c9a-cb13-4270-b634-57b0f529678d', 'Limpeza da coifa realizada', false, 9, false, '2026-04-17 02:11:56.393398+00', 1.00),
	('17c47bb0-a584-44bc-b5c9-8987e33c14b1', '11ee3c9a-cb13-4270-b634-57b0f529678d', 'Extintores dentro da validade e com carga', true, 10, false, '2026-04-17 02:11:56.393398+00', 1.00),
	('2ba8d706-998c-4289-b13a-e3bdcf3b8176', '11ee3c9a-cb13-4270-b634-57b0f529678d', 'Calibração do termômetro em dia', true, 11, false, '2026-04-17 02:11:56.393398+00', 1.00),
	('f3ce0e0a-7734-4e0a-8690-e61f92819c38', '11ee3c9a-cb13-4270-b634-57b0f529678d', 'Licença de funcionamento válida', true, 12, false, '2026-04-17 02:11:56.393398+00', 1.00),
	('fbb55cb9-60a6-4a7a-acf2-8b245db7ca33', '11ee3c9a-cb13-4270-b634-57b0f529678d', 'CMVS (Cadastro Municipal de Vigilância Sanitária) válido', true, 13, false, '2026-04-17 02:11:56.393398+00', 1.00),
	('f8eec721-dbc6-4328-93d8-326b69e18384', '11ee3c9a-cb13-4270-b634-57b0f529678d', 'AVCB (Auto de Vistoria do Corpo de Bombeiros) válido', true, 14, false, '2026-04-17 02:11:56.393398+00', 1.00),
	('aba8b87a-bef0-4de4-99f7-ac9d7ee7096c', 'f1d5c5de-bd64-4f31-a21b-7ea4b23a1d05', 'Piso, paredes e teto limpos e em boas condições de conservação', true, 0, false, '2026-04-20 15:02:44.796074+00', 1.00),
	('16a12c93-b49e-4504-a373-ecfe359605d7', 'f1d5c5de-bd64-4f31-a21b-7ea4b23a1d05', 'Iluminação adequada e protegida', false, 1, false, '2026-04-20 15:02:44.796074+00', 1.00),
	('7de2b10d-76a7-4dfc-a84b-b0037dd8aad3', 'f1d5c5de-bd64-4f31-a21b-7ea4b23a1d05', 'Ventilação adequada', false, 2, false, '2026-04-20 15:02:44.796074+00', 1.00),
	('ee548416-4771-4b8a-87fe-ccf1021a6ebe', 'f1d5c5de-bd64-4f31-a21b-7ea4b23a1d05', 'Janelas com tela milimétrica, limpas e em boas condições de conservação', false, 3, false, '2026-04-20 15:02:44.796074+00', 1.00),
	('3386518c-5cd7-4714-8f4b-7eca9ebc3a73', 'f1d5c5de-bd64-4f31-a21b-7ea4b23a1d05', 'Ralos telados/sifonados', true, 4, false, '2026-04-20 15:02:44.796074+00', 1.00),
	('e7bb0f6e-0cb6-4bc6-84f8-c4def19ed502', 'f1d5c5de-bd64-4f31-a21b-7ea4b23a1d05', 'Fluxo operacional adequado', false, 5, false, '2026-04-20 15:02:44.796074+00', 1.00),
	('d575b042-f2c3-4208-ad4e-866a53d9844c', 'f1d5c5de-bd64-4f31-a21b-7ea4b23a1d05', 'Setores possuem pia exclusiva para lavagem de mãos, devidamente abastecidas', true, 6, false, '2026-04-20 15:02:44.796074+00', 1.00),
	('82cdce47-3251-4258-9378-d9e26bfca7bd', 'f1d5c5de-bd64-4f31-a21b-7ea4b23a1d05', 'Planilha de higiene ambiental preenchida', true, 7, false, '2026-04-20 15:02:44.796074+00', 1.00),
	('09d5b1bb-088e-4992-a857-e732415146ed', '36bc2702-bf14-48ed-a8c5-25f542dc62da', 'Equipamentos íntegros e limpos', true, 0, false, '2026-04-20 15:02:45.498649+00', 1.00),
	('2cc9a481-e0e1-4d61-8b23-28c611038938', '36bc2702-bf14-48ed-a8c5-25f542dc62da', 'Utensílios limpos, organizados e em bom estado de conservação', true, 1, false, '2026-04-20 15:02:45.498649+00', 1.00),
	('7432b80e-a00b-4f99-8c40-6aca7d7f0cbe', '36bc2702-bf14-48ed-a8c5-25f542dc62da', 'Bancadas e superfícies limpas e em boas condições de conservação', true, 2, false, '2026-04-20 15:02:45.498649+00', 1.00),
	('be849256-fd48-41ff-9a91-e9f356d18a58', '36bc2702-bf14-48ed-a8c5-25f542dc62da', 'Termômetros funcionando', true, 3, false, '2026-04-20 15:02:45.498649+00', 1.00),
	('f31c40fc-ef95-4142-98ff-705fd33d3171', '36bc2702-bf14-48ed-a8c5-25f542dc62da', 'Planilha de controle de temperatura preenchida', true, 4, false, '2026-04-20 15:02:45.498649+00', 1.00),
	('373293ec-1545-472c-a12a-2c2e3e6ff8f0', '36bc2702-bf14-48ed-a8c5-25f542dc62da', 'Lixeira limpa, com tampa e acionamento por pedal', false, 5, false, '2026-04-20 15:02:45.498649+00', 1.00),
	('504b689c-56d7-4001-a3da-06355ee7b357', 'c25ba39d-a3d4-4e3e-b79a-f91b3e7f8b4c', 'Planilha de recebimento preenchida', true, 0, false, '2026-04-20 15:02:45.705356+00', 1.00),
	('54f02f17-06ad-4ccc-8188-f3399d85647f', 'c25ba39d-a3d4-4e3e-b79a-f91b3e7f8b4c', 'Produtos dentro da validade', true, 1, false, '2026-04-20 15:02:45.705356+00', 1.00),
	('f4f5d916-a56b-4b32-ab6a-3195aad5c69b', 'c25ba39d-a3d4-4e3e-b79a-f91b3e7f8b4c', 'Armazenamento seco organizado', false, 2, false, '2026-04-20 15:02:45.705356+00', 1.00),
	('aa2fffb2-ceb8-4793-8c3f-54f88fa04c81', 'c25ba39d-a3d4-4e3e-b79a-f91b3e7f8b4c', 'Armazenamento refrigerado adequado', true, 3, false, '2026-04-20 15:02:45.705356+00', 1.00),
	('12e85e21-5c10-4d32-a831-b6c40cd69ffd', 'c25ba39d-a3d4-4e3e-b79a-f91b3e7f8b4c', 'PVPS (Primeiro que Vence, Primeiro que Sai) aplicado', true, 4, false, '2026-04-20 15:02:45.705356+00', 1.00),
	('fc9d6655-8915-4932-b0d1-8cfd4a127f36', 'e34ee2af-be34-4599-849f-b54e37b3e6b9', 'Higiene das mãos adequada', true, 0, false, '2026-04-20 15:02:45.841226+00', 1.00),
	('aa44a132-9a5e-4c3f-82bb-fc84614ae268', 'e34ee2af-be34-4599-849f-b54e37b3e6b9', 'Fluxo que evita contaminação cruzada', true, 1, false, '2026-04-20 15:02:45.841226+00', 1.00),
	('a35fe366-c9ec-4aa5-b0dc-b6ac91a7fb98', 'e34ee2af-be34-4599-849f-b54e37b3e6b9', 'Uso correto de EPI (Equipamento de Proteção Individual)', true, 2, false, '2026-04-20 15:02:45.841226+00', 1.00),
	('7df75211-0602-40c5-baea-06493704e269', 'e34ee2af-be34-4599-849f-b54e37b3e6b9', 'Controle Tempo × Temperatura (T×T°C)', true, 3, false, '2026-04-20 15:02:45.841226+00', 1.00),
	('9eb0c21f-e453-4f80-806d-6366e2c94a44', 'e34ee2af-be34-4599-849f-b54e37b3e6b9', 'Identificação e validade dos produtos em uso', true, 4, false, '2026-04-20 15:02:45.841226+00', 1.00),
	('10f817ef-6855-4940-9698-027e5bd9ac52', 'e34ee2af-be34-4599-849f-b54e37b3e6b9', 'Produtos protegidos adequadamente', false, 5, false, '2026-04-20 15:02:45.841226+00', 1.00),
	('c0881cd2-3601-44d3-b454-35a3523cf994', 'e34ee2af-be34-4599-849f-b54e37b3e6b9', 'Uso de uniforme completo e em boas condições de conservação e higiene', true, 6, false, '2026-04-20 15:02:45.841226+00', 1.00),
	('d7b36804-433b-4145-90e3-538da517b275', 'e34ee2af-be34-4599-849f-b54e37b3e6b9', 'Asseio pessoal adequado', true, 7, false, '2026-04-20 15:02:45.841226+00', 1.00),
	('205876e2-3de5-49ac-aadc-f8a4a96411a9', 'e34ee2af-be34-4599-849f-b54e37b3e6b9', 'Resíduos descartados adequadamente', false, 8, false, '2026-04-20 15:02:45.841226+00', 1.00),
	('ab6e654f-2cac-4184-8899-f0cab1f967f6', '4976f6d0-5f46-4deb-8650-12384a804856', 'Manual de Boas Práticas de Fabricação (BPF) e POPs atualizados', true, 0, false, '2026-04-20 15:02:45.950212+00', 1.00),
	('19f55443-5389-42c4-a04c-80daf50ed8cd', '4976f6d0-5f46-4deb-8650-12384a804856', 'Treinamento de manipuladores atualizado', true, 1, false, '2026-04-20 15:02:45.950212+00', 1.00),
	('bb763130-e29b-43ff-9417-bbf146daca52', '4976f6d0-5f46-4deb-8650-12384a804856', 'Atestado de Saúde Ocupacional (ASO) — anual', true, 2, false, '2026-04-20 15:02:45.950212+00', 1.00),
	('6a1ca139-133b-4dd0-bb1e-0a634f96c554', '4976f6d0-5f46-4deb-8650-12384a804856', 'PGR, PCMSO e LTCAT — anual', true, 3, false, '2026-04-20 15:02:45.950212+00', 1.00),
	('2832ca56-0d5d-4964-bda0-049594fa73aa', '4976f6d0-5f46-4deb-8650-12384a804856', 'Certificado de Controle Integrado de Pragas (DDD) — trimestral', true, 4, false, '2026-04-20 15:02:45.950212+00', 1.00),
	('f3283ddc-08e1-4c41-90bb-20b5f0e50136', '4976f6d0-5f46-4deb-8650-12384a804856', 'FDS (Fichas de Dados de Segurança) dos produtos químicos atualizadas', false, 5, false, '2026-04-20 15:02:45.950212+00', 1.00),
	('ebb5a471-a89e-4e8b-b4b4-581ea526957a', '4976f6d0-5f46-4deb-8650-12384a804856', 'Higienização da caixa d''água — semestral', true, 6, false, '2026-04-20 15:02:45.950212+00', 1.00),
	('d4b940c4-5374-495b-8cd9-ac90499f7427', '4976f6d0-5f46-4deb-8650-12384a804856', 'Análise de água realizada', false, 7, false, '2026-04-20 15:02:45.950212+00', 1.00),
	('11102003-c8c0-4bc7-89b9-5df19fb41d29', '4976f6d0-5f46-4deb-8650-12384a804856', 'Troca da vela do filtro em dia', false, 8, false, '2026-04-20 15:02:45.950212+00', 1.00),
	('5415a8b8-1b0d-4a98-ac09-ffc0e66ebd53', '4976f6d0-5f46-4deb-8650-12384a804856', 'Limpeza da coifa realizada', false, 9, false, '2026-04-20 15:02:45.950212+00', 1.00),
	('6e11ae97-bb49-4f7b-8082-e4c636e15381', '4976f6d0-5f46-4deb-8650-12384a804856', 'Extintores dentro da validade e com carga', true, 10, false, '2026-04-20 15:02:45.950212+00', 1.00),
	('a9c31daa-eb4e-4a5e-b7a0-601b403225e3', '4976f6d0-5f46-4deb-8650-12384a804856', 'Calibração do termômetro em dia', true, 11, false, '2026-04-20 15:02:45.950212+00', 1.00),
	('1eba6135-a91f-406a-a1ad-8df03cbb0254', '4976f6d0-5f46-4deb-8650-12384a804856', 'Licença de funcionamento válida', true, 12, false, '2026-04-20 15:02:45.950212+00', 1.00),
	('d30f4579-a4db-4500-b211-e3ca4b5ff463', '4976f6d0-5f46-4deb-8650-12384a804856', 'CMVS (Cadastro Municipal de Vigilância Sanitária) válido', true, 13, false, '2026-04-20 15:02:45.950212+00', 1.00),
	('eef1f97b-34f5-46b8-af28-e1b7b220e331', '4976f6d0-5f46-4deb-8650-12384a804856', 'AVCB (Auto de Vistoria do Corpo de Bombeiros) válido', true, 14, false, '2026-04-20 15:02:45.950212+00', 1.00),
	('53af4163-1019-4f84-9fc7-8ffa010e9989', 'c1675815-d54c-4323-8dca-07658e21da51', 'Piso, paredes e teto limpos e em boas condições de conservação', true, 0, false, '2026-04-29 13:04:08.834572+00', 1.00),
	('dc374528-e5fa-4902-b924-776b024a0cca', 'c1675815-d54c-4323-8dca-07658e21da51', 'Iluminação adequada e protegida', false, 1, false, '2026-04-29 13:04:08.834572+00', 1.00),
	('7920521b-b44e-4a14-a77b-62be47797e09', 'c1675815-d54c-4323-8dca-07658e21da51', 'Ventilação adequada', false, 2, false, '2026-04-29 13:04:08.834572+00', 1.00),
	('d37ba859-c262-473c-8bd7-f7029aae3046', 'c1675815-d54c-4323-8dca-07658e21da51', 'Janelas com tela milimétrica, limpas e em boas condições de conservação', false, 3, false, '2026-04-29 13:04:08.834572+00', 1.00),
	('e556218c-2d8a-48a1-ab0b-44a7a91041f5', 'c1675815-d54c-4323-8dca-07658e21da51', 'Ralos telados/sifonados', true, 4, false, '2026-04-29 13:04:08.834572+00', 1.00),
	('4f01d9bc-2397-4e26-8621-b93532b2597a', 'c1675815-d54c-4323-8dca-07658e21da51', 'Fluxo operacional adequado', false, 5, false, '2026-04-29 13:04:08.834572+00', 1.00),
	('e4ba91fb-acd2-48f9-893f-063047abd9f5', 'c1675815-d54c-4323-8dca-07658e21da51', 'Setores possuem pia exclusiva para lavagem de mãos, devidamente abastecidas', true, 6, false, '2026-04-29 13:04:08.834572+00', 1.00),
	('f10402e1-2676-48fa-bd34-c895420f24ec', 'c1675815-d54c-4323-8dca-07658e21da51', 'Planilha de higiene ambiental preenchida', true, 7, false, '2026-04-29 13:04:08.834572+00', 1.00),
	('86ddd2c3-f475-436a-ad58-e3d19dd551e8', '3c8ad6e7-0c9d-4419-8e1a-8668967ec51f', 'Equipamentos íntegros e limpos', true, 0, false, '2026-04-29 13:04:08.953125+00', 1.00),
	('b67c3cf7-e65a-4a88-b712-40cbc7b3401d', '3c8ad6e7-0c9d-4419-8e1a-8668967ec51f', 'Utensílios limpos, organizados e em bom estado de conservação', true, 1, false, '2026-04-29 13:04:08.953125+00', 1.00),
	('3975757b-b114-497d-8e67-35cbdb771df2', '3c8ad6e7-0c9d-4419-8e1a-8668967ec51f', 'Bancadas e superfícies limpas e em boas condições de conservação', true, 2, false, '2026-04-29 13:04:08.953125+00', 1.00),
	('4fe25eb7-6305-44c2-beec-ca14c9e15749', '3c8ad6e7-0c9d-4419-8e1a-8668967ec51f', 'Termômetros funcionando', true, 3, false, '2026-04-29 13:04:08.953125+00', 1.00),
	('a2c53807-9c52-457c-8aae-eeefc089ff4c', '3c8ad6e7-0c9d-4419-8e1a-8668967ec51f', 'Planilha de controle de temperatura preenchida', true, 4, false, '2026-04-29 13:04:08.953125+00', 1.00),
	('2644db8b-a32c-4977-a25a-326929802b3f', '3c8ad6e7-0c9d-4419-8e1a-8668967ec51f', 'Lixeira limpa, com tampa e acionamento por pedal', false, 5, false, '2026-04-29 13:04:08.953125+00', 1.00),
	('b80e488e-3a14-41b8-9c4f-998f1212f770', '5266408d-dce3-4948-9cdf-edbea4bc00ca', 'Planilha de recebimento preenchida', true, 0, false, '2026-04-29 13:04:09.047784+00', 1.00),
	('f2415eaf-2c36-41ea-b259-56111921235d', '5266408d-dce3-4948-9cdf-edbea4bc00ca', 'Produtos dentro da validade', true, 1, false, '2026-04-29 13:04:09.047784+00', 1.00),
	('5e1389f3-915d-4979-9ca4-d52a1d44ab50', '5266408d-dce3-4948-9cdf-edbea4bc00ca', 'Armazenamento seco organizado', false, 2, false, '2026-04-29 13:04:09.047784+00', 1.00),
	('c14ca627-f0e6-456b-982b-54332b36d984', '5266408d-dce3-4948-9cdf-edbea4bc00ca', 'Armazenamento refrigerado adequado', true, 3, false, '2026-04-29 13:04:09.047784+00', 1.00),
	('a45fef1f-303f-4f63-b3cc-d7507b131f5b', '5266408d-dce3-4948-9cdf-edbea4bc00ca', 'PVPS (Primeiro que Vence, Primeiro que Sai) aplicado', true, 4, false, '2026-04-29 13:04:09.047784+00', 1.00),
	('56ae960d-3eeb-40ec-9ea3-ff69e44f27e4', '4013372d-f59c-473f-8f8f-ce5e60ed83e1', 'Higiene das mãos adequada', true, 0, false, '2026-04-29 13:04:09.221213+00', 1.00),
	('7928072f-a4f5-4139-af99-cf1f21786b88', '4013372d-f59c-473f-8f8f-ce5e60ed83e1', 'Fluxo que evita contaminação cruzada', true, 1, false, '2026-04-29 13:04:09.221213+00', 1.00),
	('b2012396-9452-4db3-9754-0416b28645a8', '4013372d-f59c-473f-8f8f-ce5e60ed83e1', 'Uso correto de EPI (Equipamento de Proteção Individual)', true, 2, false, '2026-04-29 13:04:09.221213+00', 1.00),
	('503566f1-1116-448f-8ea1-bbe4c4157ed4', '4013372d-f59c-473f-8f8f-ce5e60ed83e1', 'Controle Tempo × Temperatura (T×T°C)', true, 3, false, '2026-04-29 13:04:09.221213+00', 1.00),
	('905e59aa-6e83-44fc-93eb-3705cd929f61', '4013372d-f59c-473f-8f8f-ce5e60ed83e1', 'Identificação e validade dos produtos em uso', true, 4, false, '2026-04-29 13:04:09.221213+00', 1.00),
	('03a02148-7a74-4878-9b3b-11de31850f71', '4013372d-f59c-473f-8f8f-ce5e60ed83e1', 'Produtos protegidos adequadamente', false, 5, false, '2026-04-29 13:04:09.221213+00', 1.00),
	('2fe2e726-aa3a-4e1c-ab0d-faa8da50a86f', '4013372d-f59c-473f-8f8f-ce5e60ed83e1', 'Uso de uniforme completo e em boas condições de conservação e higiene', true, 6, false, '2026-04-29 13:04:09.221213+00', 1.00),
	('7242b58c-f0f2-412a-be57-c108a700021f', '4013372d-f59c-473f-8f8f-ce5e60ed83e1', 'Asseio pessoal adequado', true, 7, false, '2026-04-29 13:04:09.221213+00', 1.00),
	('d1a45cde-b2e3-4956-892f-1060cdc16fcf', '4013372d-f59c-473f-8f8f-ce5e60ed83e1', 'Resíduos descartados adequadamente', false, 8, false, '2026-04-29 13:04:09.221213+00', 1.00),
	('dba1aefc-e55c-4469-985c-a69d15e914ad', 'c33764b1-83a3-486d-98db-0e6160789b57', 'Manual de Boas Práticas de Fabricação (BPF) e POPs atualizados', true, 0, false, '2026-04-29 13:04:09.658187+00', 1.00),
	('2c230d14-186e-4292-8f2d-ee3194c2e8a4', 'c33764b1-83a3-486d-98db-0e6160789b57', 'Treinamento de manipuladores atualizado', true, 1, false, '2026-04-29 13:04:09.658187+00', 1.00),
	('cb1d91f2-3a06-4918-bd21-76c6a9396141', 'c33764b1-83a3-486d-98db-0e6160789b57', 'Atestado de Saúde Ocupacional (ASO) — anual', true, 2, false, '2026-04-29 13:04:09.658187+00', 1.00),
	('78180a17-f235-499d-ad9d-778b99bc59d1', 'c33764b1-83a3-486d-98db-0e6160789b57', 'PGR, PCMSO e LTCAT — anual', true, 3, false, '2026-04-29 13:04:09.658187+00', 1.00),
	('22a4c930-5bd5-4abb-bd21-2bd8ad963463', 'c33764b1-83a3-486d-98db-0e6160789b57', 'Certificado de Controle Integrado de Pragas (DDD) — trimestral', true, 4, false, '2026-04-29 13:04:09.658187+00', 1.00),
	('8f066add-2563-45c3-87c5-26c99d80203c', 'c33764b1-83a3-486d-98db-0e6160789b57', 'FDS (Fichas de Dados de Segurança) dos produtos químicos atualizadas', false, 5, false, '2026-04-29 13:04:09.658187+00', 1.00),
	('dc0258d6-fb7e-4b44-96ed-88b1aa2b95f4', 'c33764b1-83a3-486d-98db-0e6160789b57', 'Higienização da caixa d''água — semestral', true, 6, false, '2026-04-29 13:04:09.658187+00', 1.00),
	('ddd71e62-be20-473e-b6ea-12de24c43402', 'c33764b1-83a3-486d-98db-0e6160789b57', 'Análise de água realizada', false, 7, false, '2026-04-29 13:04:09.658187+00', 1.00),
	('f56d307f-21be-43a2-bfd3-45124e39925c', 'c33764b1-83a3-486d-98db-0e6160789b57', 'Troca da vela do filtro em dia', false, 8, false, '2026-04-29 13:04:09.658187+00', 1.00),
	('d3cafb9b-2122-4983-a858-d71e86440c97', 'c33764b1-83a3-486d-98db-0e6160789b57', 'Limpeza da coifa realizada', false, 9, false, '2026-04-29 13:04:09.658187+00', 1.00),
	('ac687a10-0976-4f8b-8c51-fc6a2028f120', 'c33764b1-83a3-486d-98db-0e6160789b57', 'Extintores dentro da validade e com carga', true, 10, false, '2026-04-29 13:04:09.658187+00', 1.00),
	('e19718a7-f878-4a14-b99f-8c30e1d7b918', 'c33764b1-83a3-486d-98db-0e6160789b57', 'Calibração do termômetro em dia', true, 11, false, '2026-04-29 13:04:09.658187+00', 1.00),
	('2219f967-fc1f-4b8c-b9d7-ef5409817b6b', 'c33764b1-83a3-486d-98db-0e6160789b57', 'Licença de funcionamento válida', true, 12, false, '2026-04-29 13:04:09.658187+00', 1.00),
	('b0d94207-4cd4-43d8-bb03-5ba8f8e14d8c', 'c33764b1-83a3-486d-98db-0e6160789b57', 'CMVS (Cadastro Municipal de Vigilância Sanitária) válido', true, 13, false, '2026-04-29 13:04:09.658187+00', 1.00),
	('f14587b4-10a5-4258-ac8b-dc9c019908ea', 'c33764b1-83a3-486d-98db-0e6160789b57', 'AVCB (Auto de Vistoria do Corpo de Bombeiros) válido', true, 14, false, '2026-04-29 13:04:09.658187+00', 1.00),
	('00d5f187-f34f-4c1c-b067-5fa3bb348122', '5145fb0c-2776-4064-86b2-320ec11a02d0', 'Piso, paredes e teto limpos e em boas condições de conservação', true, 0, false, '2026-04-29 13:24:29.872436+00', 1.00),
	('4df2ca74-0e10-45ea-be90-a1997ff5ae2c', '5145fb0c-2776-4064-86b2-320ec11a02d0', 'Iluminação adequada e protegida', false, 1, false, '2026-04-29 13:24:29.872436+00', 1.00),
	('0c68cbc2-9ae8-49be-b0da-67cc823d6a6a', '5145fb0c-2776-4064-86b2-320ec11a02d0', 'Ventilação adequada', false, 2, false, '2026-04-29 13:24:29.872436+00', 1.00),
	('90b2d9d2-d9f5-45df-819d-729dd7ee4776', '5145fb0c-2776-4064-86b2-320ec11a02d0', 'Janelas com tela milimétrica, limpas e em boas condições de conservação', false, 3, false, '2026-04-29 13:24:29.872436+00', 1.00),
	('4aec1366-494e-46a1-992c-f68e899f7c1f', '5145fb0c-2776-4064-86b2-320ec11a02d0', 'Ralos telados/sifonados', true, 4, false, '2026-04-29 13:24:29.872436+00', 1.00),
	('74ce20ed-09cc-421e-8de3-9cdb05b865be', '5145fb0c-2776-4064-86b2-320ec11a02d0', 'Fluxo operacional adequado', false, 5, false, '2026-04-29 13:24:29.872436+00', 1.00),
	('cbf4dc32-a576-4fcf-8331-5a6644b5d434', '5145fb0c-2776-4064-86b2-320ec11a02d0', 'Setores possuem pia exclusiva para lavagem de mãos, devidamente abastecidas', true, 6, false, '2026-04-29 13:24:29.872436+00', 1.00),
	('60926031-5fbf-4cf0-8ea3-dc6e14c7f885', '5145fb0c-2776-4064-86b2-320ec11a02d0', 'Planilha de higiene ambiental preenchida', true, 7, false, '2026-04-29 13:24:29.872436+00', 1.00),
	('a3a78c55-91d9-4a09-8f2a-93e4be249e38', '102da564-084d-4de6-88a4-201f9bf5e4a6', 'Equipamentos íntegros e limpos', true, 0, false, '2026-04-29 13:24:35.261555+00', 1.00),
	('abaa3118-48db-4411-b831-ca5439800277', '102da564-084d-4de6-88a4-201f9bf5e4a6', 'Utensílios limpos, organizados e em bom estado de conservação', true, 1, false, '2026-04-29 13:24:35.261555+00', 1.00),
	('a3c8d105-1685-4512-8d9f-484ee1bc28b6', '102da564-084d-4de6-88a4-201f9bf5e4a6', 'Bancadas e superfícies limpas e em boas condições de conservação', true, 2, false, '2026-04-29 13:24:35.261555+00', 1.00),
	('1746cb83-6db2-4294-b2b6-43ffa05a6156', '102da564-084d-4de6-88a4-201f9bf5e4a6', 'Termômetros funcionando', true, 3, false, '2026-04-29 13:24:35.261555+00', 1.00),
	('9529c97f-3bc9-44d9-a588-74a2492023cf', '102da564-084d-4de6-88a4-201f9bf5e4a6', 'Planilha de controle de temperatura preenchida', true, 4, false, '2026-04-29 13:24:35.261555+00', 1.00),
	('cd883df5-78d7-4009-8700-4990d41fdefb', '102da564-084d-4de6-88a4-201f9bf5e4a6', 'Lixeira limpa, com tampa e acionamento por pedal', false, 5, false, '2026-04-29 13:24:35.261555+00', 1.00),
	('96339ae2-3eb4-477b-b6f0-935ab8bbf88e', '3a59cc34-923a-4fa1-8a1e-7d33afdb9b53', 'Planilha de recebimento preenchida', true, 0, false, '2026-04-29 13:24:39.929203+00', 1.00),
	('aa44f911-942b-44c9-941c-de47feb55ea7', '3a59cc34-923a-4fa1-8a1e-7d33afdb9b53', 'Produtos dentro da validade', true, 1, false, '2026-04-29 13:24:39.929203+00', 1.00),
	('5cfc56bf-4c9d-4f91-94b5-b883e1e51e6d', '3a59cc34-923a-4fa1-8a1e-7d33afdb9b53', 'Armazenamento seco organizado', false, 2, false, '2026-04-29 13:24:39.929203+00', 1.00),
	('625a94ec-dfa5-4643-91cc-eb20d6e2e6f7', '3a59cc34-923a-4fa1-8a1e-7d33afdb9b53', 'Armazenamento refrigerado adequado', true, 3, false, '2026-04-29 13:24:39.929203+00', 1.00),
	('d4d6bd6e-020a-4980-ba58-8d641fa84703', '3a59cc34-923a-4fa1-8a1e-7d33afdb9b53', 'PVPS (Primeiro que Vence, Primeiro que Sai) aplicado', true, 4, false, '2026-04-29 13:24:39.929203+00', 1.00),
	('0ce4d9b0-5279-4c0b-af38-2bfda4014b70', 'cf84538d-6708-4fbb-b8f1-b58cc4f728c9', 'Higiene das mãos adequada', true, 0, false, '2026-04-29 13:24:45.384288+00', 1.00),
	('1808d033-6785-42dc-a74b-2b4d260eec0d', 'cf84538d-6708-4fbb-b8f1-b58cc4f728c9', 'Fluxo que evita contaminação cruzada', true, 1, false, '2026-04-29 13:24:45.384288+00', 1.00),
	('e3972340-42f6-490a-a181-1f26a4cb4552', 'cf84538d-6708-4fbb-b8f1-b58cc4f728c9', 'Uso correto de EPI (Equipamento de Proteção Individual)', true, 2, false, '2026-04-29 13:24:45.384288+00', 1.00),
	('2054f644-8d48-4efb-80bd-bf61842c6790', 'cf84538d-6708-4fbb-b8f1-b58cc4f728c9', 'Controle Tempo × Temperatura (T×T°C)', true, 3, false, '2026-04-29 13:24:45.384288+00', 1.00),
	('fbc146d9-8020-4625-bf05-77227e728986', 'cf84538d-6708-4fbb-b8f1-b58cc4f728c9', 'Identificação e validade dos produtos em uso', true, 4, false, '2026-04-29 13:24:45.384288+00', 1.00),
	('846f61bd-79f9-4833-8dc7-358a2c083118', 'cf84538d-6708-4fbb-b8f1-b58cc4f728c9', 'Produtos protegidos adequadamente', false, 5, false, '2026-04-29 13:24:45.384288+00', 1.00),
	('58b96fe9-82a6-49ef-9218-00a796211861', 'cf84538d-6708-4fbb-b8f1-b58cc4f728c9', 'Uso de uniforme completo e em boas condições de conservação e higiene', true, 6, false, '2026-04-29 13:24:45.384288+00', 1.00),
	('114db5b9-0579-40d9-a3bb-46defc24b9d6', 'cf84538d-6708-4fbb-b8f1-b58cc4f728c9', 'Asseio pessoal adequado', true, 7, false, '2026-04-29 13:24:45.384288+00', 1.00),
	('21c59058-a297-4d54-93ab-284c6e5d74ac', 'cf84538d-6708-4fbb-b8f1-b58cc4f728c9', 'Resíduos descartados adequadamente', false, 8, false, '2026-04-29 13:24:45.384288+00', 1.00),
	('eff169aa-44ac-491d-b493-26d7d9482823', 'fc786df8-59a5-4b81-a8ac-e7c874d7b175', 'Manual de Boas Práticas de Fabricação (BPF) e POPs atualizados', true, 0, false, '2026-04-29 13:24:47.519165+00', 1.00),
	('2233d4ae-21ba-455e-81cd-cac8fec04462', 'fc786df8-59a5-4b81-a8ac-e7c874d7b175', 'Treinamento de manipuladores atualizado', true, 1, false, '2026-04-29 13:24:47.519165+00', 1.00),
	('b8f8039b-3aa8-4c99-adab-f22afb447cff', 'fc786df8-59a5-4b81-a8ac-e7c874d7b175', 'Atestado de Saúde Ocupacional (ASO) — anual', true, 2, false, '2026-04-29 13:24:47.519165+00', 1.00),
	('5dd782a7-42cb-4397-ba10-76034e8769af', 'fc786df8-59a5-4b81-a8ac-e7c874d7b175', 'PGR, PCMSO e LTCAT — anual', true, 3, false, '2026-04-29 13:24:47.519165+00', 1.00),
	('622ba0d1-49c5-4ed2-bee5-1f016fde8036', 'fc786df8-59a5-4b81-a8ac-e7c874d7b175', 'Certificado de Controle Integrado de Pragas (DDD) — trimestral', true, 4, false, '2026-04-29 13:24:47.519165+00', 1.00),
	('e06557a1-0ee7-4db2-a9da-51f3909dfed2', 'fc786df8-59a5-4b81-a8ac-e7c874d7b175', 'FDS (Fichas de Dados de Segurança) dos produtos químicos atualizadas', false, 5, false, '2026-04-29 13:24:47.519165+00', 1.00),
	('c423845a-5e42-4570-ab3b-a7166926604d', 'fc786df8-59a5-4b81-a8ac-e7c874d7b175', 'Higienização da caixa d''água — semestral', true, 6, false, '2026-04-29 13:24:47.519165+00', 1.00),
	('8d54f956-b159-4d2a-8ad7-68cc69aca542', 'fc786df8-59a5-4b81-a8ac-e7c874d7b175', 'Análise de água realizada', false, 7, false, '2026-04-29 13:24:47.519165+00', 1.00),
	('86a92398-7948-4b96-80e1-8e150b8dce25', 'fc786df8-59a5-4b81-a8ac-e7c874d7b175', 'Troca da vela do filtro em dia', false, 8, false, '2026-04-29 13:24:47.519165+00', 1.00),
	('755f6c9c-7e7b-44be-b619-b3a1299cbe12', 'fc786df8-59a5-4b81-a8ac-e7c874d7b175', 'Limpeza da coifa realizada', false, 9, false, '2026-04-29 13:24:47.519165+00', 1.00),
	('193d8e74-59db-46ad-8ac9-b41b0532d44e', 'fc786df8-59a5-4b81-a8ac-e7c874d7b175', 'Extintores dentro da validade e com carga', true, 10, false, '2026-04-29 13:24:47.519165+00', 1.00),
	('d4658dc1-6c2c-4362-8fc8-d1b4d2bc4247', 'fc786df8-59a5-4b81-a8ac-e7c874d7b175', 'Calibração do termômetro em dia', true, 11, false, '2026-04-29 13:24:47.519165+00', 1.00),
	('c8a58526-8773-4309-8172-ed1202a51833', 'fc786df8-59a5-4b81-a8ac-e7c874d7b175', 'Licença de funcionamento válida', true, 12, false, '2026-04-29 13:24:47.519165+00', 1.00),
	('58af3663-07b8-40c3-a6ad-72781c5859bf', 'fc786df8-59a5-4b81-a8ac-e7c874d7b175', 'CMVS (Cadastro Municipal de Vigilância Sanitária) válido', true, 13, false, '2026-04-29 13:24:47.519165+00', 1.00),
	('386e676f-8800-4181-bb58-81e4e34fef87', 'fc786df8-59a5-4b81-a8ac-e7c874d7b175', 'AVCB (Auto de Vistoria do Corpo de Bombeiros) válido', true, 14, false, '2026-04-29 13:24:47.519165+00', 1.00);


--
-- Data for Name: checklist_establishment_recent; Type: TABLE DATA; Schema: public; Owner: postgres
--

INSERT INTO "public"."checklist_establishment_recent" ("user_id", "establishment_id", "last_opened_at", "created_at", "updated_at") VALUES
	('633db554-b037-4e40-8c4f-575337dbfded', '825c1377-211d-435f-b188-48dd165143f4', '2026-04-17 14:24:03.837+00', '2026-04-17 14:16:29.378323+00', '2026-04-17 14:24:03.89317+00'),
	('633db554-b037-4e40-8c4f-575337dbfded', '7e80c41e-f526-47c8-aeeb-26898788b1f8', '2026-04-20 15:02:43.601+00', '2026-04-20 14:57:10.706635+00', '2026-04-20 15:02:43.661985+00'),
	('633db554-b037-4e40-8c4f-575337dbfded', 'a6b1abd7-e138-495b-a534-3cff66679b9a', '2026-04-20 15:10:08.803+00', '2026-04-20 14:58:55.287009+00', '2026-04-20 15:10:08.836655+00'),
	('0ac5a0c3-00ba-4fa6-bacd-fc7f653e101f', 'a6b1abd7-e138-495b-a534-3cff66679b9a', '2026-04-20 18:17:09.583+00', '2026-04-20 18:17:09.627333+00', '2026-04-20 18:17:09.627333+00'),
	('0ac5a0c3-00ba-4fa6-bacd-fc7f653e101f', '825c1377-211d-435f-b188-48dd165143f4', '2026-04-22 13:38:19.252+00', '2026-04-22 13:38:19.279447+00', '2026-04-22 13:38:19.279447+00'),
	('d2c0ae27-29b6-49fd-ba6b-0d3362ac6444', '62a45889-eb9a-438d-99e7-e2a358f78359', '2026-04-22 14:12:03.681+00', '2026-04-22 11:38:54.513108+00', '2026-04-22 14:12:03.712492+00'),
	('0ac5a0c3-00ba-4fa6-bacd-fc7f653e101f', '4e407cf0-ed82-4f4b-afbb-61cdedefdfba', '2026-04-22 15:37:00.046+00', '2026-04-20 18:26:16.625688+00', '2026-04-22 15:37:00.065063+00'),
	('05487a66-8616-4a69-b20f-363fde46bf5b', '8f5e4fc6-7a98-4071-8845-05c334d6e65d', '2026-04-22 16:03:22.992+00', '2026-04-22 16:03:23.017289+00', '2026-04-22 16:03:23.017289+00'),
	('0ac5a0c3-00ba-4fa6-bacd-fc7f653e101f', '7f939464-ef1d-4993-a823-0c62ba40b929', '2026-04-23 18:44:54.941+00', '2026-04-23 17:59:26.259877+00', '2026-04-23 18:44:54.974911+00'),
	('ece7e15e-25ba-4fa7-8186-082e1ac7b490', 'baea424d-a625-49a9-b6b2-7d293210df16', '2026-04-23 19:10:22.537+00', '2026-04-23 18:07:08.866657+00', '2026-04-23 19:10:22.563935+00'),
	('0ac5a0c3-00ba-4fa6-bacd-fc7f653e101f', 'ebe836b9-c843-443b-9f79-fd4549d8f0c0', '2026-04-24 15:03:47.228+00', '2026-04-24 15:03:47.242293+00', '2026-04-24 15:03:47.242293+00'),
	('d2c0ae27-29b6-49fd-ba6b-0d3362ac6444', 'f07c3cc4-496d-4998-aaf3-0ef0a764a040', '2026-04-27 13:05:26.527+00', '2026-04-27 13:05:26.542156+00', '2026-04-27 13:05:26.542156+00'),
	('d2c0ae27-29b6-49fd-ba6b-0d3362ac6444', '4f377223-767d-43d8-be51-9929190df15f', '2026-04-28 15:55:59.771+00', '2026-04-28 15:55:59.783633+00', '2026-04-28 15:55:59.783633+00'),
	('6b78b890-8def-4de8-895f-af18a9b4a0d1', '7e80c41e-f526-47c8-aeeb-26898788b1f8', '2026-04-28 19:22:07.986+00', '2026-04-20 18:28:52.99174+00', '2026-04-28 19:22:08.001532+00'),
	('904a0dd8-09de-44c0-b4c9-053ef0fabb37', '3367496c-f021-4634-b8fc-a2f4f7d8513d', '2026-04-29 10:36:53.066+00', '2026-04-29 10:36:53.078064+00', '2026-04-29 10:36:53.078064+00'),
	('633db554-b037-4e40-8c4f-575337dbfded', '9aa9decc-c57c-4734-b72c-e74795fa8eae', '2026-04-29 13:04:07.675+00', '2026-04-22 19:07:15.788137+00', '2026-04-29 13:04:07.848073+00'),
	('d2c0ae27-29b6-49fd-ba6b-0d3362ac6444', '7b92af9f-4ae2-4aae-9137-cd66548a4529', '2026-04-29 13:15:00.787+00', '2026-04-20 22:04:16.852867+00', '2026-04-29 13:15:00.802788+00'),
	('633db554-b037-4e40-8c4f-575337dbfded', '4e407cf0-ed82-4f4b-afbb-61cdedefdfba', '2026-04-29 15:29:45.981+00', '2026-04-17 14:13:16.411356+00', '2026-04-29 15:29:46.152573+00'),
	('0ac5a0c3-00ba-4fa6-bacd-fc7f653e101f', 'd0da70b5-22c3-4a8e-8dd8-81b2d554650b', '2026-04-29 19:58:52.466+00', '2026-04-29 19:58:52.478198+00', '2026-04-29 19:58:52.478198+00'),
	('d2c0ae27-29b6-49fd-ba6b-0d3362ac6444', '6d0c617a-f659-4756-8f2d-0b56ee9091c0', '2026-04-30 16:35:59.016+00', '2026-04-30 16:35:59.026287+00', '2026-04-30 16:35:59.026287+00'),
	('d2c0ae27-29b6-49fd-ba6b-0d3362ac6444', '9f8fbe87-2a4c-4888-9680-c586423c3eca', '2026-05-04 11:18:07.052+00', '2026-05-04 11:18:07.060944+00', '2026-05-04 11:18:07.060944+00'),
	('0ac5a0c3-00ba-4fa6-bacd-fc7f653e101f', '7f2ec2d1-4f50-4011-b90f-ed90ecd4b25d', '2026-05-04 13:36:36.917+00', '2026-05-04 13:35:21.514361+00', '2026-05-04 13:36:36.932563+00'),
	('904a0dd8-09de-44c0-b4c9-053ef0fabb37', '4e407cf0-ed82-4f4b-afbb-61cdedefdfba', '2026-05-04 15:11:09.999+00', '2026-05-04 15:11:10.019112+00', '2026-05-04 15:11:10.019112+00');


--
-- Data for Name: checklist_workspace_templates; Type: TABLE DATA; Schema: public; Owner: postgres
--

INSERT INTO "public"."checklist_workspace_templates" ("id", "owner_user_id", "created_by_user_id", "name", "archived_at", "created_at", "updated_at") VALUES
	('fb6a223f-8e4c-4d03-922c-fa87676962e0', '633db554-b037-4e40-8c4f-575337dbfded', '633db554-b037-4e40-8c4f-575337dbfded', 'Checklis Exemplo', NULL, '2026-04-29 21:38:57.5242+00', '2026-04-29 21:38:57.5242+00');


--
-- Data for Name: establishment_areas; Type: TABLE DATA; Schema: public; Owner: postgres
--

INSERT INTO "public"."establishment_areas" ("id", "establishment_id", "owner_user_id", "name", "description", "position", "created_at", "updated_at") VALUES
	('9197b9c3-2c1b-4f4d-95fa-9baa7ea77193', '4e407cf0-ed82-4f4b-afbb-61cdedefdfba', '633db554-b037-4e40-8c4f-575337dbfded', 'Buffet', NULL, 3, '2026-04-24 01:33:31.371369+00', '2026-04-24 01:33:31.371369+00'),
	('f6017033-892e-4970-89a5-d1d098972cd9', '4e407cf0-ed82-4f4b-afbb-61cdedefdfba', '633db554-b037-4e40-8c4f-575337dbfded', 'Cozinha', NULL, 1, '2026-04-24 01:14:49.143131+00', '2026-04-24 01:16:39.690534+00'),
	('f64f13af-98bd-4181-b4c2-a2e1d012939a', '4e407cf0-ed82-4f4b-afbb-61cdedefdfba', '633db554-b037-4e40-8c4f-575337dbfded', 'Área Preparo Quente', NULL, 2, '2026-04-24 01:15:19.305236+00', '2026-04-24 01:16:39.69143+00'),
	('8d1de476-833d-4077-9829-292bbd849a26', '4e407cf0-ed82-4f4b-afbb-61cdedefdfba', '633db554-b037-4e40-8c4f-575337dbfded', 'Armazenamento', NULL, 0, '2026-04-24 01:15:27.16727+00', '2026-04-24 01:16:39.691687+00');


--
-- Data for Name: patients; Type: TABLE DATA; Schema: public; Owner: postgres
--

INSERT INTO "public"."patients" ("id", "client_id", "establishment_id", "full_name", "birth_date", "document_id", "sex", "phone", "email", "notes", "created_at", "updated_at", "is_parental_consent", "parental_consent_name", "user_id", "responsible_team_member_id") VALUES
	('3567fa3c-cbc5-4bfa-b506-695b5bc3fa16', '81988c7c-82b0-41a7-8440-7536a02f9398', NULL, 'Paciente Teste Mulher', '1932-02-03', NULL, 'female', NULL, NULL, NULL, '2026-04-03 20:40:54.184022+00', '2026-04-09 20:16:09.952256+00', false, NULL, '633db554-b037-4e40-8c4f-575337dbfded', NULL);


--
-- Data for Name: scheduled_visits; Type: TABLE DATA; Schema: public; Owner: postgres
--

INSERT INTO "public"."scheduled_visits" ("id", "user_id", "target_type", "establishment_id", "patient_id", "scheduled_start", "priority", "status", "notes", "created_at", "updated_at", "visit_kind", "assigned_team_member_id", "dossier_recipient_emails", "dossier_email_send_status", "dossier_email_last_error", "dossier_email_sent_at") VALUES
	('22184ce9-6b4d-43c7-b9ea-728c009ed2ae', '633db554-b037-4e40-8c4f-575337dbfded', 'establishment', '4e407cf0-ed82-4f4b-afbb-61cdedefdfba', NULL, '2026-04-06 13:20:00+00', 'normal', 'scheduled', NULL, '2026-04-04 00:18:01.666412+00', '2026-04-04 01:06:34.674829+00', 'technical_compliance', NULL, '{}', 'not_sent', NULL, NULL),
	('1791867d-f98b-45df-b6a9-6ad3c608b967', '633db554-b037-4e40-8c4f-575337dbfded', 'establishment', '4e407cf0-ed82-4f4b-afbb-61cdedefdfba', NULL, '2026-04-04 16:26:00+00', 'normal', 'in_progress', NULL, '2026-04-04 14:27:05.180671+00', '2026-04-04 14:27:33.871529+00', 'technical_compliance', NULL, '{}', 'not_sent', NULL, NULL),
	('9191a594-c0a8-4888-ba1a-3a15bfa204b9', '633db554-b037-4e40-8c4f-575337dbfded', 'establishment', '4e407cf0-ed82-4f4b-afbb-61cdedefdfba', NULL, '2026-04-06 12:00:00+00', 'urgent', 'scheduled', NULL, '2026-04-04 01:08:51.276194+00', '2026-04-29 22:03:19.382048+00', 'technical_compliance', NULL, '{}', 'not_sent', NULL, NULL),
	('63945e68-2ef0-49c6-aa32-dfaa5603ace0', '633db554-b037-4e40-8c4f-575337dbfded', 'establishment', '4e407cf0-ed82-4f4b-afbb-61cdedefdfba', NULL, '2026-04-09 13:24:00+00', 'urgent', 'scheduled', NULL, '2026-04-08 19:25:03.467204+00', '2026-04-29 22:03:19.382048+00', 'technical_compliance', NULL, '{}', 'not_sent', NULL, NULL);


--
-- Data for Name: checklist_fill_sessions; Type: TABLE DATA; Schema: public; Owner: postgres
--

INSERT INTO "public"."checklist_fill_sessions" ("id", "user_id", "establishment_id", "template_id", "created_at", "updated_at", "custom_template_id", "scheduled_visit_id", "dossier_approved_at", "area_id", "score_percentage", "score_points_earned", "score_points_total", "workspace_template_id") VALUES
	('bdfbdffa-25b5-4532-906c-7f4576aa916d', '633db554-b037-4e40-8c4f-575337dbfded', '4e407cf0-ed82-4f4b-afbb-61cdedefdfba', 'a1eebc99-9c0b-4ef8-bb6d-6bb9bd380b00', '2026-04-24 01:21:18.969012+00', '2026-04-24 01:25:56.325822+00', NULL, NULL, '2026-04-24 01:25:56.24+00', '8d1de476-833d-4077-9829-292bbd849a26', 64.29, 27.00, 42.00, NULL),
	('54601e81-10dd-44ad-aaf6-05c08df7c5fd', '633db554-b037-4e40-8c4f-575337dbfded', '4e407cf0-ed82-4f4b-afbb-61cdedefdfba', 'a1eebc99-9c0b-4ef8-bb6d-6bb9bd380b00', '2026-04-24 01:28:58.305827+00', '2026-04-24 01:28:58.305827+00', NULL, NULL, NULL, 'f6017033-892e-4970-89a5-d1d098972cd9', NULL, NULL, NULL, NULL),
	('f1576d1c-fd3f-4e6f-b238-504f3e31c0ce', '0ac5a0c3-00ba-4fa6-bacd-fc7f653e101f', '825c1377-211d-435f-b188-48dd165143f4', 'a1eebc99-9c0b-4ef8-bb6d-6bb9bd380b00', '2026-04-22 13:38:19.768473+00', '2026-04-22 13:40:24.668123+00', NULL, NULL, NULL, NULL, NULL, NULL, NULL, NULL),
	('abcac7ac-7b8d-4911-91de-360dfd96b79e', '633db554-b037-4e40-8c4f-575337dbfded', '4e407cf0-ed82-4f4b-afbb-61cdedefdfba', 'a1eebc99-9c0b-4ef8-bb6d-6bb9bd380b00', '2026-04-24 16:32:11.04685+00', '2026-04-24 16:32:11.04685+00', NULL, NULL, NULL, 'f6017033-892e-4970-89a5-d1d098972cd9', NULL, NULL, NULL, NULL),
	('5e1ba177-69c7-424f-915f-db1bb8b37e4b', '633db554-b037-4e40-8c4f-575337dbfded', '4e407cf0-ed82-4f4b-afbb-61cdedefdfba', 'a1eebc99-9c0b-4ef8-bb6d-6bb9bd380b00', '2026-04-24 01:36:29.132753+00', '2026-04-24 01:36:35.004371+00', NULL, NULL, NULL, 'f6017033-892e-4970-89a5-d1d098972cd9', NULL, NULL, NULL, NULL),
	('5ea9ef96-fda3-44a3-becf-662527f42dac', '633db554-b037-4e40-8c4f-575337dbfded', '9aa9decc-c57c-4734-b72c-e74795fa8eae', 'a1eebc99-9c0b-4ef8-bb6d-6bb9bd380b00', '2026-04-22 19:07:16.324017+00', '2026-04-22 20:30:39.071266+00', NULL, NULL, NULL, NULL, NULL, NULL, NULL, NULL),
	('ca9a9f10-f2c2-4bde-a154-ac162502f18b', '633db554-b037-4e40-8c4f-575337dbfded', '4e407cf0-ed82-4f4b-afbb-61cdedefdfba', 'a1eebc99-9c0b-4ef8-bb6d-6bb9bd380b00', '2026-04-22 16:11:46.482126+00', '2026-04-22 17:48:08.497235+00', NULL, NULL, '2026-04-22 17:48:08.32+00', NULL, NULL, NULL, NULL, NULL),
	('cb19ea03-1aa6-40a1-bea8-14406b7ecfe1', '633db554-b037-4e40-8c4f-575337dbfded', '825c1377-211d-435f-b188-48dd165143f4', 'a1eebc99-9c0b-4ef8-bb6d-6bb9bd380b00', '2026-04-16 20:09:29.7118+00', '2026-04-17 13:07:32.22051+00', NULL, NULL, '2026-04-17 13:07:32.201+00', NULL, NULL, NULL, NULL, NULL),
	('6f10303a-6ca7-4a24-9037-c0d68d6bc3a9', '0ac5a0c3-00ba-4fa6-bacd-fc7f653e101f', '4e407cf0-ed82-4f4b-afbb-61cdedefdfba', 'a1eebc99-9c0b-4ef8-bb6d-6bb9bd380b00', '2026-04-20 18:41:08.598312+00', '2026-04-24 01:51:16.685496+00', NULL, NULL, NULL, NULL, NULL, NULL, NULL, NULL),
	('d9e864b2-8839-43ec-95cd-250aa6f37913', '633db554-b037-4e40-8c4f-575337dbfded', '825c1377-211d-435f-b188-48dd165143f4', 'a1eebc99-9c0b-4ef8-bb6d-6bb9bd380b00', '2026-04-17 14:16:30.001619+00', '2026-04-17 14:40:44.082753+00', NULL, NULL, NULL, NULL, NULL, NULL, NULL, NULL),
	('42c5c4c3-23cf-4ce9-99e6-f271ffb878ef', '633db554-b037-4e40-8c4f-575337dbfded', '7e80c41e-f526-47c8-aeeb-26898788b1f8', 'a1eebc99-9c0b-4ef8-bb6d-6bb9bd380b00', '2026-04-20 14:57:11.146823+00', '2026-04-20 14:57:11.146823+00', NULL, NULL, NULL, NULL, NULL, NULL, NULL, NULL),
	('de68c12e-0a78-4b50-a3a8-b40c4fb71d4d', '633db554-b037-4e40-8c4f-575337dbfded', 'a6b1abd7-e138-495b-a534-3cff66679b9a', 'a1eebc99-9c0b-4ef8-bb6d-6bb9bd380b00', '2026-04-20 14:58:55.768835+00', '2026-04-20 14:58:55.768835+00', NULL, NULL, NULL, NULL, NULL, NULL, NULL, NULL),
	('4600d598-fb2e-4207-91c4-b30d319ff676', '633db554-b037-4e40-8c4f-575337dbfded', '4e407cf0-ed82-4f4b-afbb-61cdedefdfba', 'a1eebc99-9c0b-4ef8-bb6d-6bb9bd380b00', '2026-04-16 14:33:57.426923+00', '2026-04-16 14:58:43.615127+00', NULL, NULL, NULL, NULL, NULL, NULL, NULL, NULL),
	('59b728af-cdea-4e21-8253-3bff093bd691', '633db554-b037-4e40-8c4f-575337dbfded', '4e407cf0-ed82-4f4b-afbb-61cdedefdfba', 'a1eebc99-9c0b-4ef8-bb6d-6bb9bd380b00', '2026-04-16 15:01:44.68741+00', '2026-04-16 15:01:44.68741+00', NULL, NULL, NULL, NULL, NULL, NULL, NULL, NULL),
	('12863a71-ec1f-4cf3-9218-00c876997995', '633db554-b037-4e40-8c4f-575337dbfded', '4e407cf0-ed82-4f4b-afbb-61cdedefdfba', 'a1eebc99-9c0b-4ef8-bb6d-6bb9bd380b00', '2026-04-16 15:01:46.071975+00', '2026-04-16 15:01:46.071975+00', NULL, NULL, NULL, NULL, NULL, NULL, NULL, NULL),
	('ff3a2ee1-c525-4716-a5ba-03f5002adf38', '633db554-b037-4e40-8c4f-575337dbfded', '4e407cf0-ed82-4f4b-afbb-61cdedefdfba', 'a1eebc99-9c0b-4ef8-bb6d-6bb9bd380b00', '2026-04-16 17:05:16.923917+00', '2026-04-16 17:05:16.923917+00', NULL, NULL, NULL, NULL, NULL, NULL, NULL, NULL),
	('a9e7d08c-be8b-45a5-9a49-392426279049', '633db554-b037-4e40-8c4f-575337dbfded', 'a6b1abd7-e138-495b-a534-3cff66679b9a', 'a1eebc99-9c0b-4ef8-bb6d-6bb9bd380b00', '2026-04-20 15:10:10.12787+00', '2026-04-20 15:10:10.12787+00', NULL, NULL, NULL, NULL, NULL, NULL, NULL, NULL),
	('ea8b4171-56e6-4b35-9f09-467d793dc49f', '0ac5a0c3-00ba-4fa6-bacd-fc7f653e101f', 'a6b1abd7-e138-495b-a534-3cff66679b9a', 'a1eebc99-9c0b-4ef8-bb6d-6bb9bd380b00', '2026-04-20 18:17:10.099324+00', '2026-04-20 18:17:10.099324+00', NULL, NULL, NULL, NULL, NULL, NULL, NULL, NULL),
	('6249c9fe-70b0-45a7-bc40-2077df5c3cf1', '6b78b890-8def-4de8-895f-af18a9b4a0d1', '7e80c41e-f526-47c8-aeeb-26898788b1f8', 'a1eebc99-9c0b-4ef8-bb6d-6bb9bd380b00', '2026-04-20 18:28:53.515159+00', '2026-04-20 18:28:53.515159+00', NULL, NULL, NULL, NULL, NULL, NULL, NULL, NULL),
	('b37f11f2-ce6c-470a-a640-671c9ad7528f', '633db554-b037-4e40-8c4f-575337dbfded', '4e407cf0-ed82-4f4b-afbb-61cdedefdfba', 'a1eebc99-9c0b-4ef8-bb6d-6bb9bd380b00', '2026-04-16 20:13:34.584369+00', '2026-04-16 20:14:28.027889+00', NULL, NULL, NULL, NULL, NULL, NULL, NULL, NULL),
	('03548d1b-54cd-45eb-828e-72eb4af8d72f', '633db554-b037-4e40-8c4f-575337dbfded', '4e407cf0-ed82-4f4b-afbb-61cdedefdfba', 'a1eebc99-9c0b-4ef8-bb6d-6bb9bd380b00', '2026-04-16 20:14:52.829923+00', '2026-04-16 20:14:52.829923+00', NULL, NULL, NULL, NULL, NULL, NULL, NULL, NULL),
	('4deffb4e-5592-4d63-966c-cf8a32f65e59', '6b78b890-8def-4de8-895f-af18a9b4a0d1', '7e80c41e-f526-47c8-aeeb-26898788b1f8', 'a1eebc99-9c0b-4ef8-bb6d-6bb9bd380b00', '2026-04-23 16:19:06.293381+00', '2026-04-23 16:39:27.865252+00', NULL, NULL, NULL, NULL, NULL, NULL, NULL, NULL),
	('f109589a-616d-4f5c-ae83-0e41848edce8', '633db554-b037-4e40-8c4f-575337dbfded', '4e407cf0-ed82-4f4b-afbb-61cdedefdfba', NULL, '2026-04-04 14:36:39.503808+00', '2026-04-04 15:31:07.604568+00', '3cde3377-6c64-4d43-b34a-9caf6cffe625', '1791867d-f98b-45df-b6a9-6ad3c608b967', NULL, NULL, NULL, NULL, NULL, NULL),
	('3ffe82f8-4955-4f2c-96d4-208bb193b933', '633db554-b037-4e40-8c4f-575337dbfded', '825c1377-211d-435f-b188-48dd165143f4', 'a1eebc99-9c0b-4ef8-bb6d-6bb9bd380b00', '2026-04-17 02:09:30.839991+00', '2026-04-17 02:11:32.823315+00', NULL, NULL, NULL, NULL, NULL, NULL, NULL, NULL),
	('51abcf2a-ff6b-40ab-90bf-1bf05cfcd484', '633db554-b037-4e40-8c4f-575337dbfded', '825c1377-211d-435f-b188-48dd165143f4', 'a1eebc99-9c0b-4ef8-bb6d-6bb9bd380b00', '2026-04-17 11:23:10.716104+00', '2026-04-17 11:23:10.716104+00', NULL, NULL, NULL, NULL, NULL, NULL, NULL, NULL),
	('106d9ca3-761e-4f10-8f25-6ea8c5f979f2', '633db554-b037-4e40-8c4f-575337dbfded', '4e407cf0-ed82-4f4b-afbb-61cdedefdfba', 'a1eebc99-9c0b-4ef8-bb6d-6bb9bd380b00', '2026-04-24 01:18:28.830532+00', '2026-04-24 01:18:28.830532+00', NULL, NULL, NULL, '8d1de476-833d-4077-9829-292bbd849a26', NULL, NULL, NULL, NULL),
	('79821a47-fd13-4de9-a9d1-4bf23648042a', 'ece7e15e-25ba-4fa7-8186-082e1ac7b490', 'baea424d-a625-49a9-b6b2-7d293210df16', 'a1eebc99-9c0b-4ef8-bb6d-6bb9bd380b00', '2026-04-23 18:07:09.241134+00', '2026-04-23 18:47:41.483254+00', NULL, NULL, '2026-04-23 18:47:41.432+00', NULL, NULL, NULL, NULL, NULL),
	('d53f03bb-5eaf-4f4c-8fe0-1a427bc43fc3', 'd2c0ae27-29b6-49fd-ba6b-0d3362ac6444', '62a45889-eb9a-438d-99e7-e2a358f78359', 'a1eebc99-9c0b-4ef8-bb6d-6bb9bd380b00', '2026-04-22 11:38:54.887336+00', '2026-04-22 14:01:10.664223+00', NULL, NULL, '2026-04-22 14:01:10.637+00', NULL, NULL, NULL, NULL, NULL),
	('4854d67e-786d-4be2-b715-037d7b2942c6', 'd2c0ae27-29b6-49fd-ba6b-0d3362ac6444', '62a45889-eb9a-438d-99e7-e2a358f78359', 'a1eebc99-9c0b-4ef8-bb6d-6bb9bd380b00', '2026-04-22 14:07:21.888948+00', '2026-04-22 14:07:21.888948+00', NULL, NULL, NULL, NULL, NULL, NULL, NULL, NULL),
	('c8c67ecd-b14c-4793-8e05-8bb7c3c48d54', '633db554-b037-4e40-8c4f-575337dbfded', '4e407cf0-ed82-4f4b-afbb-61cdedefdfba', 'a0eebc99-9c0b-4ef8-bb6d-6bb9bd380a11', '2026-04-04 15:37:21.502973+00', '2026-04-04 16:09:23.586539+00', NULL, NULL, '2026-04-04 16:09:23.546+00', NULL, NULL, NULL, NULL, NULL),
	('84399aca-a882-46f2-b2c3-0eb4c4b62219', '633db554-b037-4e40-8c4f-575337dbfded', '4e407cf0-ed82-4f4b-afbb-61cdedefdfba', 'a1eebc99-9c0b-4ef8-bb6d-6bb9bd380b00', '2026-04-06 14:18:48.052403+00', '2026-04-06 14:18:48.052403+00', NULL, NULL, NULL, NULL, NULL, NULL, NULL, NULL),
	('4847b4dc-f738-47cf-b266-e2e10b46cc41', 'd2c0ae27-29b6-49fd-ba6b-0d3362ac6444', '62a45889-eb9a-438d-99e7-e2a358f78359', 'a1eebc99-9c0b-4ef8-bb6d-6bb9bd380b00', '2026-04-22 14:11:11.40728+00', '2026-04-22 14:11:11.40728+00', NULL, NULL, NULL, NULL, NULL, NULL, NULL, NULL),
	('c160a903-ba71-4460-92f3-289d2f0c302f', 'd2c0ae27-29b6-49fd-ba6b-0d3362ac6444', '62a45889-eb9a-438d-99e7-e2a358f78359', 'a1eebc99-9c0b-4ef8-bb6d-6bb9bd380b00', '2026-04-22 14:12:04.209629+00', '2026-04-22 14:12:04.209629+00', NULL, NULL, NULL, NULL, NULL, NULL, NULL, NULL),
	('449f7661-1c48-4000-807a-493f74660774', '633db554-b037-4e40-8c4f-575337dbfded', '4e407cf0-ed82-4f4b-afbb-61cdedefdfba', 'a1eebc99-9c0b-4ef8-bb6d-6bb9bd380b00', '2026-04-29 12:59:10.80902+00', '2026-04-29 15:28:22.310856+00', NULL, NULL, NULL, '8d1de476-833d-4077-9829-292bbd849a26', NULL, NULL, NULL, NULL),
	('2cd2b39d-f0bc-4c59-9dd7-2491cbe69cd6', '633db554-b037-4e40-8c4f-575337dbfded', '4e407cf0-ed82-4f4b-afbb-61cdedefdfba', 'a1eebc99-9c0b-4ef8-bb6d-6bb9bd380b00', '2026-04-29 15:29:45.622682+00', '2026-04-29 15:29:45.622682+00', NULL, NULL, NULL, '8d1de476-833d-4077-9829-292bbd849a26', NULL, NULL, NULL, NULL),
	('6ac2d5ee-31a6-4b61-9d4f-439ca9102a7f', '633db554-b037-4e40-8c4f-575337dbfded', '4e407cf0-ed82-4f4b-afbb-61cdedefdfba', 'a1eebc99-9c0b-4ef8-bb6d-6bb9bd380b00', '2026-04-08 19:27:18.295188+00', '2026-04-08 19:31:21.68656+00', NULL, NULL, '2026-04-08 19:31:21.654+00', NULL, NULL, NULL, NULL, NULL),
	('4d19a11c-bb76-40a2-92bd-955e9c831cc7', '633db554-b037-4e40-8c4f-575337dbfded', '4e407cf0-ed82-4f4b-afbb-61cdedefdfba', NULL, '2026-04-12 21:44:09.928474+00', '2026-04-12 21:44:09.928474+00', '3cde3377-6c64-4d43-b34a-9caf6cffe625', NULL, NULL, NULL, NULL, NULL, NULL, NULL),
	('91d34622-b908-4033-972f-1d1e2a90b159', '633db554-b037-4e40-8c4f-575337dbfded', '4e407cf0-ed82-4f4b-afbb-61cdedefdfba', 'a1eebc99-9c0b-4ef8-bb6d-6bb9bd380b00', '2026-04-06 14:35:02.46294+00', '2026-04-06 14:42:26.178767+00', NULL, NULL, NULL, NULL, NULL, NULL, NULL, NULL),
	('baa786f0-aaa4-4f94-9870-889673c6853c', 'ece7e15e-25ba-4fa7-8186-082e1ac7b490', 'baea424d-a625-49a9-b6b2-7d293210df16', 'a1eebc99-9c0b-4ef8-bb6d-6bb9bd380b00', '2026-04-23 19:09:55.169347+00', '2026-04-23 19:09:55.169347+00', NULL, NULL, NULL, NULL, NULL, NULL, NULL, NULL),
	('ba6e003b-10d7-4673-b565-c3cdb2113dc2', 'd2c0ae27-29b6-49fd-ba6b-0d3362ac6444', '7b92af9f-4ae2-4aae-9137-cd66548a4529', 'a1eebc99-9c0b-4ef8-bb6d-6bb9bd380b00', '2026-04-20 22:04:17.249472+00', '2026-04-20 22:19:05.302699+00', NULL, NULL, NULL, NULL, NULL, NULL, NULL, NULL),
	('7dc794d9-dadd-4390-8fed-a2d451f13d1e', '633db554-b037-4e40-8c4f-575337dbfded', '4e407cf0-ed82-4f4b-afbb-61cdedefdfba', 'a1eebc99-9c0b-4ef8-bb6d-6bb9bd380b00', '2026-04-29 13:05:12.196565+00', '2026-04-29 13:11:52.049693+00', NULL, NULL, '2026-04-29 13:11:51.776+00', '8d1de476-833d-4077-9829-292bbd849a26', 100.00, 39.00, 39.00, NULL),
	('7c72b34f-dbaf-452a-868f-67865650609d', '633db554-b037-4e40-8c4f-575337dbfded', '4e407cf0-ed82-4f4b-afbb-61cdedefdfba', 'a1eebc99-9c0b-4ef8-bb6d-6bb9bd380b00', '2026-04-16 20:17:15.621301+00', '2026-04-17 14:33:05.040801+00', NULL, NULL, NULL, NULL, NULL, NULL, NULL, NULL),
	('a9703b99-425f-4858-8b3f-c3a063831335', '05487a66-8616-4a69-b20f-363fde46bf5b', '8f5e4fc6-7a98-4071-8845-05c334d6e65d', 'a1eebc99-9c0b-4ef8-bb6d-6bb9bd380b00', '2026-04-22 16:03:23.528447+00', '2026-04-22 17:24:40.101668+00', NULL, NULL, NULL, NULL, NULL, NULL, NULL, NULL),
	('66b495bc-4311-4809-90c6-a8b149f70302', 'd2c0ae27-29b6-49fd-ba6b-0d3362ac6444', 'f07c3cc4-496d-4998-aaf3-0ef0a764a040', 'a1eebc99-9c0b-4ef8-bb6d-6bb9bd380b00', '2026-04-27 13:05:26.220809+00', '2026-04-27 13:23:03.034578+00', NULL, NULL, '2026-04-27 13:23:02.917+00', NULL, 95.24, 40.00, 42.00, NULL),
	('1274ff95-df92-4d35-b794-0b851b6a099b', '6b78b890-8def-4de8-895f-af18a9b4a0d1', '7e80c41e-f526-47c8-aeeb-26898788b1f8', 'a1eebc99-9c0b-4ef8-bb6d-6bb9bd380b00', '2026-04-28 19:22:07.588762+00', '2026-04-28 20:15:53.101617+00', NULL, NULL, '2026-04-28 20:15:53.055+00', NULL, 72.09, 31.00, 43.00, NULL),
	('3e1aeda0-0d7a-4137-9512-a54a91d53536', '633db554-b037-4e40-8c4f-575337dbfded', '4e407cf0-ed82-4f4b-afbb-61cdedefdfba', 'a1eebc99-9c0b-4ef8-bb6d-6bb9bd380b00', '2026-04-22 17:27:22.765242+00', '2026-04-22 18:15:09.369425+00', NULL, NULL, '2026-04-22 18:15:09.311+00', NULL, NULL, NULL, NULL, NULL),
	('0a970c4c-0330-4b80-9560-56d1a6829182', '0ac5a0c3-00ba-4fa6-bacd-fc7f653e101f', '7f939464-ef1d-4993-a823-0c62ba40b929', 'a1eebc99-9c0b-4ef8-bb6d-6bb9bd380b00', '2026-04-23 17:59:26.817374+00', '2026-04-23 18:25:48.344299+00', NULL, NULL, '2026-04-23 18:25:48.286+00', NULL, NULL, NULL, NULL, NULL),
	('ce2c6a06-38cf-4a9f-96fe-0f38298adf71', 'd2c0ae27-29b6-49fd-ba6b-0d3362ac6444', '4f377223-767d-43d8-be51-9929190df15f', 'a1eebc99-9c0b-4ef8-bb6d-6bb9bd380b00', '2026-04-28 15:55:59.471931+00', '2026-04-28 15:57:00.542681+00', NULL, NULL, NULL, NULL, NULL, NULL, NULL, NULL),
	('7374c257-0c0a-4833-8a61-74f7074e15f9', '0ac5a0c3-00ba-4fa6-bacd-fc7f653e101f', 'd0da70b5-22c3-4a8e-8dd8-81b2d554650b', 'a1eebc99-9c0b-4ef8-bb6d-6bb9bd380b00', '2026-04-29 19:58:52.045272+00', '2026-04-30 22:39:42.600987+00', NULL, NULL, '2026-04-30 22:39:42.529+00', NULL, 69.05, 29.00, 42.00, NULL),
	('e3630da8-68b7-4ac0-b5ed-66c8394857ab', 'd2c0ae27-29b6-49fd-ba6b-0d3362ac6444', '9f8fbe87-2a4c-4888-9680-c586423c3eca', 'a1eebc99-9c0b-4ef8-bb6d-6bb9bd380b00', '2026-05-04 11:18:06.682207+00', '2026-05-04 11:18:06.682207+00', NULL, NULL, NULL, NULL, NULL, NULL, NULL, NULL),
	('d93aa2db-f094-4a24-9e76-71e30c8f4361', 'd2c0ae27-29b6-49fd-ba6b-0d3362ac6444', '6d0c617a-f659-4756-8f2d-0b56ee9091c0', 'a1eebc99-9c0b-4ef8-bb6d-6bb9bd380b00', '2026-04-30 16:35:58.606519+00', '2026-04-30 17:11:26.845236+00', NULL, NULL, '2026-04-30 17:11:26.767+00', NULL, 50.00, 21.00, 42.00, NULL),
	('581bafb3-ffe1-4d21-816a-1cd6a26b5ba8', '0ac5a0c3-00ba-4fa6-bacd-fc7f653e101f', '7f939464-ef1d-4993-a823-0c62ba40b929', 'a1eebc99-9c0b-4ef8-bb6d-6bb9bd380b00', '2026-04-23 18:32:00.623723+00', '2026-04-23 18:45:41.63579+00', NULL, NULL, NULL, NULL, NULL, NULL, NULL, NULL),
	('505b9ed0-91f9-46bf-b12e-45050c262c5e', 'd2c0ae27-29b6-49fd-ba6b-0d3362ac6444', '7b92af9f-4ae2-4aae-9137-cd66548a4529', 'a1eebc99-9c0b-4ef8-bb6d-6bb9bd380b00', '2026-04-29 13:15:00.420385+00', '2026-04-29 13:35:48.413622+00', NULL, NULL, NULL, NULL, NULL, NULL, NULL, NULL),
	('93ef12b4-7531-4114-a4f3-aaa555d42a52', '0ac5a0c3-00ba-4fa6-bacd-fc7f653e101f', '4e407cf0-ed82-4f4b-afbb-61cdedefdfba', 'a1eebc99-9c0b-4ef8-bb6d-6bb9bd380b00', '2026-04-22 15:37:00.418632+00', '2026-04-23 23:39:24.425933+00', NULL, NULL, '2026-04-23 23:39:24.35+00', NULL, 82.05, 32.00, 39.00, NULL),
	('c662d9fe-ee16-4e21-9b83-3ec499f50ca2', '633db554-b037-4e40-8c4f-575337dbfded', '4e407cf0-ed82-4f4b-afbb-61cdedefdfba', 'a1eebc99-9c0b-4ef8-bb6d-6bb9bd380b00', '2026-04-24 16:32:10.970159+00', '2026-04-24 16:43:40.051868+00', NULL, NULL, '2026-04-24 16:43:39.811+00', '8d1de476-833d-4077-9829-292bbd849a26', 95.00, 38.00, 40.00, NULL),
	('4bb108ed-6365-48df-8620-f5dc447d308a', '633db554-b037-4e40-8c4f-575337dbfded', '4e407cf0-ed82-4f4b-afbb-61cdedefdfba', 'a1eebc99-9c0b-4ef8-bb6d-6bb9bd380b00', '2026-04-24 16:51:11.315192+00', '2026-04-29 12:31:15.688727+00', NULL, NULL, '2026-04-29 12:31:15.361+00', '9197b9c3-2c1b-4f4d-95fa-9baa7ea77193', 82.35, 28.00, 34.00, NULL),
	('bd32c131-09ae-4c79-97fd-69dd8dcf3806', '633db554-b037-4e40-8c4f-575337dbfded', '4e407cf0-ed82-4f4b-afbb-61cdedefdfba', 'a1eebc99-9c0b-4ef8-bb6d-6bb9bd380b00', '2026-04-24 16:51:11.238939+00', '2026-04-24 16:58:16.968804+00', NULL, NULL, '2026-04-24 16:58:16.701+00', 'f64f13af-98bd-4181-b4c2-a2e1d012939a', 97.67, 42.00, 43.00, NULL),
	('84bc67c9-adb9-495e-8108-2e883b8b11c4', '904a0dd8-09de-44c0-b4c9-053ef0fabb37', '3367496c-f021-4634-b8fc-a2f4f7d8513d', 'a1eebc99-9c0b-4ef8-bb6d-6bb9bd380b00', '2026-04-29 10:36:52.643604+00', '2026-04-29 20:04:59.519427+00', NULL, NULL, '2026-04-29 20:04:59.464+00', NULL, 50.00, 20.00, 40.00, NULL),
	('825f68f4-5a51-4861-b1f2-cf46fe8ac852', '0ac5a0c3-00ba-4fa6-bacd-fc7f653e101f', 'ebe836b9-c843-443b-9f79-fd4549d8f0c0', 'a1eebc99-9c0b-4ef8-bb6d-6bb9bd380b00', '2026-04-24 15:03:46.862763+00', '2026-04-24 15:28:02.871176+00', NULL, NULL, '2026-04-24 15:28:02.766+00', NULL, 60.98, 25.00, 41.00, NULL),
	('e5819bf1-8a4e-4d7c-8b36-cc550bc6fedc', '0ac5a0c3-00ba-4fa6-bacd-fc7f653e101f', '7f2ec2d1-4f50-4011-b90f-ed90ecd4b25d', 'a1eebc99-9c0b-4ef8-bb6d-6bb9bd380b00', '2026-05-04 13:36:36.463966+00', '2026-05-04 14:06:55.517844+00', NULL, NULL, '2026-05-04 14:06:55.438+00', NULL, 60.47, 26.00, 43.00, NULL),
	('007e677f-7fa6-4fc2-b126-633263a57603', '904a0dd8-09de-44c0-b4c9-053ef0fabb37', '4e407cf0-ed82-4f4b-afbb-61cdedefdfba', NULL, '2026-05-04 15:11:09.710383+00', '2026-05-04 15:12:46.369497+00', NULL, NULL, '2026-05-04 15:12:46.263+00', '8d1de476-833d-4077-9829-292bbd849a26', 66.67, 4.00, 6.00, 'fb6a223f-8e4c-4d03-922c-fa87676962e0');


--
-- Data for Name: checklist_template_sections; Type: TABLE DATA; Schema: public; Owner: postgres
--

INSERT INTO "public"."checklist_template_sections" ("id", "template_id", "title", "position", "created_at") VALUES
	('b0eebc99-9c0b-4ef8-bb6d-6bb9bd380a01', 'a0eebc99-9c0b-4ef8-bb6d-6bb9bd380a11', 'Instalações e higiene geral', 0, '2026-04-03 21:28:50.521106+00'),
	('b0eebc99-9c0b-4ef8-bb6d-6bb9bd380a02', 'a0eebc99-9c0b-4ef8-bb6d-6bb9bd380a11', 'Manipulação e armazenamento de alimentos', 1, '2026-04-03 21:28:50.521106+00'),
	('b0eebc99-9c0b-4ef8-bb6d-6bb9bd380a03', 'a0eebc99-9c0b-4ef8-bb6d-6bb9bd380a11', 'Documentação e controlo', 2, '2026-04-03 21:28:50.521106+00'),
	('b1eebc99-9c0b-4ef8-bb6d-6bb9bd380b06', 'a1eebc99-9c0b-4ef8-bb6d-6bb9bd380b00', 'Asseio pessoal', 4, '2026-05-04 15:03:57.425059+00'),
	('b1eebc99-9c0b-4ef8-bb6d-6bb9bd380b01', 'a1eebc99-9c0b-4ef8-bb6d-6bb9bd380b00', 'Estrutura e edificação', 0, '2026-04-06 14:15:29.659105+00'),
	('b1eebc99-9c0b-4ef8-bb6d-6bb9bd380b02', 'a1eebc99-9c0b-4ef8-bb6d-6bb9bd380b00', 'Equipamentos, móveis e utensílios', 1, '2026-04-06 14:15:29.659105+00'),
	('b1eebc99-9c0b-4ef8-bb6d-6bb9bd380b03', 'a1eebc99-9c0b-4ef8-bb6d-6bb9bd380b00', 'Recebimento e armazenamento', 2, '2026-04-06 14:15:29.659105+00'),
	('b1eebc99-9c0b-4ef8-bb6d-6bb9bd380b04', 'a1eebc99-9c0b-4ef8-bb6d-6bb9bd380b00', 'Manipulação e Boas Práticas', 3, '2026-04-06 14:15:29.659105+00'),
	('b1eebc99-9c0b-4ef8-bb6d-6bb9bd380b05', 'a1eebc99-9c0b-4ef8-bb6d-6bb9bd380b00', 'Documentação', 5, '2026-04-06 14:15:29.659105+00');


--
-- Data for Name: checklist_template_items; Type: TABLE DATA; Schema: public; Owner: postgres
--

INSERT INTO "public"."checklist_template_items" ("id", "section_id", "description", "is_required", "position", "created_at", "peso") VALUES
	('c0eebc99-9c0b-4ef8-bb6d-6bb9bd380a01', 'b0eebc99-9c0b-4ef8-bb6d-6bb9bd380a01', 'Áreas de preparação limpas, sem acumulação de lixo e com piso lavável.', true, 0, '2026-04-03 21:28:50.521106+00', 1.00),
	('c0eebc99-9c0b-4ef8-bb6d-6bb9bd380a02', 'b0eebc99-9c0b-4ef8-bb6d-6bb9bd380a01', 'Ventilação adequada nas cozinhas e despensas.', false, 1, '2026-04-03 21:28:50.521106+00', 1.00),
	('c0eebc99-9c0b-4ef8-bb6d-6bb9bd380a03', 'b0eebc99-9c0b-4ef8-bb6d-6bb9bd380a01', 'Iluminação suficiente em todas as zonas de trabalho.', true, 2, '2026-04-03 21:28:50.521106+00', 1.00),
	('c0eebc99-9c0b-4ef8-bb6d-6bb9bd380a04', 'b0eebc99-9c0b-4ef8-bb6d-6bb9bd380a02', 'Separação entre alimentos crus e cozinhados (utensílios e superfícies).', true, 0, '2026-04-03 21:28:50.521106+00', 1.00),
	('c0eebc99-9c0b-4ef8-bb6d-6bb9bd380a05', 'b0eebc99-9c0b-4ef8-bb6d-6bb9bd380a02', 'Cadeia de frio respeitada: temperaturas de refrigeração registadas quando aplicável.', true, 1, '2026-04-03 21:28:50.521106+00', 1.00),
	('c0eebc99-9c0b-4ef8-bb6d-6bb9bd380a06', 'b0eebc99-9c0b-4ef8-bb6d-6bb9bd380a02', 'Produtos armazenados com identificação e validade visível.', true, 2, '2026-04-03 21:28:50.521106+00', 1.00),
	('c0eebc99-9c0b-4ef8-bb6d-6bb9bd380a07', 'b0eebc99-9c0b-4ef8-bb6d-6bb9bd380a02', 'Água potável disponível para consumo e preparo.', false, 3, '2026-04-03 21:28:50.521106+00', 1.00),
	('c0eebc99-9c0b-4ef8-bb6d-6bb9bd380a08', 'b0eebc99-9c0b-4ef8-bb6d-6bb9bd380a03', 'Registo de temperaturas ou equivalente conforme portaria aplicável.', true, 0, '2026-04-03 21:28:50.521106+00', 1.00),
	('c0eebc99-9c0b-4ef8-bb6d-6bb9bd380a09', 'b0eebc99-9c0b-4ef8-bb6d-6bb9bd380a03', 'Treinamento básico em boas práticas documentado para manipuladores.', false, 1, '2026-04-03 21:28:50.521106+00', 1.00),
	('c0eebc99-9c0b-4ef8-bb6d-6bb9bd380a10', 'b0eebc99-9c0b-4ef8-bb6d-6bb9bd380a03', 'Plano de limpeza definido e com evidências de execução.', true, 2, '2026-04-03 21:28:50.521106+00', 1.00),
	('c1ee0029-9c0b-4ef8-bb6d-6bb9bd380b00', 'b1eebc99-9c0b-4ef8-bb6d-6bb9bd380b05', 'Manual de Boas Práticas de Fabricação (BPF) e POPs atualizados', true, 0, '2026-04-06 14:15:29.659105+00', 1.00),
	('c1ee0030-9c0b-4ef8-bb6d-6bb9bd380b00', 'b1eebc99-9c0b-4ef8-bb6d-6bb9bd380b05', 'Treinamento de manipuladores atualizado', true, 1, '2026-04-06 14:15:29.659105+00', 1.00),
	('c1ee0031-9c0b-4ef8-bb6d-6bb9bd380b00', 'b1eebc99-9c0b-4ef8-bb6d-6bb9bd380b05', 'Atestado de Saúde Ocupacional (ASO) — anual', true, 2, '2026-04-06 14:15:29.659105+00', 1.00),
	('c1ee0032-9c0b-4ef8-bb6d-6bb9bd380b00', 'b1eebc99-9c0b-4ef8-bb6d-6bb9bd380b05', 'PGR, PCMSO e LTCAT — anual', true, 3, '2026-04-06 14:15:29.659105+00', 1.00),
	('c1ee0033-9c0b-4ef8-bb6d-6bb9bd380b00', 'b1eebc99-9c0b-4ef8-bb6d-6bb9bd380b05', 'Certificado de Controle Integrado de Pragas (DDD) — trimestral', true, 4, '2026-04-06 14:15:29.659105+00', 1.00),
	('c1ee0034-9c0b-4ef8-bb6d-6bb9bd380b00', 'b1eebc99-9c0b-4ef8-bb6d-6bb9bd380b05', 'FDS (Fichas de Dados de Segurança) dos produtos químicos atualizadas', false, 5, '2026-04-06 14:15:29.659105+00', 1.00),
	('c1ee0035-9c0b-4ef8-bb6d-6bb9bd380b00', 'b1eebc99-9c0b-4ef8-bb6d-6bb9bd380b05', 'Higienização da caixa d''água — semestral', true, 6, '2026-04-06 14:15:29.659105+00', 1.00),
	('c1ee0036-9c0b-4ef8-bb6d-6bb9bd380b00', 'b1eebc99-9c0b-4ef8-bb6d-6bb9bd380b05', 'Análise de água realizada', false, 7, '2026-04-06 14:15:29.659105+00', 1.00),
	('c1ee0037-9c0b-4ef8-bb6d-6bb9bd380b00', 'b1eebc99-9c0b-4ef8-bb6d-6bb9bd380b05', 'Troca da vela do filtro em dia', false, 8, '2026-04-06 14:15:29.659105+00', 1.00),
	('c1ee0038-9c0b-4ef8-bb6d-6bb9bd380b00', 'b1eebc99-9c0b-4ef8-bb6d-6bb9bd380b05', 'Limpeza da coifa realizada', false, 9, '2026-04-06 14:15:29.659105+00', 1.00),
	('c1ee0039-9c0b-4ef8-bb6d-6bb9bd380b00', 'b1eebc99-9c0b-4ef8-bb6d-6bb9bd380b05', 'Extintores dentro da validade e com carga', true, 10, '2026-04-06 14:15:29.659105+00', 1.00),
	('c1ee0040-9c0b-4ef8-bb6d-6bb9bd380b00', 'b1eebc99-9c0b-4ef8-bb6d-6bb9bd380b05', 'Calibração do termômetro em dia', true, 11, '2026-04-06 14:15:29.659105+00', 1.00),
	('c1ee0041-9c0b-4ef8-bb6d-6bb9bd380b00', 'b1eebc99-9c0b-4ef8-bb6d-6bb9bd380b05', 'Licença de funcionamento válida', true, 12, '2026-04-06 14:15:29.659105+00', 1.00),
	('c1ee0042-9c0b-4ef8-bb6d-6bb9bd380b00', 'b1eebc99-9c0b-4ef8-bb6d-6bb9bd380b05', 'CMVS (Cadastro Municipal de Vigilância Sanitária) válido', true, 13, '2026-04-06 14:15:29.659105+00', 1.00),
	('c1ee0043-9c0b-4ef8-bb6d-6bb9bd380b00', 'b1eebc99-9c0b-4ef8-bb6d-6bb9bd380b05', 'AVCB (Auto de Vistoria do Corpo de Bombeiros) válido', true, 14, '2026-04-06 14:15:29.659105+00', 1.00),
	('c1ee0001-9c0b-4ef8-bb6d-6bb9bd380b00', 'b1eebc99-9c0b-4ef8-bb6d-6bb9bd380b01', 'Piso, parede, teto e porta limpos e em boas condições de conservação', true, 0, '2026-04-06 14:15:29.659105+00', 1.00),
	('c1ee0002-9c0b-4ef8-bb6d-6bb9bd380b00', 'b1eebc99-9c0b-4ef8-bb6d-6bb9bd380b01', 'Iluminação adequada e protegida', false, 1, '2026-04-06 14:15:29.659105+00', 1.00),
	('c1ee0003-9c0b-4ef8-bb6d-6bb9bd380b00', 'b1eebc99-9c0b-4ef8-bb6d-6bb9bd380b01', 'Ventilação adequada', false, 2, '2026-04-06 14:15:29.659105+00', 1.00),
	('c1ee0004-9c0b-4ef8-bb6d-6bb9bd380b00', 'b1eebc99-9c0b-4ef8-bb6d-6bb9bd380b01', 'Janelas com tela milimétrica, limpas e em boas condições de conservação', false, 3, '2026-04-06 14:15:29.659105+00', 1.00),
	('c1ee0005-9c0b-4ef8-bb6d-6bb9bd380b00', 'b1eebc99-9c0b-4ef8-bb6d-6bb9bd380b01', 'Ralos telados/sifonados', true, 4, '2026-04-06 14:15:29.659105+00', 1.00),
	('c1ee0006-9c0b-4ef8-bb6d-6bb9bd380b00', 'b1eebc99-9c0b-4ef8-bb6d-6bb9bd380b01', 'Fluxo operacional adequado', false, 5, '2026-04-06 14:15:29.659105+00', 1.00),
	('c1ee0007-9c0b-4ef8-bb6d-6bb9bd380b00', 'b1eebc99-9c0b-4ef8-bb6d-6bb9bd380b01', 'Pia exclusiva de higienização de mãos em bom estado e abastecida', true, 6, '2026-04-06 14:15:29.659105+00', 1.00),
	('c1ee0008-9c0b-4ef8-bb6d-6bb9bd380b00', 'b1eebc99-9c0b-4ef8-bb6d-6bb9bd380b01', 'Planilha de higiene ambiental preenchida', true, 7, '2026-04-06 14:15:29.659105+00', 1.00),
	('c1ee0009-9c0b-4ef8-bb6d-6bb9bd380b00', 'b1eebc99-9c0b-4ef8-bb6d-6bb9bd380b02', 'Equipamentos em bom estado de conservação e limpos', true, 0, '2026-04-06 14:15:29.659105+00', 1.00),
	('c1ee0010-9c0b-4ef8-bb6d-6bb9bd380b00', 'b1eebc99-9c0b-4ef8-bb6d-6bb9bd380b02', 'Utensílios limpos, organizados e em bom estado de conservação', true, 1, '2026-04-06 14:15:29.659105+00', 1.00),
	('c1ee0011-9c0b-4ef8-bb6d-6bb9bd380b00', 'b1eebc99-9c0b-4ef8-bb6d-6bb9bd380b02', 'Bancadas e superfícies limpas e em boas condições de conservação', true, 2, '2026-04-06 14:15:29.659105+00', 1.00),
	('c1ee0012-9c0b-4ef8-bb6d-6bb9bd380b00', 'b1eebc99-9c0b-4ef8-bb6d-6bb9bd380b02', 'Termômetros funcionando', true, 3, '2026-04-06 14:15:29.659105+00', 1.00),
	('c1ee0014-9c0b-4ef8-bb6d-6bb9bd380b00', 'b1eebc99-9c0b-4ef8-bb6d-6bb9bd380b02', 'Lixeira limpa, com tampa e acionamento por pedal', false, 4, '2026-04-06 14:15:29.659105+00', 1.00),
	('c1ee0013-9c0b-4ef8-bb6d-6bb9bd380b00', 'b1eebc99-9c0b-4ef8-bb6d-6bb9bd380b02', 'Planilha de controle de temperatura preenchida', true, 5, '2026-04-06 14:15:29.659105+00', 1.00),
	('c1ee0015-9c0b-4ef8-bb6d-6bb9bd380b00', 'b1eebc99-9c0b-4ef8-bb6d-6bb9bd380b03', 'Recebimento adequado', true, 0, '2026-04-06 14:15:29.659105+00', 1.00),
	('c1ee0016-9c0b-4ef8-bb6d-6bb9bd380b00', 'b1eebc99-9c0b-4ef8-bb6d-6bb9bd380b03', 'Produto dentro da validade', true, 1, '2026-04-06 14:15:29.659105+00', 1.00),
	('c1ee0017-9c0b-4ef8-bb6d-6bb9bd380b00', 'b1eebc99-9c0b-4ef8-bb6d-6bb9bd380b03', 'planilha de recebimento devidamente preenchida', false, 2, '2026-04-06 14:15:29.659105+00', 1.00),
	('c1ee0018-9c0b-4ef8-bb6d-6bb9bd380b00', 'b1eebc99-9c0b-4ef8-bb6d-6bb9bd380b03', 'armazenamento seco adequado', true, 3, '2026-04-06 14:15:29.659105+00', 1.00),
	('c1ee0019-9c0b-4ef8-bb6d-6bb9bd380b00', 'b1eebc99-9c0b-4ef8-bb6d-6bb9bd380b03', 'armazenamento refrigerado adequado', true, 4, '2026-04-06 14:15:29.659105+00', 1.00),
	('c1ee0044-9c0b-4ef8-bb6d-6bb9bd380b00', 'b1eebc99-9c0b-4ef8-bb6d-6bb9bd380b03', 'Produtos armazenado conforme PVPS', true, 5, '2026-05-04 15:03:57.425059+00', 1.00),
	('c1ee0045-9c0b-4ef8-bb6d-6bb9bd380b00', 'b1eebc99-9c0b-4ef8-bb6d-6bb9bd380b03', 'Produtos devidamente identificado a e na validade', true, 6, '2026-05-04 15:03:57.425059+00', 1.00),
	('c1ee0020-9c0b-4ef8-bb6d-6bb9bd380b00', 'b1eebc99-9c0b-4ef8-bb6d-6bb9bd380b04', 'Higiene das mãos adequada', true, 0, '2026-04-06 14:15:29.659105+00', 1.00),
	('c1ee0024-9c0b-4ef8-bb6d-6bb9bd380b00', 'b1eebc99-9c0b-4ef8-bb6d-6bb9bd380b04', 'Identificação correta dos produtos', true, 1, '2026-04-06 14:15:29.659105+00', 1.00),
	('c1ee0046-9c0b-4ef8-bb6d-6bb9bd380b00', 'b1eebc99-9c0b-4ef8-bb6d-6bb9bd380b04', 'Alimentos dentro do prazo de validade', true, 2, '2026-05-04 15:03:57.425059+00', 1.00),
	('c1ee0025-9c0b-4ef8-bb6d-6bb9bd380b00', 'b1eebc99-9c0b-4ef8-bb6d-6bb9bd380b04', 'Produtos protegidos', false, 3, '2026-04-06 14:15:29.659105+00', 1.00),
	('c1ee0047-9c0b-4ef8-bb6d-6bb9bd380b00', 'b1eebc99-9c0b-4ef8-bb6d-6bb9bd380b04', 'Possui amostra dos alimentos', false, 4, '2026-05-04 15:03:57.425059+00', 1.00),
	('c1ee0023-9c0b-4ef8-bb6d-6bb9bd380b00', 'b1eebc99-9c0b-4ef8-bb6d-6bb9bd380b04', 'Controle de tempo e temperatura dos alimentos', true, 5, '2026-04-06 14:15:29.659105+00', 1.00),
	('c1ee0048-9c0b-4ef8-bb6d-6bb9bd380b00', 'b1eebc99-9c0b-4ef8-bb6d-6bb9bd380b04', 'Higienização correta dos hortifrutis', false, 6, '2026-05-04 15:03:57.425059+00', 1.00),
	('c1ee0028-9c0b-4ef8-bb6d-6bb9bd380b00', 'b1eebc99-9c0b-4ef8-bb6d-6bb9bd380b04', 'Descarte adequado de resíduos', false, 7, '2026-04-06 14:15:29.659105+00', 1.00),
	('c1ee0049-9c0b-4ef8-bb6d-6bb9bd380b00', 'b1eebc99-9c0b-4ef8-bb6d-6bb9bd380b04', 'Planilha de temperatura dos alimentos preenchida', true, 8, '2026-05-04 15:03:57.425059+00', 1.00),
	('c1ee0050-9c0b-4ef8-bb6d-6bb9bd380b00', 'b1eebc99-9c0b-4ef8-bb6d-6bb9bd380b04', 'Planilha de controle de troca de óleo', true, 9, '2026-05-04 15:03:57.425059+00', 1.00),
	('c1ee0026-9c0b-4ef8-bb6d-6bb9bd380b00', 'b1eebc99-9c0b-4ef8-bb6d-6bb9bd380b06', 'Uniforme completo e em bom estado de conservação', true, 0, '2026-04-06 14:15:29.659105+00', 1.00),
	('c1ee0021-9c0b-4ef8-bb6d-6bb9bd380b00', 'b1eebc99-9c0b-4ef8-bb6d-6bb9bd380b06', 'Faz uso de adornos', true, 1, '2026-04-06 14:15:29.659105+00', 1.00),
	('c1ee0051-9c0b-4ef8-bb6d-6bb9bd380b00', 'b1eebc99-9c0b-4ef8-bb6d-6bb9bd380b06', 'Faz uso de barba ou esmalte', false, 2, '2026-05-04 15:03:57.425059+00', 1.00),
	('c1ee0022-9c0b-4ef8-bb6d-6bb9bd380b00', 'b1eebc99-9c0b-4ef8-bb6d-6bb9bd380b06', 'Faz uso de EPI', true, 3, '2026-04-06 14:15:29.659105+00', 1.00),
	('c1ee0052-9c0b-4ef8-bb6d-6bb9bd380b00', 'b1eebc99-9c0b-4ef8-bb6d-6bb9bd380b06', 'Higiene das mãos adequada', true, 4, '2026-05-04 15:03:57.425059+00', 1.00),
	('c1ee0027-9c0b-4ef8-bb6d-6bb9bd380b00', 'b1eebc99-9c0b-4ef8-bb6d-6bb9bd380b06', 'Comportamento adequado durante a manipulação dos alimentos', true, 5, '2026-04-06 14:15:29.659105+00', 1.00);


--
-- Data for Name: checklist_workspace_sections; Type: TABLE DATA; Schema: public; Owner: postgres
--

INSERT INTO "public"."checklist_workspace_sections" ("id", "workspace_template_id", "title", "position", "created_at") VALUES
	('eef775d3-aafc-4772-9a43-285ead4fce60', 'fb6a223f-8e4c-4d03-922c-fa87676962e0', 'Setor armazenamento', 0, '2026-04-29 21:38:57.642549+00'),
	('79f3090b-a294-4028-a4cc-2fe0fb0b95b1', 'fb6a223f-8e4c-4d03-922c-fa87676962e0', 'Seção 2', 1, '2026-04-29 21:38:57.813053+00');


--
-- Data for Name: checklist_workspace_items; Type: TABLE DATA; Schema: public; Owner: postgres
--

INSERT INTO "public"."checklist_workspace_items" ("id", "workspace_section_id", "description", "is_required", "position", "peso", "created_at") VALUES
	('6da49858-52be-45a0-9d73-b07c275f2fda', 'eef775d3-aafc-4772-9a43-285ead4fce60', 'Avaliar organização', true, 0, 1.00, '2026-04-29 21:38:57.729125+00'),
	('6c0d3927-ba12-402c-8696-b7acefb03d5a', 'eef775d3-aafc-4772-9a43-285ead4fce60', 'Avaliar Limpeza', true, 1, 1.00, '2026-04-29 21:38:57.729125+00'),
	('b4cc6516-da5e-4c4d-9b7f-cfab54af5541', 'eef775d3-aafc-4772-9a43-285ead4fce60', 'Ventilação', true, 2, 1.00, '2026-04-29 21:38:57.729125+00'),
	('8a93234c-e884-4287-99f2-6a21641d2ffd', 'eef775d3-aafc-4772-9a43-285ead4fce60', 'Azuleijos', false, 3, 1.00, '2026-04-29 21:38:57.729125+00'),
	('8ac856cd-cfee-49f6-951c-117bfd81338e', '79f3090b-a294-4028-a4cc-2fe0fb0b95b1', 'Item 1 seção 2', true, 0, 1.00, '2026-04-29 21:38:57.882029+00'),
	('b47863c4-1e49-4910-a0c5-73da79811597', '79f3090b-a294-4028-a4cc-2fe0fb0b95b1', 'Item 2 seção 2', false, 1, 1.00, '2026-04-29 21:38:57.882029+00'),
	('dbc65282-1de5-4264-915d-786fe9fbfedc', '79f3090b-a294-4028-a4cc-2fe0fb0b95b1', 'Item 3 seção 3', false, 2, 1.00, '2026-04-29 21:38:57.882029+00');


--
-- Data for Name: checklist_fill_item_photos; Type: TABLE DATA; Schema: public; Owner: postgres
--

INSERT INTO "public"."checklist_fill_item_photos" ("id", "user_id", "session_id", "template_item_id", "custom_item_id", "storage_path", "original_filename", "content_type", "file_size", "taken_at", "latitude", "longitude", "created_at", "workspace_item_id") VALUES
	('ba74af83-01a3-4ebd-adbd-81d79dcd6234', '633db554-b037-4e40-8c4f-575337dbfded', 'ca9a9f10-f2c2-4bde-a154-ac162502f18b', 'c1ee0001-9c0b-4ef8-bb6d-6bb9bd380b00', NULL, '633db554-b037-4e40-8c4f-575337dbfded/ca9a9f10-f2c2-4bde-a154-ac162502f18b/7f8b4f3f-15ec-4fdd-ae08-9e59a7cf8930.png', 'bola-volei.png', 'image/png', 762454, '2026-04-22 16:12:13.559+00', NULL, NULL, '2026-04-22 16:12:13.586809+00', NULL),
	('3d6deca7-bccb-4d22-b910-6c458e15cbd7', '633db554-b037-4e40-8c4f-575337dbfded', 'ca9a9f10-f2c2-4bde-a154-ac162502f18b', 'c1ee0002-9c0b-4ef8-bb6d-6bb9bd380b00', NULL, '633db554-b037-4e40-8c4f-575337dbfded/ca9a9f10-f2c2-4bde-a154-ac162502f18b/166cdff0-dc78-4a96-9c2c-51eda5f625d0.png', 'calendar-sample.png', 'image/png', 133093, '2026-04-22 17:04:52.136+00', NULL, NULL, '2026-04-22 17:04:52.268272+00', NULL),
	('8f86021f-5a28-48e4-b42d-c3d2a784512f', '633db554-b037-4e40-8c4f-575337dbfded', '3e1aeda0-0d7a-4137-9512-a54a91d53536', 'c1ee0001-9c0b-4ef8-bb6d-6bb9bd380b00', NULL, '633db554-b037-4e40-8c4f-575337dbfded/3e1aeda0-0d7a-4137-9512-a54a91d53536/5a4fae45-9111-43ff-b9a3-e1e3980823ac.png', 'bola-volei.png', 'image/png', 762454, '2026-04-22 17:27:32.797+00', NULL, NULL, '2026-04-22 17:27:32.817613+00', NULL),
	('c03116c8-1ceb-465a-b26c-6341a6c0a828', '633db554-b037-4e40-8c4f-575337dbfded', 'ca9a9f10-f2c2-4bde-a154-ac162502f18b', 'c1ee0005-9c0b-4ef8-bb6d-6bb9bd380b00', NULL, '633db554-b037-4e40-8c4f-575337dbfded/ca9a9f10-f2c2-4bde-a154-ac162502f18b/fd18a76b-b8ac-4414-b00f-a764b3880504.png', 'calendar-sample.png', 'image/png', 133093, '2026-04-22 17:34:28.952+00', NULL, NULL, '2026-04-22 17:34:29.097933+00', NULL),
	('ef6efb2c-8b9a-4348-9f93-18560c5963c5', '633db554-b037-4e40-8c4f-575337dbfded', 'ca9a9f10-f2c2-4bde-a154-ac162502f18b', 'c1ee0001-9c0b-4ef8-bb6d-6bb9bd380b00', NULL, '633db554-b037-4e40-8c4f-575337dbfded/ca9a9f10-f2c2-4bde-a154-ac162502f18b/a0eeeebd-f27a-4664-9c5f-f25c9a55c0be.png', 'dash-sample.png', 'image/png', 145753, '2026-04-22 17:36:16.967+00', NULL, NULL, '2026-04-22 17:36:17.118508+00', NULL),
	('eb99bcd0-9b80-46e5-af65-e1220cd597dc', '633db554-b037-4e40-8c4f-575337dbfded', 'ca9a9f10-f2c2-4bde-a154-ac162502f18b', 'c1ee0004-9c0b-4ef8-bb6d-6bb9bd380b00', NULL, '633db554-b037-4e40-8c4f-575337dbfded/ca9a9f10-f2c2-4bde-a154-ac162502f18b/63c49c07-74c4-4e0d-b7d2-84d997cf7419.png', 'bola-volei.png', 'image/png', 762454, '2026-04-22 17:39:50.024+00', NULL, NULL, '2026-04-22 17:39:50.20784+00', NULL),
	('1257f422-1553-497b-950c-39433a190fcc', '633db554-b037-4e40-8c4f-575337dbfded', 'ca9a9f10-f2c2-4bde-a154-ac162502f18b', 'c1ee0001-9c0b-4ef8-bb6d-6bb9bd380b00', NULL, '633db554-b037-4e40-8c4f-575337dbfded/ca9a9f10-f2c2-4bde-a154-ac162502f18b/e331e64a-174e-462a-a03c-65cc7ffa7819.png', 'dash2-sample.png', 'image/png', 269040, '2026-04-22 17:45:05.961+00', NULL, NULL, '2026-04-22 17:45:06.111098+00', NULL),
	('fb67fc18-4eb0-4405-90d7-93829eca04d4', '633db554-b037-4e40-8c4f-575337dbfded', '3e1aeda0-0d7a-4137-9512-a54a91d53536', 'c1ee0001-9c0b-4ef8-bb6d-6bb9bd380b00', NULL, '633db554-b037-4e40-8c4f-575337dbfded/3e1aeda0-0d7a-4137-9512-a54a91d53536/0001ba6b-b115-42eb-8387-4be8c436bedf.png', 'Generatedimage_1774292435954.png', 'image/png', 837230, '2026-04-22 18:00:12.27+00', -23.62484866486265, -46.73893185643796, '2026-04-22 18:00:12.694348+00', NULL),
	('a203589f-8bcc-4673-b8a1-83cce7710c9c', '633db554-b037-4e40-8c4f-575337dbfded', '93ef12b4-7531-4114-a4f3-aaa555d42a52', 'c1ee0001-9c0b-4ef8-bb6d-6bb9bd380b00', NULL, '633db554-b037-4e40-8c4f-575337dbfded/93ef12b4-7531-4114-a4f3-aaa555d42a52/b28e5b94-2e01-4b3d-81dd-7435437316e1.png', 'bola-volei.png', 'image/png', 762454, '2026-04-22 18:58:45.807+00', NULL, NULL, '2026-04-22 18:58:45.832121+00', NULL),
	('1d7e9744-58bb-4c18-8c8a-b9a7e1d83a69', '633db554-b037-4e40-8c4f-575337dbfded', '5ea9ef96-fda3-44a3-becf-662527f42dac', 'c1ee0001-9c0b-4ef8-bb6d-6bb9bd380b00', NULL, '633db554-b037-4e40-8c4f-575337dbfded/5ea9ef96-fda3-44a3-becf-662527f42dac/f22bcd92-c80d-47dd-baa5-4036393ad13c.png', 'dash2-sample.png', 'image/png', 269040, '2026-04-22 20:30:25.479+00', NULL, NULL, '2026-04-22 20:30:25.496545+00', NULL),
	('e35cc877-6d8d-4a16-9a57-5bd233f9e0c4', '633db554-b037-4e40-8c4f-575337dbfded', 'a9703b99-425f-4858-8b3f-c3a063831335', 'c1ee0007-9c0b-4ef8-bb6d-6bb9bd380b00', NULL, '633db554-b037-4e40-8c4f-575337dbfded/a9703b99-425f-4858-8b3f-c3a063831335/9dc881a1-9efe-4192-804b-9cad294abba7.png', 'dash2-sample.png', 'image/png', 269040, '2026-04-23 12:31:04.652+00', NULL, NULL, '2026-04-23 12:31:04.693175+00', NULL),
	('9706ec0a-7b04-4b21-ad30-ac49d2e9df83', '633db554-b037-4e40-8c4f-575337dbfded', '93ef12b4-7531-4114-a4f3-aaa555d42a52', 'c1ee0001-9c0b-4ef8-bb6d-6bb9bd380b00', NULL, '633db554-b037-4e40-8c4f-575337dbfded/93ef12b4-7531-4114-a4f3-aaa555d42a52/a3047c8c-d23b-481c-bb11-0054ac7e142f.jpg', 'IMG_0111.jpeg', 'image/jpeg', 4126146, '2026-04-23 16:53:40.432+00', 37.785834, -122.406417, '2026-04-23 16:53:40.746386+00', NULL),
	('cffe9e19-2747-436a-8721-8783d87baf33', '633db554-b037-4e40-8c4f-575337dbfded', '93ef12b4-7531-4114-a4f3-aaa555d42a52', 'c1ee0002-9c0b-4ef8-bb6d-6bb9bd380b00', NULL, '633db554-b037-4e40-8c4f-575337dbfded/93ef12b4-7531-4114-a4f3-aaa555d42a52/a1c384d9-dad1-40b6-a954-789ce9fcf7e9.jpg', 'IMG_0005.jpeg', 'image/jpeg', 1484524, '2026-04-23 16:56:17.913+00', 37.785834, -122.406417, '2026-04-23 16:56:18.421291+00', NULL),
	('5cf3053e-47f1-441f-bde6-dcd951e29660', '633db554-b037-4e40-8c4f-575337dbfded', '93ef12b4-7531-4114-a4f3-aaa555d42a52', 'c1ee0002-9c0b-4ef8-bb6d-6bb9bd380b00', NULL, '633db554-b037-4e40-8c4f-575337dbfded/93ef12b4-7531-4114-a4f3-aaa555d42a52/b078ba5a-8b5b-4258-9089-22d3849e3d1c.png', 'IMG_1225.png', 'image/png', 523438, '2026-04-23 17:29:51.608+00', NULL, NULL, '2026-04-23 17:29:51.656605+00', NULL),
	('b01bbbc4-f4f8-4499-ae10-a1adfe9ade51', '633db554-b037-4e40-8c4f-575337dbfded', '93ef12b4-7531-4114-a4f3-aaa555d42a52', 'c1ee0001-9c0b-4ef8-bb6d-6bb9bd380b00', NULL, '633db554-b037-4e40-8c4f-575337dbfded/93ef12b4-7531-4114-a4f3-aaa555d42a52/8a475f1f-5c1e-4815-a96c-00fbbca0ffe3.jpg', 'dash2-sample.jpg', 'image/jpeg', 64585, '2026-04-23 18:18:15.29+00', NULL, NULL, '2026-04-23 18:18:15.580483+00', NULL),
	('8aa4a6d4-877d-46b1-bd13-05c1e4ad93fd', '633db554-b037-4e40-8c4f-575337dbfded', '93ef12b4-7531-4114-a4f3-aaa555d42a52', 'c1ee0003-9c0b-4ef8-bb6d-6bb9bd380b00', NULL, '633db554-b037-4e40-8c4f-575337dbfded/93ef12b4-7531-4114-a4f3-aaa555d42a52/1de07b5e-b5b4-4cb9-9e36-ccac3ef5c2df.jpg', 'image.jpg', 'image/jpeg', 587577, '2026-04-23 19:02:28.271+00', NULL, NULL, '2026-04-23 19:02:28.292147+00', NULL),
	('fdea9cf1-dd63-4637-b9ec-5be48121d589', '633db554-b037-4e40-8c4f-575337dbfded', '93ef12b4-7531-4114-a4f3-aaa555d42a52', 'c1ee0004-9c0b-4ef8-bb6d-6bb9bd380b00', NULL, '633db554-b037-4e40-8c4f-575337dbfded/93ef12b4-7531-4114-a4f3-aaa555d42a52/bef3ed43-b946-433c-aaee-2f94d55c3801.jpg', 'IMG_1225.jpg', 'image/jpeg', 231283, '2026-04-23 19:02:47.361+00', NULL, NULL, '2026-04-23 19:02:47.439184+00', NULL),
	('7f6679ff-2eed-45b6-853b-ff56e8716232', '05487a66-8616-4a69-b20f-363fde46bf5b', '6f10303a-6ca7-4a24-9037-c0d68d6bc3a9', 'c1ee0001-9c0b-4ef8-bb6d-6bb9bd380b00', NULL, '633db554-b037-4e40-8c4f-575337dbfded/6f10303a-6ca7-4a24-9037-c0d68d6bc3a9/adbde862-9f24-4293-b562-2ca17a724259.jpg', 'image.jpg', 'image/jpeg', 588599, '2026-04-24 01:00:55.091+00', NULL, NULL, '2026-04-24 01:00:55.233152+00', NULL),
	('7218e326-1dbd-487a-9a89-8540c5512eb0', '05487a66-8616-4a69-b20f-363fde46bf5b', '6f10303a-6ca7-4a24-9037-c0d68d6bc3a9', 'c1ee0002-9c0b-4ef8-bb6d-6bb9bd380b00', NULL, '633db554-b037-4e40-8c4f-575337dbfded/6f10303a-6ca7-4a24-9037-c0d68d6bc3a9/f9891dc7-09c8-4fcd-b2f1-a9b0c2515d5d.jpg', 'IMG_1230.jpg', 'image/jpeg', 235505, '2026-04-24 01:01:50.965+00', NULL, NULL, '2026-04-24 01:01:51.016729+00', NULL),
	('38a8f6e5-4bf5-40d9-89c5-e99f975b21e3', '0ac5a0c3-00ba-4fa6-bacd-fc7f653e101f', '825f68f4-5a51-4861-b1f2-cf46fe8ac852', 'c1ee0010-9c0b-4ef8-bb6d-6bb9bd380b00', NULL, '633db554-b037-4e40-8c4f-575337dbfded/825f68f4-5a51-4861-b1f2-cf46fe8ac852/8e5bd70c-7f20-4506-9cb9-2ad8402245be.jpg', 'IMG_5419.jpg', 'image/jpeg', 577077, '2026-04-24 15:07:06.616+00', NULL, NULL, '2026-04-24 15:07:06.678419+00', NULL),
	('b0d2abfd-17a1-40f0-8e42-0243cbfc7982', '0ac5a0c3-00ba-4fa6-bacd-fc7f653e101f', '825f68f4-5a51-4861-b1f2-cf46fe8ac852', 'c1ee0017-9c0b-4ef8-bb6d-6bb9bd380b00', NULL, '633db554-b037-4e40-8c4f-575337dbfded/825f68f4-5a51-4861-b1f2-cf46fe8ac852/0521d476-41d9-4939-afa0-0f61094e0915.jpg', 'IMG_5432.jpg', 'image/jpeg', 774739, '2026-04-24 15:10:35.619+00', NULL, NULL, '2026-04-24 15:10:35.683018+00', NULL),
	('6f2c96c2-ae39-42a8-8cc0-2bd1c664a87a', '0ac5a0c3-00ba-4fa6-bacd-fc7f653e101f', '825f68f4-5a51-4861-b1f2-cf46fe8ac852', 'c1ee0017-9c0b-4ef8-bb6d-6bb9bd380b00', NULL, '633db554-b037-4e40-8c4f-575337dbfded/825f68f4-5a51-4861-b1f2-cf46fe8ac852/96f60c87-393e-47c2-99d8-9a3d0eddf803.jpg', 'IMG_5433.jpg', 'image/jpeg', 816425, '2026-04-24 15:11:26.124+00', NULL, NULL, '2026-04-24 15:11:26.144879+00', NULL),
	('3d65acd3-a973-45b8-9cac-1d6f673126c8', '0ac5a0c3-00ba-4fa6-bacd-fc7f653e101f', '825f68f4-5a51-4861-b1f2-cf46fe8ac852', 'c1ee0018-9c0b-4ef8-bb6d-6bb9bd380b00', NULL, '633db554-b037-4e40-8c4f-575337dbfded/825f68f4-5a51-4861-b1f2-cf46fe8ac852/803ba80d-39f4-4e4e-922a-f3d6238ae711.jpg', 'IMG_5425.jpg', 'image/jpeg', 642907, '2026-04-24 15:11:57.93+00', NULL, NULL, '2026-04-24 15:11:57.992801+00', NULL),
	('f5bd28c8-9dfb-468b-a797-3af231efa782', '0ac5a0c3-00ba-4fa6-bacd-fc7f653e101f', '825f68f4-5a51-4861-b1f2-cf46fe8ac852', 'c1ee0018-9c0b-4ef8-bb6d-6bb9bd380b00', NULL, '633db554-b037-4e40-8c4f-575337dbfded/825f68f4-5a51-4861-b1f2-cf46fe8ac852/a197a411-1841-4f93-902d-3f6bcc8c519d.jpg', 'IMG_5422.jpg', 'image/jpeg', 649317, '2026-04-24 15:13:39.922+00', NULL, NULL, '2026-04-24 15:13:39.94369+00', NULL),
	('f53e6b63-dab5-45d6-8e06-6476cfe96acf', '0ac5a0c3-00ba-4fa6-bacd-fc7f653e101f', '825f68f4-5a51-4861-b1f2-cf46fe8ac852', 'c1ee0024-9c0b-4ef8-bb6d-6bb9bd380b00', NULL, '633db554-b037-4e40-8c4f-575337dbfded/825f68f4-5a51-4861-b1f2-cf46fe8ac852/10453594-666e-47d6-bf75-91531df3b643.jpg', 'IMG_5421.jpg', 'image/jpeg', 762562, '2026-04-24 15:15:56.999+00', NULL, NULL, '2026-04-24 15:15:57.066152+00', NULL),
	('c5d2b1c8-fb9f-457a-a937-07df52583372', '0ac5a0c3-00ba-4fa6-bacd-fc7f653e101f', '825f68f4-5a51-4861-b1f2-cf46fe8ac852', 'c1ee0025-9c0b-4ef8-bb6d-6bb9bd380b00', NULL, '633db554-b037-4e40-8c4f-575337dbfded/825f68f4-5a51-4861-b1f2-cf46fe8ac852/d15ba315-132a-48ea-add6-611fa4271d0b.jpg', 'IMG_5422.jpg', 'image/jpeg', 649317, '2026-04-24 15:16:38.754+00', NULL, NULL, '2026-04-24 15:16:38.79735+00', NULL),
	('3005c3fc-f00b-4a33-b225-7053ee12c671', '0ac5a0c3-00ba-4fa6-bacd-fc7f653e101f', '825f68f4-5a51-4861-b1f2-cf46fe8ac852', 'c1ee0025-9c0b-4ef8-bb6d-6bb9bd380b00', NULL, '633db554-b037-4e40-8c4f-575337dbfded/825f68f4-5a51-4861-b1f2-cf46fe8ac852/984c0244-1397-47f4-a389-167293c33125.jpg', 'IMG_5431.jpg', 'image/jpeg', 507804, '2026-04-24 15:18:03.75+00', NULL, NULL, '2026-04-24 15:18:03.80111+00', NULL),
	('ddd4bb4f-389e-4abc-abe6-2c8871bb452d', '0ac5a0c3-00ba-4fa6-bacd-fc7f653e101f', '825f68f4-5a51-4861-b1f2-cf46fe8ac852', 'c1ee0025-9c0b-4ef8-bb6d-6bb9bd380b00', NULL, '633db554-b037-4e40-8c4f-575337dbfded/825f68f4-5a51-4861-b1f2-cf46fe8ac852/c0ec6076-070a-4461-b189-08e1682ab08a.jpg', 'IMG_5420.jpg', 'image/jpeg', 729876, '2026-04-24 15:19:12.351+00', NULL, NULL, '2026-04-24 15:19:12.365944+00', NULL),
	('92093336-ab74-4ba4-9708-952bf67c1879', 'd2c0ae27-29b6-49fd-ba6b-0d3362ac6444', '66b495bc-4311-4809-90c6-a8b149f70302', 'c1ee0016-9c0b-4ef8-bb6d-6bb9bd380b00', NULL, '633db554-b037-4e40-8c4f-575337dbfded/66b495bc-4311-4809-90c6-a8b149f70302/eccda337-9466-4910-b06f-4f17b7fea047.jpg', '1001053380.jpg', 'image/jpeg', 63380, '2026-04-27 13:07:37.337+00', -23.6006374, -46.7160359, '2026-04-27 13:07:37.364017+00', NULL),
	('fb6a83d1-6a35-41cb-a544-d8b3e7efe3bf', 'd2c0ae27-29b6-49fd-ba6b-0d3362ac6444', '66b495bc-4311-4809-90c6-a8b149f70302', 'c1ee0016-9c0b-4ef8-bb6d-6bb9bd380b00', NULL, '633db554-b037-4e40-8c4f-575337dbfded/66b495bc-4311-4809-90c6-a8b149f70302/eaea06b1-1928-42e6-8a39-6e64aa3f2eeb.jpg', '1001053381.jpg', 'image/jpeg', 60506, '2026-04-27 13:07:44.095+00', -23.6006374, -46.7160359, '2026-04-27 13:07:44.113783+00', NULL),
	('8b9a29ba-0474-42c4-abb3-26c18d39ea91', 'd2c0ae27-29b6-49fd-ba6b-0d3362ac6444', '66b495bc-4311-4809-90c6-a8b149f70302', 'c1ee0033-9c0b-4ef8-bb6d-6bb9bd380b00', NULL, '633db554-b037-4e40-8c4f-575337dbfded/66b495bc-4311-4809-90c6-a8b149f70302/887247bc-3358-45ea-a3ae-487588cb0b68.jpg', '1001053382.jpg', 'image/jpeg', 175937, '2026-04-27 13:15:39.23+00', -23.6006458, -46.7160343, '2026-04-27 13:15:39.244502+00', NULL),
	('628a4bc0-a986-4ab9-944a-9b72a8247624', '6b78b890-8def-4de8-895f-af18a9b4a0d1', '1274ff95-df92-4d35-b794-0b851b6a099b', 'c1ee0001-9c0b-4ef8-bb6d-6bb9bd380b00', NULL, '633db554-b037-4e40-8c4f-575337dbfded/1274ff95-df92-4d35-b794-0b851b6a099b/dcdef899-fbd7-42e0-8e7b-e7fc45939a18.jpg', '17774041343638024189543085763155.jpg', 'image/jpeg', 250057, '2026-04-28 19:22:47.19+00', -23.5315485, -46.6636466, '2026-04-28 19:22:47.21061+00', NULL),
	('41417179-4f19-41a1-b7d2-ed56b2fc65ef', '6b78b890-8def-4de8-895f-af18a9b4a0d1', '1274ff95-df92-4d35-b794-0b851b6a099b', 'c1ee0001-9c0b-4ef8-bb6d-6bb9bd380b00', NULL, '633db554-b037-4e40-8c4f-575337dbfded/1274ff95-df92-4d35-b794-0b851b6a099b/be913e51-2f5e-4daa-91c8-a298203c5678.jpg', '17774041799231038065456070601034.jpg', 'image/jpeg', 230381, '2026-04-28 19:23:11.988+00', -23.5315485, -46.6636466, '2026-04-28 19:23:12.00821+00', NULL),
	('b39791ec-90f6-4836-9b65-2368faae6014', '6b78b890-8def-4de8-895f-af18a9b4a0d1', '1274ff95-df92-4d35-b794-0b851b6a099b', 'c1ee0001-9c0b-4ef8-bb6d-6bb9bd380b00', NULL, '633db554-b037-4e40-8c4f-575337dbfded/1274ff95-df92-4d35-b794-0b851b6a099b/b694a164-9853-4daa-8543-0cd48058d7c3.jpg', '17774042010816763744291505060848.jpg', 'image/jpeg', 195614, '2026-04-28 19:23:39.544+00', -23.5315485, -46.6636466, '2026-04-28 19:23:39.609695+00', NULL),
	('d4657296-1555-4122-b5b8-0115affef91c', '6b78b890-8def-4de8-895f-af18a9b4a0d1', '1274ff95-df92-4d35-b794-0b851b6a099b', 'c1ee0002-9c0b-4ef8-bb6d-6bb9bd380b00', NULL, '633db554-b037-4e40-8c4f-575337dbfded/1274ff95-df92-4d35-b794-0b851b6a099b/d6da694d-2ee9-46fc-b190-380c0e792fc9.jpg', '17774043726555234107320038707734.jpg', 'image/jpeg', 178604, '2026-04-28 19:26:24.977+00', -23.5315485, -46.6636466, '2026-04-28 19:26:25.010408+00', NULL),
	('335bbd2a-df1c-477d-b4ba-bf01c7636dda', '6b78b890-8def-4de8-895f-af18a9b4a0d1', '1274ff95-df92-4d35-b794-0b851b6a099b', 'c1ee0002-9c0b-4ef8-bb6d-6bb9bd380b00', NULL, '633db554-b037-4e40-8c4f-575337dbfded/1274ff95-df92-4d35-b794-0b851b6a099b/f0ca8ba9-35a7-4a66-aa36-9596dbe2809e.jpg', '177740438901697259850001850460.jpg', 'image/jpeg', 106359, '2026-04-28 19:26:42.258+00', -23.5315485, -46.6636466, '2026-04-28 19:26:42.293605+00', NULL),
	('aa697086-366e-43f4-a04c-03d31d3a1f29', '6b78b890-8def-4de8-895f-af18a9b4a0d1', '1274ff95-df92-4d35-b794-0b851b6a099b', 'c1ee0003-9c0b-4ef8-bb6d-6bb9bd380b00', NULL, '633db554-b037-4e40-8c4f-575337dbfded/1274ff95-df92-4d35-b794-0b851b6a099b/183b000b-4f5b-4576-b34a-7262753f3631.jpg', '17774045213228346067432714140909.jpg', 'image/jpeg', 256123, '2026-04-28 19:29:38.911+00', -23.5315428, -46.6636477, '2026-04-28 19:29:38.95814+00', NULL),
	('0d24b7f8-a8f1-459b-9cb6-6cf37fa933ab', '6b78b890-8def-4de8-895f-af18a9b4a0d1', '1274ff95-df92-4d35-b794-0b851b6a099b', 'c1ee0004-9c0b-4ef8-bb6d-6bb9bd380b00', NULL, '633db554-b037-4e40-8c4f-575337dbfded/1274ff95-df92-4d35-b794-0b851b6a099b/122511b3-8258-4781-99ee-08afbf8720c8.jpg', '17774049184732658673616735716279.jpg', 'image/jpeg', 136158, '2026-04-28 19:36:02.284+00', -23.5315385, -46.6636561, '2026-04-28 19:36:02.352556+00', NULL),
	('1798dd72-38b8-4c1d-a90f-9f1d7d7e6c6c', '6b78b890-8def-4de8-895f-af18a9b4a0d1', '1274ff95-df92-4d35-b794-0b851b6a099b', 'c1ee0005-9c0b-4ef8-bb6d-6bb9bd380b00', NULL, '633db554-b037-4e40-8c4f-575337dbfded/1274ff95-df92-4d35-b794-0b851b6a099b/8fc6803c-cde3-4f00-a45b-a74c7c688e85.jpg', '17774050332713079038868568905809.jpg', 'image/jpeg', 158668, '2026-04-28 19:38:31.671+00', -23.5315385, -46.6636561, '2026-04-28 19:38:31.733443+00', NULL),
	('98b565ec-c499-4e84-9d53-6c6791aad89e', '6b78b890-8def-4de8-895f-af18a9b4a0d1', '1274ff95-df92-4d35-b794-0b851b6a099b', 'c1ee0007-9c0b-4ef8-bb6d-6bb9bd380b00', NULL, '633db554-b037-4e40-8c4f-575337dbfded/1274ff95-df92-4d35-b794-0b851b6a099b/63bc0a38-e3a8-4be7-9380-a7ed2a75e4e6.jpg', '17774057848136665713359109236747.jpg', 'image/jpeg', 179431, '2026-04-28 19:49:57.545+00', -23.5315428, -46.6636595, '2026-04-28 19:49:57.571447+00', NULL),
	('b5c6dc19-98b3-46c4-898b-6bcb02c5d918', '6b78b890-8def-4de8-895f-af18a9b4a0d1', '1274ff95-df92-4d35-b794-0b851b6a099b', 'c1ee0009-9c0b-4ef8-bb6d-6bb9bd380b00', NULL, '633db554-b037-4e40-8c4f-575337dbfded/1274ff95-df92-4d35-b794-0b851b6a099b/730b4ad8-6e5e-49ed-9c5e-3d007fc2a73e.jpg', '17774060644505637604266010746923.jpg', 'image/jpeg', 166682, '2026-04-28 19:54:53.535+00', -23.5315528, -46.6636321, '2026-04-28 19:54:53.59106+00', NULL),
	('d04c51e8-7e1a-4062-845c-7976906253ab', '6b78b890-8def-4de8-895f-af18a9b4a0d1', '1274ff95-df92-4d35-b794-0b851b6a099b', 'c1ee0009-9c0b-4ef8-bb6d-6bb9bd380b00', NULL, '633db554-b037-4e40-8c4f-575337dbfded/1274ff95-df92-4d35-b794-0b851b6a099b/84be2f20-872c-4c6d-8ea4-4923f572b4a5.jpg', '17774060964876630043879535294547.jpg', 'image/jpeg', 200603, '2026-04-28 19:55:17.903+00', -23.5315528, -46.6636321, '2026-04-28 19:55:17.928434+00', NULL),
	('21f6e27a-ce96-446e-86d1-efe3e8b6e9d4', '6b78b890-8def-4de8-895f-af18a9b4a0d1', '1274ff95-df92-4d35-b794-0b851b6a099b', 'c1ee0009-9c0b-4ef8-bb6d-6bb9bd380b00', NULL, '633db554-b037-4e40-8c4f-575337dbfded/1274ff95-df92-4d35-b794-0b851b6a099b/d6d023aa-38b2-46a4-8df8-0241b945fa13.jpg', '1777406124925273290858070809861.jpg', 'image/jpeg', 189534, '2026-04-28 19:55:45.245+00', -23.5315528, -46.6636321, '2026-04-28 19:55:45.312204+00', NULL),
	('2fdea2db-ff9c-48c8-9d5d-d9f906ed6149', '6b78b890-8def-4de8-895f-af18a9b4a0d1', '1274ff95-df92-4d35-b794-0b851b6a099b', 'c1ee0010-9c0b-4ef8-bb6d-6bb9bd380b00', NULL, '633db554-b037-4e40-8c4f-575337dbfded/1274ff95-df92-4d35-b794-0b851b6a099b/09afd163-636c-405a-a702-c856bc09aef4.jpg', '17774064388814377318487134707559.jpg', 'image/jpeg', 231806, '2026-04-28 20:00:57.835+00', -23.5315528, -46.6636321, '2026-04-28 20:00:57.886872+00', NULL),
	('44de589c-9941-490f-851d-f7ad0aa74fa6', '6b78b890-8def-4de8-895f-af18a9b4a0d1', '1274ff95-df92-4d35-b794-0b851b6a099b', 'c1ee0010-9c0b-4ef8-bb6d-6bb9bd380b00', NULL, '633db554-b037-4e40-8c4f-575337dbfded/1274ff95-df92-4d35-b794-0b851b6a099b/2378a618-788f-444e-94f7-b54344df906b.jpg', '17774064839677564510027658923874.jpg', 'image/jpeg', 259175, '2026-04-28 20:01:41.142+00', -23.5315528, -46.6636321, '2026-04-28 20:01:41.354539+00', NULL),
	('e8c516db-f533-4aae-baae-cfda41f69b20', '6b78b890-8def-4de8-895f-af18a9b4a0d1', '1274ff95-df92-4d35-b794-0b851b6a099b', 'c1ee0010-9c0b-4ef8-bb6d-6bb9bd380b00', NULL, '633db554-b037-4e40-8c4f-575337dbfded/1274ff95-df92-4d35-b794-0b851b6a099b/0e92d296-36b6-4a9a-90bf-0a4d94f67a32.jpg', '17774065050075762675401402265930.jpg', 'image/jpeg', 228732, '2026-04-28 20:01:58.71+00', -23.5315528, -46.6636321, '2026-04-28 20:01:58.735525+00', NULL),
	('f42410e1-f23d-4aeb-98d7-dbbdad110a9e', '6b78b890-8def-4de8-895f-af18a9b4a0d1', '1274ff95-df92-4d35-b794-0b851b6a099b', 'c1ee0014-9c0b-4ef8-bb6d-6bb9bd380b00', NULL, '633db554-b037-4e40-8c4f-575337dbfded/1274ff95-df92-4d35-b794-0b851b6a099b/0468174c-9255-46d5-9b0d-11f968b4b5b5.jpg', '17774066436579099634997499204823.jpg', 'image/jpeg', 185627, '2026-04-28 20:04:22.847+00', -23.5315528, -46.6636321, '2026-04-28 20:04:22.86998+00', NULL),
	('30376c21-bc16-4d04-80e4-9b0644c80268', '633db554-b037-4e40-8c4f-575337dbfded', '4bb108ed-6365-48df-8620-f5dc447d308a', 'c1ee0033-9c0b-4ef8-bb6d-6bb9bd380b00', NULL, '633db554-b037-4e40-8c4f-575337dbfded/4bb108ed-6365-48df-8620-f5dc447d308a/2a1011c4-0fbf-43d2-a617-2ceaa31434ec.jpg', 'bola-volei.jpg', 'image/jpeg', 84899, '2026-04-29 12:26:14.525+00', -23.62486120956949, -46.738924204957755, '2026-04-29 12:26:14.806644+00', NULL),
	('1efb582d-4b5f-4013-983b-0aa3a7360b0a', 'd2c0ae27-29b6-49fd-ba6b-0d3362ac6444', '505b9ed0-91f9-46bf-b12e-45050c262c5e', 'c1ee0001-9c0b-4ef8-bb6d-6bb9bd380b00', NULL, '633db554-b037-4e40-8c4f-575337dbfded/505b9ed0-91f9-46bf-b12e-45050c262c5e/74428dc7-073c-4d07-9c8e-2b75baf857a7.jpg', '1001056032.jpg', 'image/jpeg', 51331, '2026-04-29 13:16:10.697+00', -23.6060836, -46.7128082, '2026-04-29 13:16:10.7526+00', NULL),
	('46bdfbf4-b730-45da-bfb1-47c5d7cf6943', 'd2c0ae27-29b6-49fd-ba6b-0d3362ac6444', '505b9ed0-91f9-46bf-b12e-45050c262c5e', 'c1ee0001-9c0b-4ef8-bb6d-6bb9bd380b00', NULL, '633db554-b037-4e40-8c4f-575337dbfded/505b9ed0-91f9-46bf-b12e-45050c262c5e/e6133fab-3786-4680-9fac-4c66fd36d45a.jpg', '1001056033.jpg', 'image/jpeg', 149201, '2026-04-29 13:16:17.357+00', -23.6060836, -46.7128082, '2026-04-29 13:16:17.37754+00', NULL),
	('62e59051-711f-4016-b34d-1cfe8af7fa4a', 'd2c0ae27-29b6-49fd-ba6b-0d3362ac6444', '505b9ed0-91f9-46bf-b12e-45050c262c5e', 'c1ee0009-9c0b-4ef8-bb6d-6bb9bd380b00', NULL, '633db554-b037-4e40-8c4f-575337dbfded/505b9ed0-91f9-46bf-b12e-45050c262c5e/574be695-92d8-4348-94d3-d6d3619ab201.jpg', '1001056052.jpg', 'image/jpeg', 83773, '2026-04-29 13:20:50.556+00', -23.6060937, -46.7128103, '2026-04-29 13:20:50.61005+00', NULL),
	('5e97535e-9061-4e75-a3b3-58c0cabe7136', 'd2c0ae27-29b6-49fd-ba6b-0d3362ac6444', '505b9ed0-91f9-46bf-b12e-45050c262c5e', 'c1ee0009-9c0b-4ef8-bb6d-6bb9bd380b00', NULL, '633db554-b037-4e40-8c4f-575337dbfded/505b9ed0-91f9-46bf-b12e-45050c262c5e/f10ec367-3b04-42fb-a54d-71d181580ba0.jpg', '1001056048.jpg', 'image/jpeg', 79965, '2026-04-29 13:21:06.241+00', -23.6060937, -46.7128103, '2026-04-29 13:21:06.386108+00', NULL),
	('7baaaae5-fa38-402d-93d8-e4a0748932e1', 'd2c0ae27-29b6-49fd-ba6b-0d3362ac6444', '505b9ed0-91f9-46bf-b12e-45050c262c5e', 'c1ee0009-9c0b-4ef8-bb6d-6bb9bd380b00', NULL, '633db554-b037-4e40-8c4f-575337dbfded/505b9ed0-91f9-46bf-b12e-45050c262c5e/85378335-c40c-4ce1-9bb7-16ad7da782e8.jpg', '1001056058.jpg', 'image/jpeg', 98859, '2026-04-29 13:21:19.319+00', -23.6060937, -46.7128103, '2026-04-29 13:21:19.334845+00', NULL),
	('6dfea172-4031-427a-a66a-86ddcc3647ca', 'd2c0ae27-29b6-49fd-ba6b-0d3362ac6444', '505b9ed0-91f9-46bf-b12e-45050c262c5e', 'c1ee0009-9c0b-4ef8-bb6d-6bb9bd380b00', NULL, '633db554-b037-4e40-8c4f-575337dbfded/505b9ed0-91f9-46bf-b12e-45050c262c5e/4a76b740-26d2-4120-b38e-0dd6907bd4ce.jpg', '1001056056.jpg', 'image/jpeg', 167781, '2026-04-29 13:22:15.212+00', -23.6060937, -46.7128103, '2026-04-29 13:22:15.38157+00', NULL),
	('966cb18d-a9d3-4d7c-bebd-203cf0404c71', 'd2c0ae27-29b6-49fd-ba6b-0d3362ac6444', '505b9ed0-91f9-46bf-b12e-45050c262c5e', 'c1ee0024-9c0b-4ef8-bb6d-6bb9bd380b00', NULL, '633db554-b037-4e40-8c4f-575337dbfded/505b9ed0-91f9-46bf-b12e-45050c262c5e/acaba1a8-8bb9-487a-ab90-f1623c999e01.jpg', '1001056051.jpg', 'image/jpeg', 129355, '2026-04-29 13:25:46.803+00', -23.6060937, -46.7128103, '2026-04-29 13:25:47.352822+00', NULL),
	('9e0ef96c-609f-48b2-b9ad-bfe6b818dacd', 'd2c0ae27-29b6-49fd-ba6b-0d3362ac6444', '505b9ed0-91f9-46bf-b12e-45050c262c5e', 'c1ee0024-9c0b-4ef8-bb6d-6bb9bd380b00', NULL, '633db554-b037-4e40-8c4f-575337dbfded/505b9ed0-91f9-46bf-b12e-45050c262c5e/f736aa73-e300-4893-84a2-0c0d959afd5f.jpg', '1001056057.jpg', 'image/jpeg', 70397, '2026-04-29 13:26:06.979+00', -23.6060815, -46.7128054, '2026-04-29 13:26:07.255412+00', NULL),
	('df06e818-dea6-45e1-a42e-024e82881637', 'd2c0ae27-29b6-49fd-ba6b-0d3362ac6444', '505b9ed0-91f9-46bf-b12e-45050c262c5e', 'c1ee0024-9c0b-4ef8-bb6d-6bb9bd380b00', NULL, '633db554-b037-4e40-8c4f-575337dbfded/505b9ed0-91f9-46bf-b12e-45050c262c5e/4663076f-30df-4883-98cf-a2b1677a7a29.jpg', '1001056049.jpg', 'image/jpeg', 72471, '2026-04-29 13:26:21.715+00', -23.6060815, -46.7128054, '2026-04-29 13:26:21.736412+00', NULL),
	('38d89f84-e070-4d2c-a635-b1584fe43776', 'd2c0ae27-29b6-49fd-ba6b-0d3362ac6444', '505b9ed0-91f9-46bf-b12e-45050c262c5e', 'c1ee0024-9c0b-4ef8-bb6d-6bb9bd380b00', NULL, '633db554-b037-4e40-8c4f-575337dbfded/505b9ed0-91f9-46bf-b12e-45050c262c5e/d0616dc6-0fd2-4f2b-8dfc-d52f91f6c872.jpg', '1001056050.jpg', 'image/jpeg', 105138, '2026-04-29 13:26:29.228+00', -23.6060815, -46.7128054, '2026-04-29 13:26:29.302614+00', NULL),
	('8e9c54f4-937c-4bcb-b1f5-25bb9f95c8b3', 'd2c0ae27-29b6-49fd-ba6b-0d3362ac6444', '505b9ed0-91f9-46bf-b12e-45050c262c5e', 'c1ee0025-9c0b-4ef8-bb6d-6bb9bd380b00', NULL, '633db554-b037-4e40-8c4f-575337dbfded/505b9ed0-91f9-46bf-b12e-45050c262c5e/1248d5d8-fa38-4b87-abdd-fdc46e2e20f1.jpg', '1001056050.jpg', 'image/jpeg', 105138, '2026-04-29 13:27:02.535+00', -23.6060815, -46.7128054, '2026-04-29 13:27:02.550769+00', NULL),
	('149eadac-0b3b-458e-aa59-6779faed42bd', '904a0dd8-09de-44c0-b4c9-053ef0fabb37', '84bc67c9-adb9-495e-8108-2e883b8b11c4', 'c1ee0001-9c0b-4ef8-bb6d-6bb9bd380b00', NULL, '633db554-b037-4e40-8c4f-575337dbfded/84bc67c9-adb9-495e-8108-2e883b8b11c4/e6280f24-d5a6-47ee-9c81-12cc1ae41689.jpg', 'IMG_2965.jpg', 'image/jpeg', 424972, '2026-04-29 18:42:04.925+00', -23.985422140933707, -46.221700478748275, '2026-04-29 18:42:04.949675+00', NULL),
	('adb41d78-c2ab-48b0-9843-76b1c89b0e32', '904a0dd8-09de-44c0-b4c9-053ef0fabb37', '84bc67c9-adb9-495e-8108-2e883b8b11c4', 'c1ee0001-9c0b-4ef8-bb6d-6bb9bd380b00', NULL, '633db554-b037-4e40-8c4f-575337dbfded/84bc67c9-adb9-495e-8108-2e883b8b11c4/c5ef57bb-77f1-47f3-ac87-eeff6a0c732e.jpg', 'IMG_2964.jpg', 'image/jpeg', 530064, '2026-04-29 18:42:25.131+00', -23.985422140933707, -46.221700478748275, '2026-04-29 18:42:25.15067+00', NULL),
	('249952e4-4087-4f75-82ff-f36d777701ca', '904a0dd8-09de-44c0-b4c9-053ef0fabb37', '84bc67c9-adb9-495e-8108-2e883b8b11c4', 'c1ee0005-9c0b-4ef8-bb6d-6bb9bd380b00', NULL, '633db554-b037-4e40-8c4f-575337dbfded/84bc67c9-adb9-495e-8108-2e883b8b11c4/a1c4a59e-35c6-43ca-ad17-ca21d84f553b.jpg', 'image.jpg', 'image/jpeg', 441007, '2026-04-29 18:45:39.196+00', -23.98560867394485, -46.22160548649838, '2026-04-29 18:45:39.247166+00', NULL),
	('bd04a924-d300-4109-b72d-5acccdaf618f', '904a0dd8-09de-44c0-b4c9-053ef0fabb37', '84bc67c9-adb9-495e-8108-2e883b8b11c4', 'c1ee0008-9c0b-4ef8-bb6d-6bb9bd380b00', NULL, '633db554-b037-4e40-8c4f-575337dbfded/84bc67c9-adb9-495e-8108-2e883b8b11c4/b7007b4c-6331-4c18-9094-44aaaf806068.jpg', 'IMG_2938.jpg', 'image/jpeg', 652635, '2026-04-29 18:49:28.433+00', -23.98560867394485, -46.22160548649838, '2026-04-29 18:49:28.478974+00', NULL),
	('16d88afc-11c2-4a93-a2ac-bc76ed4c03fe', '904a0dd8-09de-44c0-b4c9-053ef0fabb37', '84bc67c9-adb9-495e-8108-2e883b8b11c4', 'c1ee0013-9c0b-4ef8-bb6d-6bb9bd380b00', NULL, '633db554-b037-4e40-8c4f-575337dbfded/84bc67c9-adb9-495e-8108-2e883b8b11c4/570cfd36-fe70-42ca-80a6-7c4c40e594f3.jpg', 'image.jpg', 'image/jpeg', 995409, '2026-04-29 18:54:14.358+00', -23.985665330637282, -46.221614763076566, '2026-04-29 18:54:14.379636+00', NULL),
	('32ae09e9-4502-4048-bb3b-06677413cd8f', '904a0dd8-09de-44c0-b4c9-053ef0fabb37', '84bc67c9-adb9-495e-8108-2e883b8b11c4', 'c1ee0016-9c0b-4ef8-bb6d-6bb9bd380b00', NULL, '633db554-b037-4e40-8c4f-575337dbfded/84bc67c9-adb9-495e-8108-2e883b8b11c4/a49c9677-cb90-46ca-9bc4-baa267c15595.jpg', 'IMG_2945.jpg', 'image/jpeg', 368583, '2026-04-29 18:56:17.235+00', -23.985465917376384, -46.22141588129269, '2026-04-29 18:56:17.251666+00', NULL),
	('0782d4b5-8f58-472b-8a47-cba0d530599e', '904a0dd8-09de-44c0-b4c9-053ef0fabb37', '84bc67c9-adb9-495e-8108-2e883b8b11c4', 'c1ee0016-9c0b-4ef8-bb6d-6bb9bd380b00', NULL, '633db554-b037-4e40-8c4f-575337dbfded/84bc67c9-adb9-495e-8108-2e883b8b11c4/e5874a32-3df7-41fd-a22e-218aafec9b0b.jpg', 'IMG_2960.jpg', 'image/jpeg', 475239, '2026-04-29 19:00:09.447+00', -23.985465917376384, -46.22141588129269, '2026-04-29 19:00:09.461672+00', NULL),
	('d130777c-152e-4745-ad1d-8d6d43568708', '904a0dd8-09de-44c0-b4c9-053ef0fabb37', '84bc67c9-adb9-495e-8108-2e883b8b11c4', 'c1ee0016-9c0b-4ef8-bb6d-6bb9bd380b00', NULL, '633db554-b037-4e40-8c4f-575337dbfded/84bc67c9-adb9-495e-8108-2e883b8b11c4/13955877-8ac2-4ce7-b820-6895d476a2e1.jpg', 'IMG_2959.jpg', 'image/jpeg', 666353, '2026-04-29 19:00:28.917+00', -23.985465917376384, -46.22141588129269, '2026-04-29 19:00:28.933986+00', NULL),
	('3bf27b76-8b1d-4e7f-ab8b-ac0ef651177f', '904a0dd8-09de-44c0-b4c9-053ef0fabb37', '84bc67c9-adb9-495e-8108-2e883b8b11c4', 'c1ee0011-9c0b-4ef8-bb6d-6bb9bd380b00', NULL, '633db554-b037-4e40-8c4f-575337dbfded/84bc67c9-adb9-495e-8108-2e883b8b11c4/11427d42-04f6-4b88-b362-ed2f820bbf4b.jpg', 'image.jpg', 'image/jpeg', 619953, '2026-04-29 19:02:39.172+00', -23.98562902499717, -46.221596071612154, '2026-04-29 19:02:39.235871+00', NULL),
	('4ea718ae-c767-4feb-977e-4f9a95659073', '904a0dd8-09de-44c0-b4c9-053ef0fabb37', '84bc67c9-adb9-495e-8108-2e883b8b11c4', 'c1ee0011-9c0b-4ef8-bb6d-6bb9bd380b00', NULL, '633db554-b037-4e40-8c4f-575337dbfded/84bc67c9-adb9-495e-8108-2e883b8b11c4/7b1fc8b9-d5c7-4b43-aef6-66c07e4bd2f7.jpg', 'IMG_2948.jpg', 'image/jpeg', 590999, '2026-04-29 19:03:20.831+00', -23.98562902499717, -46.221596071612154, '2026-04-29 19:03:20.86091+00', NULL),
	('b18aaf16-6071-4fb0-af66-2cb4c6fb60e4', '904a0dd8-09de-44c0-b4c9-053ef0fabb37', '84bc67c9-adb9-495e-8108-2e883b8b11c4', 'c1ee0024-9c0b-4ef8-bb6d-6bb9bd380b00', NULL, '633db554-b037-4e40-8c4f-575337dbfded/84bc67c9-adb9-495e-8108-2e883b8b11c4/6557db16-879e-40ea-bf38-47a6699c4ec7.jpg', 'IMG_2960.jpg', 'image/jpeg', 475239, '2026-04-29 19:05:14.361+00', -23.98562902499717, -46.221596071612154, '2026-04-29 19:05:14.389449+00', NULL),
	('da5d83d3-4e2e-44aa-888c-d8ea47e9af13', '904a0dd8-09de-44c0-b4c9-053ef0fabb37', '84bc67c9-adb9-495e-8108-2e883b8b11c4', 'c1ee0024-9c0b-4ef8-bb6d-6bb9bd380b00', NULL, '633db554-b037-4e40-8c4f-575337dbfded/84bc67c9-adb9-495e-8108-2e883b8b11c4/18b97d43-b481-4c56-a526-0f7d7d2d9160.jpg', 'IMG_2960.jpg', 'image/jpeg', 475239, '2026-04-29 19:06:02.443+00', -23.98562902499717, -46.221596071612154, '2026-04-29 19:06:02.48893+00', NULL),
	('e51b8d7d-1f4b-4c7d-a74b-848dea36e3ea', '904a0dd8-09de-44c0-b4c9-053ef0fabb37', '84bc67c9-adb9-495e-8108-2e883b8b11c4', 'c1ee0024-9c0b-4ef8-bb6d-6bb9bd380b00', NULL, '633db554-b037-4e40-8c4f-575337dbfded/84bc67c9-adb9-495e-8108-2e883b8b11c4/efdc4b39-0cbc-4a14-bb81-226615d81fd6.jpg', 'IMG_2937.jpg', 'image/jpeg', 379838, '2026-04-29 19:07:54.304+00', -23.985606666731446, -46.22158304845665, '2026-04-29 19:07:54.332469+00', NULL),
	('b090214e-540b-4b7f-8dbd-5aa471a454b8', '904a0dd8-09de-44c0-b4c9-053ef0fabb37', '84bc67c9-adb9-495e-8108-2e883b8b11c4', 'c1ee0024-9c0b-4ef8-bb6d-6bb9bd380b00', NULL, '633db554-b037-4e40-8c4f-575337dbfded/84bc67c9-adb9-495e-8108-2e883b8b11c4/8ee6c990-1541-4312-b01e-a7119d999610.jpg', 'IMG_2914.jpg', 'image/jpeg', 847475, '2026-04-29 19:08:46.268+00', -23.985606666731446, -46.22158304845665, '2026-04-29 19:08:46.324889+00', NULL),
	('c47206e6-581d-4471-8a22-035e883b2b71', '904a0dd8-09de-44c0-b4c9-053ef0fabb37', '84bc67c9-adb9-495e-8108-2e883b8b11c4', 'c1ee0024-9c0b-4ef8-bb6d-6bb9bd380b00', NULL, '633db554-b037-4e40-8c4f-575337dbfded/84bc67c9-adb9-495e-8108-2e883b8b11c4/cfb2df5f-5c95-423f-b674-9c536334959c.jpg', 'IMG_2944.jpg', 'image/jpeg', 309442, '2026-04-29 19:09:39.339+00', -23.985606666731446, -46.22158304845665, '2026-04-29 19:09:39.386958+00', NULL),
	('5837bebb-c91e-44be-91a3-8cd787c47bcd', '904a0dd8-09de-44c0-b4c9-053ef0fabb37', '84bc67c9-adb9-495e-8108-2e883b8b11c4', 'c1ee0025-9c0b-4ef8-bb6d-6bb9bd380b00', NULL, '633db554-b037-4e40-8c4f-575337dbfded/84bc67c9-adb9-495e-8108-2e883b8b11c4/d5bad424-9204-44d9-8b62-f2a899b012bd.jpg', 'IMG_2924.jpg', 'image/jpeg', 409493, '2026-04-29 19:10:44.407+00', -23.985606666731446, -46.22158304845665, '2026-04-29 19:10:44.450246+00', NULL),
	('e17eecca-a804-47c1-a69d-131fe9ad4ff6', '904a0dd8-09de-44c0-b4c9-053ef0fabb37', '84bc67c9-adb9-495e-8108-2e883b8b11c4', 'c1ee0028-9c0b-4ef8-bb6d-6bb9bd380b00', NULL, '633db554-b037-4e40-8c4f-575337dbfded/84bc67c9-adb9-495e-8108-2e883b8b11c4/2cfb56b2-ba5f-4106-9426-3c2cd6a5f14b.jpg', 'IMG_2968.jpg', 'image/jpeg', 510411, '2026-04-29 19:16:20.187+00', -23.985107415926507, -46.22196581351972, '2026-04-29 19:16:20.230054+00', NULL),
	('b4b87cdb-bd03-41e8-81af-946d17df01b6', '904a0dd8-09de-44c0-b4c9-053ef0fabb37', '84bc67c9-adb9-495e-8108-2e883b8b11c4', 'c1ee0038-9c0b-4ef8-bb6d-6bb9bd380b00', NULL, '633db554-b037-4e40-8c4f-575337dbfded/84bc67c9-adb9-495e-8108-2e883b8b11c4/626c1f3b-a21a-4c1a-a37e-83a4bf10dd60.jpg', 'image.jpg', 'image/jpeg', 602024, '2026-04-29 19:30:26.314+00', -23.985564922312758, -46.22153007407612, '2026-04-29 19:30:26.333697+00', NULL),
	('78d53402-f11c-4629-bbc2-3d057fa6602c', '904a0dd8-09de-44c0-b4c9-053ef0fabb37', '84bc67c9-adb9-495e-8108-2e883b8b11c4', 'c1ee0039-9c0b-4ef8-bb6d-6bb9bd380b00', NULL, '633db554-b037-4e40-8c4f-575337dbfded/84bc67c9-adb9-495e-8108-2e883b8b11c4/baccf492-2d8f-4276-be59-10e05b369b34.jpg', 'image.jpg', 'image/jpeg', 510714, '2026-04-29 19:30:52.492+00', -23.985564922312758, -46.22153007407612, '2026-04-29 19:30:52.530215+00', NULL),
	('b665c770-6bad-4a5f-b6ac-014a23e77fef', '904a0dd8-09de-44c0-b4c9-053ef0fabb37', '84bc67c9-adb9-495e-8108-2e883b8b11c4', 'c1ee0039-9c0b-4ef8-bb6d-6bb9bd380b00', NULL, '633db554-b037-4e40-8c4f-575337dbfded/84bc67c9-adb9-495e-8108-2e883b8b11c4/97c409e5-ee1e-45ba-8942-ef6d0a9b6d3d.jpg', 'image.jpg', 'image/jpeg', 596461, '2026-04-29 19:31:05.281+00', -23.985564922312758, -46.22153007407612, '2026-04-29 19:31:05.298667+00', NULL),
	('9be26949-0ef9-41ae-b1ce-58c9147d0926', '904a0dd8-09de-44c0-b4c9-053ef0fabb37', '84bc67c9-adb9-495e-8108-2e883b8b11c4', 'c1ee0040-9c0b-4ef8-bb6d-6bb9bd380b00', NULL, '633db554-b037-4e40-8c4f-575337dbfded/84bc67c9-adb9-495e-8108-2e883b8b11c4/b127bfdc-1508-4cc7-8528-cfa0a7725329.jpg', 'image.jpg', 'image/jpeg', 552081, '2026-04-29 19:32:19.23+00', -23.985564922312758, -46.22153007407612, '2026-04-29 19:32:19.259112+00', NULL),
	('c30515e8-bf1f-4683-9864-c2526442ed5f', '904a0dd8-09de-44c0-b4c9-053ef0fabb37', '84bc67c9-adb9-495e-8108-2e883b8b11c4', 'c1ee0041-9c0b-4ef8-bb6d-6bb9bd380b00', NULL, '633db554-b037-4e40-8c4f-575337dbfded/84bc67c9-adb9-495e-8108-2e883b8b11c4/f7d21470-910a-43e3-a960-e8bae1746b7d.jpg', 'image.jpg', 'image/jpeg', 771718, '2026-04-29 19:38:36.633+00', -23.985155888069496, -46.22196166294984, '2026-04-29 19:38:36.674552+00', NULL),
	('a5186b3f-08cd-4f45-927c-34cf91141553', '904a0dd8-09de-44c0-b4c9-053ef0fabb37', '84bc67c9-adb9-495e-8108-2e883b8b11c4', 'c1ee0041-9c0b-4ef8-bb6d-6bb9bd380b00', NULL, '633db554-b037-4e40-8c4f-575337dbfded/84bc67c9-adb9-495e-8108-2e883b8b11c4/61792959-f97d-4c95-b062-e9017f3afbb4.jpg', 'image.jpg', 'image/jpeg', 870420, '2026-04-29 19:38:54.257+00', -23.985155888069496, -46.22196166294984, '2026-04-29 19:38:54.275779+00', NULL),
	('60910f6a-83bc-4b38-b5a1-46b7d567b0a0', '904a0dd8-09de-44c0-b4c9-053ef0fabb37', '84bc67c9-adb9-495e-8108-2e883b8b11c4', 'c1ee0041-9c0b-4ef8-bb6d-6bb9bd380b00', NULL, '633db554-b037-4e40-8c4f-575337dbfded/84bc67c9-adb9-495e-8108-2e883b8b11c4/61ad7ad5-7873-4dc0-9b6f-0e0b3e32beff.jpg', 'image.jpg', 'image/jpeg', 845530, '2026-04-29 19:39:11.455+00', -23.985155888069496, -46.22196166294984, '2026-04-29 19:39:11.472389+00', NULL),
	('0d89b067-86a3-4d9b-bf25-872494c2e674', '904a0dd8-09de-44c0-b4c9-053ef0fabb37', '84bc67c9-adb9-495e-8108-2e883b8b11c4', 'c1ee0041-9c0b-4ef8-bb6d-6bb9bd380b00', NULL, '633db554-b037-4e40-8c4f-575337dbfded/84bc67c9-adb9-495e-8108-2e883b8b11c4/5ac76361-d791-4246-8b5d-2e9fdcd59a24.jpg', 'image.jpg', 'image/jpeg', 503785, '2026-04-29 19:39:39.687+00', -23.985155888069496, -46.22196166294984, '2026-04-29 19:39:39.734116+00', NULL),
	('ba7cd80d-a248-419f-9e92-0bce80c43c4b', '904a0dd8-09de-44c0-b4c9-053ef0fabb37', '84bc67c9-adb9-495e-8108-2e883b8b11c4', 'c1ee0009-9c0b-4ef8-bb6d-6bb9bd380b00', NULL, '633db554-b037-4e40-8c4f-575337dbfded/84bc67c9-adb9-495e-8108-2e883b8b11c4/9e0d4882-6998-41b5-bfef-5407d133eeea.jpg', 'IMG_2967.jpg', 'image/jpeg', 714277, '2026-04-29 19:58:18.311+00', -23.98562041761663, -46.221554149513366, '2026-04-29 19:58:18.345328+00', NULL),
	('51b24e95-b251-46c9-8d32-9f1d7c8218ef', '904a0dd8-09de-44c0-b4c9-053ef0fabb37', '84bc67c9-adb9-495e-8108-2e883b8b11c4', 'c1ee0009-9c0b-4ef8-bb6d-6bb9bd380b00', NULL, '633db554-b037-4e40-8c4f-575337dbfded/84bc67c9-adb9-495e-8108-2e883b8b11c4/4649bab7-3c76-4439-a56a-0d50e47b559d.jpg', 'IMG_2925.jpg', 'image/jpeg', 503238, '2026-04-29 19:58:49.618+00', -23.98562041761663, -46.221554149513366, '2026-04-29 19:58:49.650413+00', NULL),
	('e21bcadb-449b-41a7-9d3c-01edd6b944df', '904a0dd8-09de-44c0-b4c9-053ef0fabb37', '84bc67c9-adb9-495e-8108-2e883b8b11c4', 'c1ee0010-9c0b-4ef8-bb6d-6bb9bd380b00', NULL, '633db554-b037-4e40-8c4f-575337dbfded/84bc67c9-adb9-495e-8108-2e883b8b11c4/3719f2dc-259a-4cf9-9f01-52640aa52569.jpg', 'IMG_2911.jpg', 'image/jpeg', 417931, '2026-04-29 19:59:35.934+00', -23.98562041761663, -46.221554149513366, '2026-04-29 19:59:35.976829+00', NULL),
	('77160b5d-e64a-42a7-9fe5-1ddaa558ff1a', '904a0dd8-09de-44c0-b4c9-053ef0fabb37', '84bc67c9-adb9-495e-8108-2e883b8b11c4', 'c1ee0010-9c0b-4ef8-bb6d-6bb9bd380b00', NULL, '633db554-b037-4e40-8c4f-575337dbfded/84bc67c9-adb9-495e-8108-2e883b8b11c4/4879c578-d076-4700-a051-572a3eae835b.jpg', 'IMG_2913.jpg', 'image/jpeg', 466940, '2026-04-29 19:59:47.095+00', -23.98562041761663, -46.221554149513366, '2026-04-29 19:59:47.118472+00', NULL),
	('a1bd7887-4634-44e3-a52a-ac0984270835', '0ac5a0c3-00ba-4fa6-bacd-fc7f653e101f', '7374c257-0c0a-4833-8a61-74f7074e15f9', 'c1ee0016-9c0b-4ef8-bb6d-6bb9bd380b00', NULL, '633db554-b037-4e40-8c4f-575337dbfded/7374c257-0c0a-4833-8a61-74f7074e15f9/1847ebbb-a46d-4d07-a922-d4fa089efc64.jpg', 'IMG_5629.jpg', 'image/jpeg', 775464, '2026-04-29 20:28:38.987+00', NULL, NULL, '2026-04-29 20:28:39.102331+00', NULL),
	('2c53f9fd-82f0-48e6-871c-715d1fc9cbab', '0ac5a0c3-00ba-4fa6-bacd-fc7f653e101f', '7374c257-0c0a-4833-8a61-74f7074e15f9', 'c1ee0016-9c0b-4ef8-bb6d-6bb9bd380b00', NULL, '633db554-b037-4e40-8c4f-575337dbfded/7374c257-0c0a-4833-8a61-74f7074e15f9/d13264fb-c7e1-4ec0-932b-d8c3e90fab26.jpg', 'IMG_5628.jpg', 'image/jpeg', 699276, '2026-04-29 20:29:20.344+00', NULL, NULL, '2026-04-29 20:29:20.356735+00', NULL),
	('1a8a4b6f-923f-4286-a977-49aa087072bd', '0ac5a0c3-00ba-4fa6-bacd-fc7f653e101f', '7374c257-0c0a-4833-8a61-74f7074e15f9', 'c1ee0024-9c0b-4ef8-bb6d-6bb9bd380b00', NULL, '633db554-b037-4e40-8c4f-575337dbfded/7374c257-0c0a-4833-8a61-74f7074e15f9/a5545fd0-cbfc-4d9a-aeb1-be71dc52844d.jpg', 'IMG_5625.jpg', 'image/jpeg', 691172, '2026-04-29 20:31:50.418+00', NULL, NULL, '2026-04-29 20:31:50.43311+00', NULL),
	('26fc36bc-08e4-4e67-b92c-482b60937d47', '0ac5a0c3-00ba-4fa6-bacd-fc7f653e101f', '7374c257-0c0a-4833-8a61-74f7074e15f9', 'c1ee0016-9c0b-4ef8-bb6d-6bb9bd380b00', NULL, '633db554-b037-4e40-8c4f-575337dbfded/7374c257-0c0a-4833-8a61-74f7074e15f9/ba8f0501-a476-4e3a-9a7a-cd6f7ff286cb.jpg', 'IMG_5624.jpg', 'image/jpeg', 448554, '2026-04-29 20:39:39.859+00', NULL, NULL, '2026-04-29 20:39:39.952705+00', NULL),
	('f45bff0e-f298-47c6-946e-458cf8446c82', '0ac5a0c3-00ba-4fa6-bacd-fc7f653e101f', '7374c257-0c0a-4833-8a61-74f7074e15f9', 'c1ee0016-9c0b-4ef8-bb6d-6bb9bd380b00', NULL, '633db554-b037-4e40-8c4f-575337dbfded/7374c257-0c0a-4833-8a61-74f7074e15f9/fee3e9c9-3efb-4e50-a8cf-ff56a25f9663.jpg', 'IMG_5619.jpg', 'image/jpeg', 759465, '2026-04-29 20:40:46.154+00', NULL, NULL, '2026-04-29 20:40:46.207583+00', NULL),
	('e491e146-37a3-48ed-98bc-62cbc50b808a', '0ac5a0c3-00ba-4fa6-bacd-fc7f653e101f', '7374c257-0c0a-4833-8a61-74f7074e15f9', 'c1ee0016-9c0b-4ef8-bb6d-6bb9bd380b00', NULL, '633db554-b037-4e40-8c4f-575337dbfded/7374c257-0c0a-4833-8a61-74f7074e15f9/c931a34b-4688-44d5-998b-aaba9b07bdb8.jpg', 'IMG_5616.jpg', 'image/jpeg', 611621, '2026-04-29 20:41:46.32+00', NULL, NULL, '2026-04-29 20:41:46.486826+00', NULL),
	('012e2b09-3e17-4fd0-9523-1f6c815a9924', '0ac5a0c3-00ba-4fa6-bacd-fc7f653e101f', '7374c257-0c0a-4833-8a61-74f7074e15f9', 'c1ee0016-9c0b-4ef8-bb6d-6bb9bd380b00', NULL, '633db554-b037-4e40-8c4f-575337dbfded/7374c257-0c0a-4833-8a61-74f7074e15f9/3b843cc2-a441-4b56-a0b0-2a9bf1b4df86.jpg', 'IMG_5615.jpg', 'image/jpeg', 654881, '2026-04-29 20:42:34.519+00', NULL, NULL, '2026-04-29 20:42:34.578773+00', NULL),
	('1a677134-b9e1-44dd-9602-e5c4c7a43873', 'd2c0ae27-29b6-49fd-ba6b-0d3362ac6444', 'd93aa2db-f094-4a24-9e76-71e30c8f4361', 'c1ee0001-9c0b-4ef8-bb6d-6bb9bd380b00', NULL, '633db554-b037-4e40-8c4f-575337dbfded/d93aa2db-f094-4a24-9e76-71e30c8f4361/447a2bc9-c5bb-4832-a9ea-74de6363dc88.jpg', '1001057457.jpg', 'image/jpeg', 57602, '2026-04-30 16:37:42.333+00', -23.4913278, -46.8977602, '2026-04-30 16:37:42.34381+00', NULL),
	('e53884e4-5021-4b3b-ac31-be19eb2325f4', 'd2c0ae27-29b6-49fd-ba6b-0d3362ac6444', 'd93aa2db-f094-4a24-9e76-71e30c8f4361', 'c1ee0001-9c0b-4ef8-bb6d-6bb9bd380b00', NULL, '633db554-b037-4e40-8c4f-575337dbfded/d93aa2db-f094-4a24-9e76-71e30c8f4361/d5c26d68-23d9-4596-bd79-3aa1b6715a5f.jpg', '1001057465.jpg', 'image/jpeg', 26988, '2026-04-30 16:37:57.927+00', -23.4913278, -46.8977602, '2026-04-30 16:37:57.951442+00', NULL),
	('61f737f3-9b5b-48d5-8488-f8e9d311cb73', 'd2c0ae27-29b6-49fd-ba6b-0d3362ac6444', 'd93aa2db-f094-4a24-9e76-71e30c8f4361', 'c1ee0001-9c0b-4ef8-bb6d-6bb9bd380b00', NULL, '633db554-b037-4e40-8c4f-575337dbfded/d93aa2db-f094-4a24-9e76-71e30c8f4361/8d6713b0-3e67-44c4-8c33-2eb417118bb0.jpg', '1001057459.jpg', 'image/jpeg', 115584, '2026-04-30 16:38:05.911+00', -23.4913278, -46.8977602, '2026-04-30 16:38:05.924807+00', NULL),
	('a9192bd1-7346-4ff2-b5e9-ef9269f8eb00', 'd2c0ae27-29b6-49fd-ba6b-0d3362ac6444', 'd93aa2db-f094-4a24-9e76-71e30c8f4361', 'c1ee0001-9c0b-4ef8-bb6d-6bb9bd380b00', NULL, '633db554-b037-4e40-8c4f-575337dbfded/d93aa2db-f094-4a24-9e76-71e30c8f4361/12f57835-76c3-4b59-ac12-3f0d78272d42.jpg', '1001057468.jpg', 'image/jpeg', 136671, '2026-04-30 16:38:18.098+00', -23.4913278, -46.8977602, '2026-04-30 16:38:18.109582+00', NULL),
	('6a48b727-8d4a-4e50-93a5-cc1a2741aabf', 'd2c0ae27-29b6-49fd-ba6b-0d3362ac6444', 'd93aa2db-f094-4a24-9e76-71e30c8f4361', 'c1ee0002-9c0b-4ef8-bb6d-6bb9bd380b00', NULL, '633db554-b037-4e40-8c4f-575337dbfded/d93aa2db-f094-4a24-9e76-71e30c8f4361/be3f913a-8450-44d2-b5e0-d4aa16305a12.jpg', '1001057464.jpg', 'image/jpeg', 47436, '2026-04-30 16:38:53.234+00', -23.4913278, -46.8977602, '2026-04-30 16:38:53.257655+00', NULL),
	('39ae1f3c-2e26-4ae6-8fdf-d3a9c53abb93', 'd2c0ae27-29b6-49fd-ba6b-0d3362ac6444', 'd93aa2db-f094-4a24-9e76-71e30c8f4361', 'c1ee0005-9c0b-4ef8-bb6d-6bb9bd380b00', NULL, '633db554-b037-4e40-8c4f-575337dbfded/d93aa2db-f094-4a24-9e76-71e30c8f4361/7fa8f63a-5891-4801-9d5b-63229353cceb.jpg', '1001057474.jpg', 'image/jpeg', 82999, '2026-04-30 16:40:49.213+00', -23.4913278, -46.8977602, '2026-04-30 16:40:49.250687+00', NULL),
	('17f4d6e5-4449-487e-8c61-cf5457cf98da', 'd2c0ae27-29b6-49fd-ba6b-0d3362ac6444', 'd93aa2db-f094-4a24-9e76-71e30c8f4361', 'c1ee0007-9c0b-4ef8-bb6d-6bb9bd380b00', NULL, '633db554-b037-4e40-8c4f-575337dbfded/d93aa2db-f094-4a24-9e76-71e30c8f4361/2ff12c02-9678-4ef9-a269-72177050e5e3.jpg', '1001057462.jpg', 'image/jpeg', 43967, '2026-04-30 16:41:16.496+00', -23.4913278, -46.8977602, '2026-04-30 16:41:16.502463+00', NULL),
	('939f5af5-7c25-4697-bef4-2eb4e0561dbf', 'd2c0ae27-29b6-49fd-ba6b-0d3362ac6444', 'd93aa2db-f094-4a24-9e76-71e30c8f4361', 'c1ee0009-9c0b-4ef8-bb6d-6bb9bd380b00', NULL, '633db554-b037-4e40-8c4f-575337dbfded/d93aa2db-f094-4a24-9e76-71e30c8f4361/d500769f-f409-436a-b273-56cf0b13d897.jpg', '1001057460.jpg', 'image/jpeg', 68409, '2026-04-30 16:43:26.45+00', -23.4913297, -46.8977603, '2026-04-30 16:43:26.48326+00', NULL),
	('5496c130-342d-4498-9c92-a1dc4fae07ab', 'd2c0ae27-29b6-49fd-ba6b-0d3362ac6444', 'd93aa2db-f094-4a24-9e76-71e30c8f4361', 'c1ee0009-9c0b-4ef8-bb6d-6bb9bd380b00', NULL, '633db554-b037-4e40-8c4f-575337dbfded/d93aa2db-f094-4a24-9e76-71e30c8f4361/b0cf3436-b636-4b5a-845f-5520d9de09e0.jpg', '1001057470.jpg', 'image/jpeg', 111379, '2026-04-30 16:43:37.866+00', -23.4913297, -46.8977603, '2026-04-30 16:43:37.918212+00', NULL),
	('fe220e45-0664-47ae-a8e1-1fff0d693f85', 'd2c0ae27-29b6-49fd-ba6b-0d3362ac6444', 'd93aa2db-f094-4a24-9e76-71e30c8f4361', 'c1ee0009-9c0b-4ef8-bb6d-6bb9bd380b00', NULL, '633db554-b037-4e40-8c4f-575337dbfded/d93aa2db-f094-4a24-9e76-71e30c8f4361/e08c21c7-b735-4439-b830-b02259f271fe.jpg', '1001057471.jpg', 'image/jpeg', 104269, '2026-04-30 16:43:45.102+00', -23.4913297, -46.8977603, '2026-04-30 16:43:45.122823+00', NULL),
	('930f4d98-76e4-409c-8b16-0f43528c65f4', 'd2c0ae27-29b6-49fd-ba6b-0d3362ac6444', 'd93aa2db-f094-4a24-9e76-71e30c8f4361', 'c1ee0009-9c0b-4ef8-bb6d-6bb9bd380b00', NULL, '633db554-b037-4e40-8c4f-575337dbfded/d93aa2db-f094-4a24-9e76-71e30c8f4361/2fbc3af9-7879-4ebc-a4f4-439a5d1546b5.jpg', '1001057458.jpg', 'image/jpeg', 107769, '2026-04-30 16:43:54.474+00', -23.4913297, -46.8977603, '2026-04-30 16:43:54.484382+00', NULL),
	('acb3682f-111d-4659-99af-243e8c8f7e41', 'd2c0ae27-29b6-49fd-ba6b-0d3362ac6444', 'd93aa2db-f094-4a24-9e76-71e30c8f4361', 'c1ee0010-9c0b-4ef8-bb6d-6bb9bd380b00', NULL, '633db554-b037-4e40-8c4f-575337dbfded/d93aa2db-f094-4a24-9e76-71e30c8f4361/0e575585-bb00-427b-90bb-b9eb95e9f94a.jpg', '1001057466.jpg', 'image/jpeg', 103628, '2026-04-30 16:44:55.378+00', -23.4913297, -46.8977603, '2026-04-30 16:44:55.397514+00', NULL),
	('60a0cc3f-47e8-4f36-9777-38c71e1ea568', 'd2c0ae27-29b6-49fd-ba6b-0d3362ac6444', 'd93aa2db-f094-4a24-9e76-71e30c8f4361', 'c1ee0011-9c0b-4ef8-bb6d-6bb9bd380b00', NULL, '633db554-b037-4e40-8c4f-575337dbfded/d93aa2db-f094-4a24-9e76-71e30c8f4361/089074b0-170c-43b3-8802-29e4071a1de5.jpg', '1001057479.jpg', 'image/jpeg', 76985, '2026-04-30 16:46:40.992+00', -23.4913297, -46.8977603, '2026-04-30 16:46:41.048967+00', NULL),
	('aa54f4a5-f250-4185-b43b-322ecc881222', 'd2c0ae27-29b6-49fd-ba6b-0d3362ac6444', 'd93aa2db-f094-4a24-9e76-71e30c8f4361', 'c1ee0011-9c0b-4ef8-bb6d-6bb9bd380b00', NULL, '633db554-b037-4e40-8c4f-575337dbfded/d93aa2db-f094-4a24-9e76-71e30c8f4361/7201bf6b-4fe9-48ea-94b8-d42d034315da.jpg', '1001057480.jpg', 'image/jpeg', 51609, '2026-04-30 16:46:46.255+00', -23.4913297, -46.8977603, '2026-04-30 16:46:46.263588+00', NULL),
	('7f266683-5c90-4750-bed5-0db70d6ec9b8', 'd2c0ae27-29b6-49fd-ba6b-0d3362ac6444', 'd93aa2db-f094-4a24-9e76-71e30c8f4361', 'c1ee0024-9c0b-4ef8-bb6d-6bb9bd380b00', NULL, '633db554-b037-4e40-8c4f-575337dbfded/d93aa2db-f094-4a24-9e76-71e30c8f4361/c1d32bdd-8e61-402a-a219-113645359041.jpg', '1001057472.jpg', 'image/jpeg', 81745, '2026-04-30 16:56:08.773+00', -23.491332, -46.8977569, '2026-04-30 16:56:08.781717+00', NULL),
	('1b78b839-cdb1-4451-ba41-532f51c760c3', '904a0dd8-09de-44c0-b4c9-053ef0fabb37', '7374c257-0c0a-4833-8a61-74f7074e15f9', 'c1ee0001-9c0b-4ef8-bb6d-6bb9bd380b00', NULL, '633db554-b037-4e40-8c4f-575337dbfded/7374c257-0c0a-4833-8a61-74f7074e15f9/1f7bd521-41c1-417e-aaa2-42d09a2dccd5.jpg', 'IMG_2991.jpg', 'image/jpeg', 294961, '2026-04-30 21:55:41.404+00', -23.57887615866908, -46.62920085198248, '2026-04-30 21:55:41.434121+00', NULL),
	('d37e6de3-9140-4001-ad69-6d6f1f2bc1d5', '904a0dd8-09de-44c0-b4c9-053ef0fabb37', '7374c257-0c0a-4833-8a61-74f7074e15f9', 'c1ee0005-9c0b-4ef8-bb6d-6bb9bd380b00', NULL, '633db554-b037-4e40-8c4f-575337dbfded/7374c257-0c0a-4833-8a61-74f7074e15f9/5478086d-cc74-4c1c-94ef-88daa59780f3.jpg', 'IMG_2990.jpg', 'image/jpeg', 940474, '2026-04-30 21:57:16.93+00', -23.57887615866908, -46.62920085198248, '2026-04-30 21:57:16.949811+00', NULL),
	('13e3f0ce-b6c4-460a-bc3a-863b592f903d', '904a0dd8-09de-44c0-b4c9-053ef0fabb37', '7374c257-0c0a-4833-8a61-74f7074e15f9', 'c1ee0009-9c0b-4ef8-bb6d-6bb9bd380b00', NULL, '633db554-b037-4e40-8c4f-575337dbfded/7374c257-0c0a-4833-8a61-74f7074e15f9/c71d2514-a53d-4c8f-98b3-b76f685f65a5.jpg', 'IMG_2983.jpg', 'image/jpeg', 454282, '2026-04-30 22:00:08.297+00', -23.57887615866908, -46.62920085198248, '2026-04-30 22:00:08.352807+00', NULL),
	('688b460c-f8d1-47cb-ab2b-e011911e0c1c', '904a0dd8-09de-44c0-b4c9-053ef0fabb37', '7374c257-0c0a-4833-8a61-74f7074e15f9', 'c1ee0009-9c0b-4ef8-bb6d-6bb9bd380b00', NULL, '633db554-b037-4e40-8c4f-575337dbfded/7374c257-0c0a-4833-8a61-74f7074e15f9/664f12c2-f1a0-4956-89df-44b2c5c3bd8d.jpg', 'IMG_2998.jpg', 'image/jpeg', 389863, '2026-04-30 22:00:26.911+00', -23.57887615866908, -46.62920085198248, '2026-04-30 22:00:26.927245+00', NULL),
	('6846897c-09b2-40c7-9351-5a5ad63e3a01', '904a0dd8-09de-44c0-b4c9-053ef0fabb37', '7374c257-0c0a-4833-8a61-74f7074e15f9', 'c1ee0009-9c0b-4ef8-bb6d-6bb9bd380b00', NULL, '633db554-b037-4e40-8c4f-575337dbfded/7374c257-0c0a-4833-8a61-74f7074e15f9/e54f5fd8-484a-43b2-a378-4c6bc709183a.jpg', 'IMG_2982.jpg', 'image/jpeg', 459294, '2026-04-30 22:00:37.821+00', -23.57887615866908, -46.62920085198248, '2026-04-30 22:00:37.888795+00', NULL),
	('8b35728a-ef91-4f8d-ba64-8c18f82f301e', '904a0dd8-09de-44c0-b4c9-053ef0fabb37', '7374c257-0c0a-4833-8a61-74f7074e15f9', 'c1ee0010-9c0b-4ef8-bb6d-6bb9bd380b00', NULL, '633db554-b037-4e40-8c4f-575337dbfded/7374c257-0c0a-4833-8a61-74f7074e15f9/7d65547b-81f5-4fb2-b186-76b0894e0937.jpg', 'image.jpg', 'image/jpeg', 471434, '2026-04-30 22:01:44.469+00', -23.57887615866908, -46.62920085198248, '2026-04-30 22:01:44.491329+00', NULL),
	('b0397fc6-6f6e-495e-ad60-3cbf6ad8bca4', '904a0dd8-09de-44c0-b4c9-053ef0fabb37', '7374c257-0c0a-4833-8a61-74f7074e15f9', 'c1ee0014-9c0b-4ef8-bb6d-6bb9bd380b00', NULL, '633db554-b037-4e40-8c4f-575337dbfded/7374c257-0c0a-4833-8a61-74f7074e15f9/29558f13-fc30-472c-bc22-811d083e3a43.jpg', 'image.jpg', 'image/jpeg', 504855, '2026-04-30 22:03:38.619+00', -23.57887615866908, -46.62920085198248, '2026-04-30 22:03:38.690526+00', NULL),
	('7510f995-94cf-404e-95a2-c3fd8a7f68a9', '904a0dd8-09de-44c0-b4c9-053ef0fabb37', '7374c257-0c0a-4833-8a61-74f7074e15f9', 'c1ee0001-9c0b-4ef8-bb6d-6bb9bd380b00', NULL, '633db554-b037-4e40-8c4f-575337dbfded/7374c257-0c0a-4833-8a61-74f7074e15f9/a85daf77-df7f-43a1-ac02-ac2afff6e8fe.jpg', 'IMG_2990.jpg', 'image/jpeg', 940474, '2026-04-30 22:28:41.12+00', -23.57879067087656, -46.62927007191734, '2026-04-30 22:28:41.164803+00', NULL),
	('09946bd4-4482-42d0-8f5e-525c94752be5', '904a0dd8-09de-44c0-b4c9-053ef0fabb37', '7374c257-0c0a-4833-8a61-74f7074e15f9', 'c1ee0016-9c0b-4ef8-bb6d-6bb9bd380b00', NULL, '633db554-b037-4e40-8c4f-575337dbfded/7374c257-0c0a-4833-8a61-74f7074e15f9/c8dfd462-7a76-41d1-b0d2-c7506e957554.jpg', 'IMG_2988.jpg', 'image/jpeg', 496576, '2026-04-30 22:30:01.619+00', -23.57879067087656, -46.62927007191734, '2026-04-30 22:30:01.67658+00', NULL),
	('018c77a2-adbb-4233-b23e-3e9e643e4af3', '904a0dd8-09de-44c0-b4c9-053ef0fabb37', '7374c257-0c0a-4833-8a61-74f7074e15f9', 'c1ee0024-9c0b-4ef8-bb6d-6bb9bd380b00', NULL, '633db554-b037-4e40-8c4f-575337dbfded/7374c257-0c0a-4833-8a61-74f7074e15f9/b817c7f0-9829-429b-b3f9-de632627ef42.jpg', 'IMG_2980.jpg', 'image/jpeg', 404704, '2026-04-30 22:31:06.145+00', -23.57879067087656, -46.62927007191734, '2026-04-30 22:31:06.191907+00', NULL),
	('f89d09f3-9fb8-442c-9521-d86dc022aa99', '904a0dd8-09de-44c0-b4c9-053ef0fabb37', '7374c257-0c0a-4833-8a61-74f7074e15f9', 'c1ee0024-9c0b-4ef8-bb6d-6bb9bd380b00', NULL, '633db554-b037-4e40-8c4f-575337dbfded/7374c257-0c0a-4833-8a61-74f7074e15f9/627cdd34-1a47-438d-a841-307cc9ece808.jpg', 'IMG_2985.jpg', 'image/jpeg', 517825, '2026-04-30 22:31:07.692+00', -23.57879067087656, -46.62927007191734, '2026-04-30 22:31:07.71214+00', NULL),
	('64369d06-631e-40b8-8f16-c817b19c3cd5', '904a0dd8-09de-44c0-b4c9-053ef0fabb37', '7374c257-0c0a-4833-8a61-74f7074e15f9', 'c1ee0024-9c0b-4ef8-bb6d-6bb9bd380b00', NULL, '633db554-b037-4e40-8c4f-575337dbfded/7374c257-0c0a-4833-8a61-74f7074e15f9/ed8da1e6-ee02-475f-aec8-e8d1473cb664.jpg', 'IMG_2979.jpg', 'image/jpeg', 456771, '2026-04-30 22:31:08.836+00', -23.57879067087656, -46.62927007191734, '2026-04-30 22:31:08.851469+00', NULL),
	('dc3b77b5-eb4f-42bf-a4b9-7b308c7b28d7', '904a0dd8-09de-44c0-b4c9-053ef0fabb37', '7374c257-0c0a-4833-8a61-74f7074e15f9', 'c1ee0025-9c0b-4ef8-bb6d-6bb9bd380b00', NULL, '633db554-b037-4e40-8c4f-575337dbfded/7374c257-0c0a-4833-8a61-74f7074e15f9/5ca1397c-50ae-4e7f-93e9-8c4608c2a735.jpg', 'IMG_2984.jpg', 'image/jpeg', 473517, '2026-04-30 22:32:00.755+00', -23.57879067087656, -46.62927007191734, '2026-04-30 22:32:00.790056+00', NULL),
	('cb30b757-4e95-43d3-ad1c-675ba0b5fd0e', '0ac5a0c3-00ba-4fa6-bacd-fc7f653e101f', 'e5819bf1-8a4e-4d7c-8b36-cc550bc6fedc', 'c1ee0001-9c0b-4ef8-bb6d-6bb9bd380b00', NULL, '633db554-b037-4e40-8c4f-575337dbfded/e5819bf1-8a4e-4d7c-8b36-cc550bc6fedc/1c9b282b-0a51-4ab3-b51f-b42f27c2f256.jpg', 'IMG_5819.jpg', 'image/jpeg', 473970, '2026-05-04 13:37:35.82+00', NULL, NULL, '2026-05-04 13:37:35.892298+00', NULL),
	('e21fc37f-9df6-4654-b62d-7fe3519a426e', '0ac5a0c3-00ba-4fa6-bacd-fc7f653e101f', 'e5819bf1-8a4e-4d7c-8b36-cc550bc6fedc', 'c1ee0002-9c0b-4ef8-bb6d-6bb9bd380b00', NULL, '633db554-b037-4e40-8c4f-575337dbfded/e5819bf1-8a4e-4d7c-8b36-cc550bc6fedc/bf6e09ab-9da1-4463-a56a-2900d7e1b5e3.jpg', 'IMG_5837.jpg', 'image/jpeg', 705647, '2026-05-04 13:38:07.114+00', NULL, NULL, '2026-05-04 13:38:07.155502+00', NULL),
	('f5496ffc-6f76-4fdb-ac47-52c168748424', '0ac5a0c3-00ba-4fa6-bacd-fc7f653e101f', 'e5819bf1-8a4e-4d7c-8b36-cc550bc6fedc', 'c1ee0002-9c0b-4ef8-bb6d-6bb9bd380b00', NULL, '633db554-b037-4e40-8c4f-575337dbfded/e5819bf1-8a4e-4d7c-8b36-cc550bc6fedc/feaa3694-1bf7-4034-9604-aa74c8277cde.jpg', 'IMG_5825.jpg', 'image/jpeg', 579904, '2026-05-04 13:38:39.537+00', NULL, NULL, '2026-05-04 13:38:39.557015+00', NULL),
	('220e87ea-1efc-468a-aa7f-66179dad1178', '0ac5a0c3-00ba-4fa6-bacd-fc7f653e101f', 'e5819bf1-8a4e-4d7c-8b36-cc550bc6fedc', 'c1ee0004-9c0b-4ef8-bb6d-6bb9bd380b00', NULL, '633db554-b037-4e40-8c4f-575337dbfded/e5819bf1-8a4e-4d7c-8b36-cc550bc6fedc/536e27f7-acdb-4250-9673-ec9407a1199c.jpg', 'IMG_5817.jpg', 'image/jpeg', 735173, '2026-05-04 13:40:02.139+00', NULL, NULL, '2026-05-04 13:40:02.152158+00', NULL),
	('9bbb0aa1-e8aa-4079-a260-187221e4d474', '0ac5a0c3-00ba-4fa6-bacd-fc7f653e101f', 'e5819bf1-8a4e-4d7c-8b36-cc550bc6fedc', 'c1ee0005-9c0b-4ef8-bb6d-6bb9bd380b00', NULL, '633db554-b037-4e40-8c4f-575337dbfded/e5819bf1-8a4e-4d7c-8b36-cc550bc6fedc/76a3a699-75b1-491d-b4a0-42d5a12d37b1.jpg', 'IMG_5823.jpg', 'image/jpeg', 875534, '2026-05-04 13:40:36.519+00', NULL, NULL, '2026-05-04 13:40:36.605073+00', NULL),
	('be5ca8a7-870e-4f8b-9e58-bbde57c458fb', '0ac5a0c3-00ba-4fa6-bacd-fc7f653e101f', 'e5819bf1-8a4e-4d7c-8b36-cc550bc6fedc', 'c1ee0007-9c0b-4ef8-bb6d-6bb9bd380b00', NULL, '633db554-b037-4e40-8c4f-575337dbfded/e5819bf1-8a4e-4d7c-8b36-cc550bc6fedc/bc4d260f-2ed1-46a5-b5e4-7b34f9711ad5.jpg', 'IMG_5827.jpg', 'image/jpeg', 618434, '2026-05-04 13:41:02.528+00', NULL, NULL, '2026-05-04 13:41:02.606595+00', NULL),
	('d9558294-8188-45ca-b7af-4325beae4400', '0ac5a0c3-00ba-4fa6-bacd-fc7f653e101f', 'e5819bf1-8a4e-4d7c-8b36-cc550bc6fedc', 'c1ee0008-9c0b-4ef8-bb6d-6bb9bd380b00', NULL, '633db554-b037-4e40-8c4f-575337dbfded/e5819bf1-8a4e-4d7c-8b36-cc550bc6fedc/5db940ee-af22-4035-931d-1a92055582f3.jpg', 'IMG_5844.jpg', 'image/jpeg', 1053333, '2026-05-04 13:41:33.023+00', NULL, NULL, '2026-05-04 13:41:33.244303+00', NULL),
	('8f7f6da8-831d-4cb0-8374-c1f14a57a25f', '0ac5a0c3-00ba-4fa6-bacd-fc7f653e101f', 'e5819bf1-8a4e-4d7c-8b36-cc550bc6fedc', 'c1ee0009-9c0b-4ef8-bb6d-6bb9bd380b00', NULL, '633db554-b037-4e40-8c4f-575337dbfded/e5819bf1-8a4e-4d7c-8b36-cc550bc6fedc/061eb09f-bbbf-48dc-9721-50c3a9ed8f5f.jpg', 'IMG_5842.jpg', 'image/jpeg', 628703, '2026-05-04 13:42:35.294+00', NULL, NULL, '2026-05-04 13:42:35.349082+00', NULL),
	('6be42ff0-e13b-473a-a707-de8865f6295c', '0ac5a0c3-00ba-4fa6-bacd-fc7f653e101f', 'e5819bf1-8a4e-4d7c-8b36-cc550bc6fedc', 'c1ee0009-9c0b-4ef8-bb6d-6bb9bd380b00', NULL, '633db554-b037-4e40-8c4f-575337dbfded/e5819bf1-8a4e-4d7c-8b36-cc550bc6fedc/1b885810-75af-4999-b5d4-c0895765e20c.jpg', 'IMG_5830.jpg', 'image/jpeg', 590911, '2026-05-04 13:43:42.354+00', NULL, NULL, '2026-05-04 13:43:42.572639+00', NULL),
	('ad1ef31c-014d-43fa-8226-4bd6c75fce6a', '0ac5a0c3-00ba-4fa6-bacd-fc7f653e101f', 'e5819bf1-8a4e-4d7c-8b36-cc550bc6fedc', 'c1ee0009-9c0b-4ef8-bb6d-6bb9bd380b00', NULL, '633db554-b037-4e40-8c4f-575337dbfded/e5819bf1-8a4e-4d7c-8b36-cc550bc6fedc/1f618413-c5dd-477c-84e3-f410d4341fd6.jpg', 'IMG_5831.jpg', 'image/jpeg', 612140, '2026-05-04 13:44:15.072+00', NULL, NULL, '2026-05-04 13:44:15.095536+00', NULL),
	('505a324e-35bd-4a3a-b60c-9d45292c6a9c', '0ac5a0c3-00ba-4fa6-bacd-fc7f653e101f', 'e5819bf1-8a4e-4d7c-8b36-cc550bc6fedc', 'c1ee0013-9c0b-4ef8-bb6d-6bb9bd380b00', NULL, '633db554-b037-4e40-8c4f-575337dbfded/e5819bf1-8a4e-4d7c-8b36-cc550bc6fedc/563c780c-e601-4ed2-9490-bb06433fb71b.jpg', 'IMG_5843.jpg', 'image/jpeg', 909038, '2026-05-04 13:45:03.975+00', NULL, NULL, '2026-05-04 13:45:03.991533+00', NULL),
	('7a1cb567-c516-4c69-83e2-f0e3a1399e28', '0ac5a0c3-00ba-4fa6-bacd-fc7f653e101f', 'e5819bf1-8a4e-4d7c-8b36-cc550bc6fedc', 'c1ee0016-9c0b-4ef8-bb6d-6bb9bd380b00', NULL, '633db554-b037-4e40-8c4f-575337dbfded/e5819bf1-8a4e-4d7c-8b36-cc550bc6fedc/17356241-a9b9-4fc1-b7fe-6fd9ca8faabd.jpg', 'IMG_5839.jpg', 'image/jpeg', 604675, '2026-05-04 13:46:26.945+00', NULL, NULL, '2026-05-04 13:46:26.96787+00', NULL),
	('9017e88d-c7c6-4ef0-a200-26fb366b0754', '0ac5a0c3-00ba-4fa6-bacd-fc7f653e101f', 'e5819bf1-8a4e-4d7c-8b36-cc550bc6fedc', 'c1ee0016-9c0b-4ef8-bb6d-6bb9bd380b00', NULL, '633db554-b037-4e40-8c4f-575337dbfded/e5819bf1-8a4e-4d7c-8b36-cc550bc6fedc/7c579e4c-b255-4398-b2fc-85a53c4e9365.jpg', 'IMG_5838.jpg', 'image/jpeg', 534648, '2026-05-04 13:47:03.66+00', NULL, NULL, '2026-05-04 13:47:03.684157+00', NULL),
	('a1910c20-d4be-4dc1-90a9-5c7e1c83f486', '0ac5a0c3-00ba-4fa6-bacd-fc7f653e101f', 'e5819bf1-8a4e-4d7c-8b36-cc550bc6fedc', 'c1ee0017-9c0b-4ef8-bb6d-6bb9bd380b00', NULL, '633db554-b037-4e40-8c4f-575337dbfded/e5819bf1-8a4e-4d7c-8b36-cc550bc6fedc/8289687b-0350-44ea-8cec-d1b2788e1bba.jpg', 'IMG_5820.jpg', 'image/jpeg', 698385, '2026-05-04 13:46:44.25+00', NULL, NULL, '2026-05-04 13:46:44.301656+00', NULL),
	('a86cfeb5-21b8-41b5-a134-9cc8d5a4fd11', '0ac5a0c3-00ba-4fa6-bacd-fc7f653e101f', 'e5819bf1-8a4e-4d7c-8b36-cc550bc6fedc', 'c1ee0017-9c0b-4ef8-bb6d-6bb9bd380b00', NULL, '633db554-b037-4e40-8c4f-575337dbfded/e5819bf1-8a4e-4d7c-8b36-cc550bc6fedc/c43eb924-5fe8-4ef5-bbdc-1806bde533a5.jpg', 'IMG_5821.jpg', 'image/jpeg', 765162, '2026-05-04 13:47:16.431+00', NULL, NULL, '2026-05-04 13:47:16.45121+00', NULL),
	('566b858b-2cd5-4ae7-807c-c175491ab583', '0ac5a0c3-00ba-4fa6-bacd-fc7f653e101f', 'e5819bf1-8a4e-4d7c-8b36-cc550bc6fedc', 'c1ee0016-9c0b-4ef8-bb6d-6bb9bd380b00', NULL, '633db554-b037-4e40-8c4f-575337dbfded/e5819bf1-8a4e-4d7c-8b36-cc550bc6fedc/1d32e8a7-1cc9-436c-b071-f15839ec3e27.jpg', 'IMG_5836.jpg', 'image/jpeg', 410943, '2026-05-04 13:47:37.044+00', NULL, NULL, '2026-05-04 13:47:37.074798+00', NULL),
	('896a22a3-70e5-4444-b78e-536db49d41bd', '0ac5a0c3-00ba-4fa6-bacd-fc7f653e101f', 'e5819bf1-8a4e-4d7c-8b36-cc550bc6fedc', 'c1ee0016-9c0b-4ef8-bb6d-6bb9bd380b00', NULL, '633db554-b037-4e40-8c4f-575337dbfded/e5819bf1-8a4e-4d7c-8b36-cc550bc6fedc/6bc098f1-1c00-48fd-8cfa-1f965c8c7b5d.jpg', 'IMG_5835.jpg', 'image/jpeg', 615588, '2026-05-04 13:48:14.132+00', NULL, NULL, '2026-05-04 13:48:14.153968+00', NULL),
	('3caf1aa0-fd1c-4c41-afce-7a0277ab4e5e', '0ac5a0c3-00ba-4fa6-bacd-fc7f653e101f', 'e5819bf1-8a4e-4d7c-8b36-cc550bc6fedc', 'c1ee0016-9c0b-4ef8-bb6d-6bb9bd380b00', NULL, '633db554-b037-4e40-8c4f-575337dbfded/e5819bf1-8a4e-4d7c-8b36-cc550bc6fedc/b2ceb174-4c97-4802-867e-ee1065ed499d.jpg', 'IMG_5834.jpg', 'image/jpeg', 603314, '2026-05-04 13:48:48.752+00', NULL, NULL, '2026-05-04 13:48:48.804139+00', NULL),
	('690294b5-5d4a-4082-be6c-189a69a692f2', '0ac5a0c3-00ba-4fa6-bacd-fc7f653e101f', 'e5819bf1-8a4e-4d7c-8b36-cc550bc6fedc', 'c1ee0016-9c0b-4ef8-bb6d-6bb9bd380b00', NULL, '633db554-b037-4e40-8c4f-575337dbfded/e5819bf1-8a4e-4d7c-8b36-cc550bc6fedc/8b91d89b-845d-445f-b8e9-8fb56bc284b7.jpg', 'IMG_5829.jpg', 'image/jpeg', 630699, '2026-05-04 13:49:52.443+00', NULL, NULL, '2026-05-04 13:49:52.470213+00', NULL),
	('ffb4edd4-75e0-4b26-92b2-a7182bc3934b', '0ac5a0c3-00ba-4fa6-bacd-fc7f653e101f', 'e5819bf1-8a4e-4d7c-8b36-cc550bc6fedc', 'c1ee0032-9c0b-4ef8-bb6d-6bb9bd380b00', NULL, '633db554-b037-4e40-8c4f-575337dbfded/e5819bf1-8a4e-4d7c-8b36-cc550bc6fedc/b279284e-0828-46bb-84d9-32a6ea4a1173.jpg', 'image.jpg', 'image/jpeg', 771294, '2026-05-04 13:52:57.535+00', NULL, NULL, '2026-05-04 13:52:57.618985+00', NULL);


--
-- Data for Name: checklist_fill_item_responses; Type: TABLE DATA; Schema: public; Owner: postgres
--

INSERT INTO "public"."checklist_fill_item_responses" ("id", "session_id", "template_item_id", "outcome", "note", "created_at", "updated_at", "custom_item_id", "item_annotation", "valid_until", "workspace_item_id") VALUES
	('cf72b740-bebb-49f6-b729-c1eadce596f4', '6ac2d5ee-31a6-4b61-9d4f-439ca9102a7f', 'c1ee0017-9c0b-4ef8-bb6d-6bb9bd380b00', 'conforme', NULL, '2026-04-08 19:30:06.483574+00', '2026-04-08 19:30:06.483574+00', NULL, NULL, NULL, NULL),
	('4dc67d65-c6db-4297-84be-996f40620a4c', '6ac2d5ee-31a6-4b61-9d4f-439ca9102a7f', 'c1ee0018-9c0b-4ef8-bb6d-6bb9bd380b00', 'conforme', NULL, '2026-04-08 19:30:08.310512+00', '2026-04-08 19:30:08.310512+00', NULL, NULL, NULL, NULL),
	('023b831a-126f-4506-b47f-47c2a669eab0', 'f109589a-616d-4f5c-ae83-0e41848edce8', NULL, 'nc', 'precisa alterar a iluminacao', '2026-04-04 14:38:06.834707+00', '2026-04-04 14:38:17.295158+00', '4787c3d2-8a97-4a5c-8c17-c10b379d32f5', NULL, NULL, NULL),
	('78e71af2-c454-4e69-bfae-37fb59d31ab1', 'f109589a-616d-4f5c-ae83-0e41848edce8', NULL, 'conforme', NULL, '2026-04-04 14:38:23.017048+00', '2026-04-04 14:38:23.017048+00', 'fafb2984-979f-4602-8689-426562b98d9d', NULL, NULL, NULL),
	('4932099b-f21a-410e-9467-88d3ce76eca4', 'f109589a-616d-4f5c-ae83-0e41848edce8', NULL, 'nc', 'arrumar freezer', '2026-04-04 14:38:25.406661+00', '2026-04-04 14:38:33.598915+00', '68f55396-0f99-440e-8906-51d09ade03c9', NULL, NULL, NULL),
	('d8f7bfc7-b385-4dc8-b0f3-701a8999a169', 'f109589a-616d-4f5c-ae83-0e41848edce8', NULL, 'conforme', NULL, '2026-04-04 14:38:34.724812+00', '2026-04-04 14:38:34.724812+00', '4896d504-ec47-478c-8cce-2b8b1b2b0ad2', NULL, NULL, NULL),
	('a37a457f-9e01-43c4-87b5-20edf86fd1ee', 'f109589a-616d-4f5c-ae83-0e41848edce8', NULL, 'conforme', NULL, '2026-04-04 14:38:44.700578+00', '2026-04-04 14:38:47.416502+00', 'bedf3070-c010-465f-9046-16804c3bb212', NULL, NULL, NULL),
	('bd8afa03-11f4-4cd5-886a-5bc938664e84', 'f109589a-616d-4f5c-ae83-0e41848edce8', NULL, 'conforme', NULL, '2026-04-04 14:38:55.327734+00', '2026-04-04 14:38:57.308433+00', '0cf0fd86-684b-4d73-8979-0e54aad7121d', NULL, NULL, NULL),
	('7f1aee80-82a3-49da-9a29-dae6369ff632', 'f109589a-616d-4f5c-ae83-0e41848edce8', NULL, 'na', NULL, '2026-04-04 14:38:58.835466+00', '2026-04-04 14:38:58.835466+00', 'fb3cd920-c5f3-41c5-a5a8-d34fd06da2e0', NULL, NULL, NULL),
	('b7ce818d-b429-4863-88d6-a997a14ae864', 'f109589a-616d-4f5c-ae83-0e41848edce8', NULL, 'conforme', NULL, '2026-04-04 14:40:27.150651+00', '2026-04-04 14:40:30.033196+00', '60eaab9e-57a4-475a-8312-7649b65041c1', NULL, NULL, NULL),
	('c1978aea-5310-473c-b4ba-2642d7208b09', '6ac2d5ee-31a6-4b61-9d4f-439ca9102a7f', 'c1ee0019-9c0b-4ef8-bb6d-6bb9bd380b00', 'conforme', NULL, '2026-04-08 19:30:09.613953+00', '2026-04-08 19:30:09.613953+00', NULL, NULL, NULL, NULL),
	('ffa953da-d4ab-437b-87b1-72907258c6ac', '6ac2d5ee-31a6-4b61-9d4f-439ca9102a7f', 'c1ee0027-9c0b-4ef8-bb6d-6bb9bd380b00', 'conforme', NULL, '2026-04-08 19:30:12.722665+00', '2026-04-08 19:30:12.722665+00', NULL, NULL, NULL, NULL),
	('5d73b3ce-a266-4204-86e7-7478537f2457', '6ac2d5ee-31a6-4b61-9d4f-439ca9102a7f', 'c1ee0028-9c0b-4ef8-bb6d-6bb9bd380b00', 'conforme', NULL, '2026-04-08 19:30:13.88272+00', '2026-04-08 19:30:13.88272+00', NULL, NULL, NULL, NULL),
	('ce858380-868f-4019-8ef2-b8e3125dc803', '6ac2d5ee-31a6-4b61-9d4f-439ca9102a7f', 'c1ee0026-9c0b-4ef8-bb6d-6bb9bd380b00', 'conforme', NULL, '2026-04-08 19:30:15.29574+00', '2026-04-08 19:30:15.29574+00', NULL, NULL, NULL, NULL),
	('ae00521f-9c84-4661-bda1-dd509b85cf29', '6ac2d5ee-31a6-4b61-9d4f-439ca9102a7f', 'c1ee0025-9c0b-4ef8-bb6d-6bb9bd380b00', 'conforme', NULL, '2026-04-08 19:30:17.04304+00', '2026-04-08 19:30:17.04304+00', NULL, NULL, NULL, NULL),
	('3b4f61d2-5148-4eb9-bba0-e858e4555535', '6ac2d5ee-31a6-4b61-9d4f-439ca9102a7f', 'c1ee0024-9c0b-4ef8-bb6d-6bb9bd380b00', 'conforme', NULL, '2026-04-08 19:30:18.772551+00', '2026-04-08 19:30:18.772551+00', NULL, NULL, NULL, NULL),
	('ffb390c6-dbf2-46f7-8f4e-853a2f169f90', '6ac2d5ee-31a6-4b61-9d4f-439ca9102a7f', 'c1ee0023-9c0b-4ef8-bb6d-6bb9bd380b00', 'conforme', NULL, '2026-04-08 19:30:20.581123+00', '2026-04-08 19:30:20.581123+00', NULL, NULL, NULL, NULL),
	('c8e3d513-8556-47b0-a39c-7c8ba8cbdad0', '6ac2d5ee-31a6-4b61-9d4f-439ca9102a7f', 'c1ee0022-9c0b-4ef8-bb6d-6bb9bd380b00', 'conforme', NULL, '2026-04-08 19:30:22.008945+00', '2026-04-08 19:30:22.008945+00', NULL, NULL, NULL, NULL),
	('84663661-d414-4f01-8396-ab5ba1686aae', 'f109589a-616d-4f5c-ae83-0e41848edce8', NULL, 'conforme', NULL, '2026-04-04 14:41:03.757314+00', '2026-04-04 15:31:00.773569+00', 'd490f1b3-335c-40c1-8a6e-979a70e00662', NULL, NULL, NULL),
	('44c3f7c9-e732-4b7c-af17-eccf3f73688d', 'f109589a-616d-4f5c-ae83-0e41848edce8', NULL, 'conforme', NULL, '2026-04-04 14:38:04.578916+00', '2026-04-04 15:31:07.604568+00', '00e4f600-1d70-4c31-86f0-4f90a374ea6f', NULL, NULL, NULL),
	('69011614-e665-4f1b-a87f-a269f19834a9', 'c8c67ecd-b14c-4793-8e05-8bb7c3c48d54', 'c0eebc99-9c0b-4ef8-bb6d-6bb9bd380a01', 'conforme', NULL, '2026-04-04 15:37:28.844151+00', '2026-04-04 15:37:28.844151+00', NULL, NULL, NULL, NULL),
	('90f10cd1-c616-499b-a400-d13676914602', 'c8c67ecd-b14c-4793-8e05-8bb7c3c48d54', 'c0eebc99-9c0b-4ef8-bb6d-6bb9bd380a02', 'conforme', NULL, '2026-04-04 15:37:30.477596+00', '2026-04-04 15:37:30.477596+00', NULL, NULL, NULL, NULL),
	('3a47343c-2fc2-4b44-970c-96117348e4d0', 'c8c67ecd-b14c-4793-8e05-8bb7c3c48d54', 'c0eebc99-9c0b-4ef8-bb6d-6bb9bd380a03', 'conforme', NULL, '2026-04-04 15:37:32.561074+00', '2026-04-04 15:37:32.561074+00', NULL, NULL, NULL, NULL),
	('a7420d99-b487-4d64-bff5-055d6bf0f1c7', 'c8c67ecd-b14c-4793-8e05-8bb7c3c48d54', 'c0eebc99-9c0b-4ef8-bb6d-6bb9bd380a04', 'nc', 'corrijgir nao conformidade', '2026-04-04 15:37:38.466663+00', '2026-04-04 15:37:47.232544+00', NULL, NULL, NULL, NULL),
	('7e6351bc-8c3d-41ee-b991-43c16f37ae2c', 'c8c67ecd-b14c-4793-8e05-8bb7c3c48d54', 'c0eebc99-9c0b-4ef8-bb6d-6bb9bd380a06', 'nc', 'sdddaasda', '2026-04-04 15:37:48.739208+00', '2026-04-04 15:37:54.503368+00', NULL, NULL, NULL, NULL),
	('faea6471-65c7-4125-8117-5d732a90b2ec', 'c8c67ecd-b14c-4793-8e05-8bb7c3c48d54', 'c0eebc99-9c0b-4ef8-bb6d-6bb9bd380a07', 'na', NULL, '2026-04-04 15:37:57.218687+00', '2026-04-04 15:37:57.218687+00', NULL, NULL, NULL, NULL),
	('8cdb5ea2-2d12-42e4-b1f0-b016129cc67f', 'c8c67ecd-b14c-4793-8e05-8bb7c3c48d54', 'c0eebc99-9c0b-4ef8-bb6d-6bb9bd380a05', 'nc', 'cwqertcqewrcdfax', '2026-04-04 15:38:10.694121+00', '2026-04-04 15:38:15.001945+00', NULL, NULL, NULL, NULL),
	('041eb0ba-e988-42a9-97ff-b4c644c03b5b', 'c8c67ecd-b14c-4793-8e05-8bb7c3c48d54', 'c0eebc99-9c0b-4ef8-bb6d-6bb9bd380a08', 'conforme', NULL, '2026-04-04 15:38:27.883836+00', '2026-04-04 15:38:27.883836+00', NULL, NULL, NULL, NULL),
	('dbfee87f-4a01-4323-8f20-28d303a65ed1', 'c8c67ecd-b14c-4793-8e05-8bb7c3c48d54', 'c0eebc99-9c0b-4ef8-bb6d-6bb9bd380a09', 'conforme', NULL, '2026-04-04 15:38:29.338162+00', '2026-04-04 15:38:29.338162+00', NULL, NULL, NULL, NULL),
	('f357f72e-0294-4117-8211-b0511dcb6ed3', 'c8c67ecd-b14c-4793-8e05-8bb7c3c48d54', 'c0eebc99-9c0b-4ef8-bb6d-6bb9bd380a10', 'conforme', NULL, '2026-04-04 15:38:31.26013+00', '2026-04-04 15:38:31.26013+00', NULL, NULL, NULL, NULL),
	('25f5e3a8-dfc7-4822-8ec4-d43f1666313d', '6ac2d5ee-31a6-4b61-9d4f-439ca9102a7f', 'c1ee0021-9c0b-4ef8-bb6d-6bb9bd380b00', 'conforme', NULL, '2026-04-08 19:30:23.914458+00', '2026-04-08 19:30:23.914458+00', NULL, NULL, NULL, NULL),
	('ce68302b-e567-4728-9a3e-82c9b2b1a995', '6ac2d5ee-31a6-4b61-9d4f-439ca9102a7f', 'c1ee0020-9c0b-4ef8-bb6d-6bb9bd380b00', 'conforme', NULL, '2026-04-08 19:30:25.157883+00', '2026-04-08 19:30:25.157883+00', NULL, NULL, NULL, NULL),
	('5afb81b3-8fa5-4ed1-9fe0-9c2931258d70', '6ac2d5ee-31a6-4b61-9d4f-439ca9102a7f', 'c1ee0043-9c0b-4ef8-bb6d-6bb9bd380b00', 'conforme', NULL, '2026-04-08 19:30:30.893295+00', '2026-04-08 19:30:30.893295+00', NULL, NULL, NULL, NULL),
	('9e44d79d-a868-47ed-bc6b-bf43bca4f877', '6ac2d5ee-31a6-4b61-9d4f-439ca9102a7f', 'c1ee0042-9c0b-4ef8-bb6d-6bb9bd380b00', 'conforme', NULL, '2026-04-08 19:30:31.802859+00', '2026-04-08 19:30:31.802859+00', NULL, NULL, NULL, NULL),
	('670a6843-80c3-422e-8991-860165c42030', '6ac2d5ee-31a6-4b61-9d4f-439ca9102a7f', 'c1ee0001-9c0b-4ef8-bb6d-6bb9bd380b00', 'conforme', NULL, '2026-04-08 19:27:29.806737+00', '2026-04-08 19:27:41.510951+00', NULL, NULL, NULL, NULL),
	('948b3365-65c2-4167-9b0e-4314882978f4', '6ac2d5ee-31a6-4b61-9d4f-439ca9102a7f', 'c1ee0002-9c0b-4ef8-bb6d-6bb9bd380b00', 'conforme', NULL, '2026-04-08 19:27:43.924566+00', '2026-04-08 19:27:43.924566+00', NULL, NULL, NULL, NULL),
	('e59a87d4-81cd-4d38-9629-4b0e7871f04b', '6ac2d5ee-31a6-4b61-9d4f-439ca9102a7f', 'c1ee0003-9c0b-4ef8-bb6d-6bb9bd380b00', 'na', NULL, '2026-04-08 19:27:52.20489+00', '2026-04-08 19:27:52.20489+00', NULL, NULL, NULL, NULL),
	('e62291c8-40dc-4351-a6a0-07707f2e5407', '6ac2d5ee-31a6-4b61-9d4f-439ca9102a7f', 'c1ee0041-9c0b-4ef8-bb6d-6bb9bd380b00', 'conforme', NULL, '2026-04-08 19:30:33.39289+00', '2026-04-08 19:30:33.39289+00', NULL, NULL, NULL, NULL),
	('6b8de641-369d-4ba9-a327-d9df7182201a', '6ac2d5ee-31a6-4b61-9d4f-439ca9102a7f', 'c1ee0007-9c0b-4ef8-bb6d-6bb9bd380b00', 'conforme', NULL, '2026-04-08 19:28:15.409622+00', '2026-04-08 19:28:15.409622+00', NULL, NULL, NULL, NULL),
	('4b1cc658-556b-4181-a1ad-83b906dbdeae', '6ac2d5ee-31a6-4b61-9d4f-439ca9102a7f', 'c1ee0008-9c0b-4ef8-bb6d-6bb9bd380b00', 'conforme', NULL, '2026-04-08 19:28:16.824396+00', '2026-04-08 19:28:16.824396+00', NULL, NULL, NULL, NULL),
	('89b7f9d4-8b80-4fdd-8ca9-69b62542a2b0', '6ac2d5ee-31a6-4b61-9d4f-439ca9102a7f', 'c1ee0040-9c0b-4ef8-bb6d-6bb9bd380b00', 'conforme', NULL, '2026-04-08 19:30:35.73669+00', '2026-04-08 19:30:35.73669+00', NULL, NULL, NULL, NULL),
	('7b553bdf-4604-4d97-98c5-2d49df891b21', '6ac2d5ee-31a6-4b61-9d4f-439ca9102a7f', 'c1ee0005-9c0b-4ef8-bb6d-6bb9bd380b00', 'conforme', NULL, '2026-04-08 19:29:41.95882+00', '2026-04-08 19:29:41.95882+00', NULL, NULL, NULL, NULL),
	('120eb0e8-a956-46a7-8459-c4848cc4c0b3', '6ac2d5ee-31a6-4b61-9d4f-439ca9102a7f', 'c1ee0004-9c0b-4ef8-bb6d-6bb9bd380b00', 'conforme', NULL, '2026-04-08 19:27:56.294013+00', '2026-04-08 19:29:44.977047+00', NULL, NULL, NULL, NULL),
	('4ef620e1-5cfc-4e29-8184-e85e53b07124', '6ac2d5ee-31a6-4b61-9d4f-439ca9102a7f', 'c1ee0013-9c0b-4ef8-bb6d-6bb9bd380b00', 'conforme', NULL, '2026-04-08 19:29:49.652878+00', '2026-04-08 19:29:49.652878+00', NULL, NULL, NULL, NULL),
	('ede1f278-72d1-4247-93df-20ddb3d7c062', '6ac2d5ee-31a6-4b61-9d4f-439ca9102a7f', 'c1ee0014-9c0b-4ef8-bb6d-6bb9bd380b00', 'conforme', NULL, '2026-04-08 19:29:50.800363+00', '2026-04-08 19:29:50.800363+00', NULL, NULL, NULL, NULL),
	('62f295ce-b09b-455b-9921-d50e64d782ff', '6ac2d5ee-31a6-4b61-9d4f-439ca9102a7f', 'c1ee0011-9c0b-4ef8-bb6d-6bb9bd380b00', 'conforme', NULL, '2026-04-08 19:29:52.550663+00', '2026-04-08 19:29:52.550663+00', NULL, NULL, NULL, NULL),
	('b3c4e9c9-7dfe-4112-ad8b-d517077f5367', '6ac2d5ee-31a6-4b61-9d4f-439ca9102a7f', 'c1ee0010-9c0b-4ef8-bb6d-6bb9bd380b00', 'conforme', NULL, '2026-04-08 19:29:53.430454+00', '2026-04-08 19:29:53.430454+00', NULL, NULL, NULL, NULL),
	('fc09eb67-a8b8-4b9d-8c49-3c925283277d', '6ac2d5ee-31a6-4b61-9d4f-439ca9102a7f', 'c1ee0009-9c0b-4ef8-bb6d-6bb9bd380b00', 'conforme', NULL, '2026-04-08 19:29:55.103887+00', '2026-04-08 19:29:55.103887+00', NULL, NULL, NULL, NULL),
	('810b51ab-b8a1-4455-a5c7-c92ddb8b991e', '6ac2d5ee-31a6-4b61-9d4f-439ca9102a7f', 'c1ee0012-9c0b-4ef8-bb6d-6bb9bd380b00', 'conforme', NULL, '2026-04-08 19:29:58.28799+00', '2026-04-08 19:29:58.28799+00', NULL, NULL, NULL, NULL),
	('7489bdc6-b14e-4db6-9115-89a3ebec2f44', '6ac2d5ee-31a6-4b61-9d4f-439ca9102a7f', 'c1ee0015-9c0b-4ef8-bb6d-6bb9bd380b00', 'conforme', NULL, '2026-04-08 19:30:03.752443+00', '2026-04-08 19:30:03.752443+00', NULL, NULL, NULL, NULL),
	('b25daa38-03a4-4d29-bf5e-8ed608c8e368', '6ac2d5ee-31a6-4b61-9d4f-439ca9102a7f', 'c1ee0016-9c0b-4ef8-bb6d-6bb9bd380b00', 'conforme', NULL, '2026-04-08 19:30:05.077345+00', '2026-04-08 19:30:05.077345+00', NULL, NULL, NULL, NULL),
	('4991f5c3-18db-4b51-b3f5-caf78f84b16f', '6ac2d5ee-31a6-4b61-9d4f-439ca9102a7f', 'c1ee0039-9c0b-4ef8-bb6d-6bb9bd380b00', 'conforme', NULL, '2026-04-08 19:30:36.895674+00', '2026-04-08 19:30:36.895674+00', NULL, NULL, NULL, NULL),
	('dad73ed3-544b-47f8-93f0-d9e9fe3e97de', '6ac2d5ee-31a6-4b61-9d4f-439ca9102a7f', 'c1ee0038-9c0b-4ef8-bb6d-6bb9bd380b00', 'conforme', NULL, '2026-04-08 19:30:38.192553+00', '2026-04-08 19:30:38.192553+00', NULL, NULL, NULL, NULL),
	('1ec0e445-ece6-4738-8d57-ca5931f4bd5e', '6ac2d5ee-31a6-4b61-9d4f-439ca9102a7f', 'c1ee0037-9c0b-4ef8-bb6d-6bb9bd380b00', 'conforme', NULL, '2026-04-08 19:30:39.725026+00', '2026-04-08 19:30:39.725026+00', NULL, NULL, NULL, NULL),
	('70f62389-258b-41c4-8a6d-95b7c8379af2', '6ac2d5ee-31a6-4b61-9d4f-439ca9102a7f', 'c1ee0036-9c0b-4ef8-bb6d-6bb9bd380b00', 'conforme', NULL, '2026-04-08 19:30:42.23885+00', '2026-04-08 19:30:42.23885+00', NULL, NULL, NULL, NULL),
	('ebeeb8c5-20f1-4a13-9863-69849ec4fda5', '6ac2d5ee-31a6-4b61-9d4f-439ca9102a7f', 'c1ee0035-9c0b-4ef8-bb6d-6bb9bd380b00', 'conforme', NULL, '2026-04-08 19:30:43.303671+00', '2026-04-08 19:30:43.303671+00', NULL, NULL, NULL, NULL),
	('bce2c9ab-22f7-40d5-a4ac-2ecf789a0c68', '6ac2d5ee-31a6-4b61-9d4f-439ca9102a7f', 'c1ee0034-9c0b-4ef8-bb6d-6bb9bd380b00', 'conforme', NULL, '2026-04-08 19:30:45.124598+00', '2026-04-08 19:30:45.124598+00', NULL, NULL, NULL, NULL),
	('7af1f6bb-4c87-4437-9497-fbfdad2fe8fb', '6ac2d5ee-31a6-4b61-9d4f-439ca9102a7f', 'c1ee0033-9c0b-4ef8-bb6d-6bb9bd380b00', 'conforme', NULL, '2026-04-08 19:30:46.202131+00', '2026-04-08 19:30:46.202131+00', NULL, NULL, NULL, NULL),
	('3be4f142-0516-4e31-9ffc-23f7d62c05d3', '6ac2d5ee-31a6-4b61-9d4f-439ca9102a7f', 'c1ee0032-9c0b-4ef8-bb6d-6bb9bd380b00', 'conforme', NULL, '2026-04-08 19:30:47.821798+00', '2026-04-08 19:30:47.821798+00', NULL, NULL, NULL, NULL),
	('4f3460e9-73a7-4845-a7e7-1d7d63c10497', '6ac2d5ee-31a6-4b61-9d4f-439ca9102a7f', 'c1ee0031-9c0b-4ef8-bb6d-6bb9bd380b00', 'conforme', NULL, '2026-04-08 19:30:49.26124+00', '2026-04-08 19:30:49.26124+00', NULL, NULL, NULL, NULL),
	('b8ccfcce-82c2-4f15-8e94-8569a2bb3c80', '6ac2d5ee-31a6-4b61-9d4f-439ca9102a7f', 'c1ee0030-9c0b-4ef8-bb6d-6bb9bd380b00', 'conforme', NULL, '2026-04-08 19:30:50.562809+00', '2026-04-08 19:30:50.562809+00', NULL, NULL, NULL, NULL),
	('cc55b5fc-6358-4164-a0df-7fb9890a4bbb', '6ac2d5ee-31a6-4b61-9d4f-439ca9102a7f', 'c1ee0029-9c0b-4ef8-bb6d-6bb9bd380b00', 'conforme', NULL, '2026-04-08 19:30:52.047392+00', '2026-04-08 19:30:52.047392+00', NULL, NULL, NULL, NULL),
	('2b2f4d92-ee62-431e-a151-66996800d4a0', '6ac2d5ee-31a6-4b61-9d4f-439ca9102a7f', 'c1ee0006-9c0b-4ef8-bb6d-6bb9bd380b00', 'conforme', NULL, '2026-04-08 19:28:13.723922+00', '2026-04-08 19:31:21.03443+00', NULL, NULL, NULL, NULL),
	('f0939e8e-b248-440b-9811-22c54369f4a0', '4600d598-fb2e-4207-91c4-b30d319ff676', 'c1ee0001-9c0b-4ef8-bb6d-6bb9bd380b00', 'nc', 'Forro da área de produção com necessidade de manutenção.', '2026-04-16 14:34:08.712327+00', '2026-04-16 14:35:57.409572+00', NULL, NULL, NULL, NULL),
	('a7e05700-3cef-4ce5-be79-cd029bc1d798', '4600d598-fb2e-4207-91c4-b30d319ff676', 'c1ee0002-9c0b-4ef8-bb6d-6bb9bd380b00', 'conforme', NULL, '2026-04-16 14:36:00.387861+00', '2026-04-16 14:36:00.387861+00', NULL, NULL, NULL, NULL),
	('0e30fe6d-c9f8-4ffd-8344-815555ff8d99', '4600d598-fb2e-4207-91c4-b30d319ff676', 'c1ee0003-9c0b-4ef8-bb6d-6bb9bd380b00', 'conforme', NULL, '2026-04-16 14:36:06.423775+00', '2026-04-16 14:36:06.423775+00', NULL, NULL, NULL, NULL),
	('8476a6b7-48e8-4a01-9afa-cbc215110285', '4600d598-fb2e-4207-91c4-b30d319ff676', 'c1ee0004-9c0b-4ef8-bb6d-6bb9bd380b00', 'nc', 'Observo tela milimétrica instalada e limpeza da janela na parte interna realizada. Pendente realizar a limpeza na parte externa da janela.', '2026-04-16 14:36:16.277674+00', '2026-04-16 14:37:00.523801+00', NULL, NULL, NULL, NULL),
	('71205726-b5d7-4d63-92cb-720196744fea', '4600d598-fb2e-4207-91c4-b30d319ff676', 'c1ee0005-9c0b-4ef8-bb6d-6bb9bd380b00', 'conforme', NULL, '2026-04-16 14:37:06.03556+00', '2026-04-16 14:37:06.03556+00', NULL, NULL, NULL, NULL),
	('76542c92-12ab-4983-8e11-f2e4d141cc0c', '4600d598-fb2e-4207-91c4-b30d319ff676', 'c1ee0006-9c0b-4ef8-bb6d-6bb9bd380b00', 'nc', 'Encontro produção de churros na área definida como embalagem. Reoriento colaboradores atenção ao fluxo estabelecido em planta.', '2026-04-16 14:37:12.516438+00', '2026-04-16 14:38:11.387752+00', NULL, NULL, NULL, NULL),
	('3dcba456-a8b0-456f-a248-73a3c8fced1c', '4600d598-fb2e-4207-91c4-b30d319ff676', 'c1ee0007-9c0b-4ef8-bb6d-6bb9bd380b00', 'nc', 'Pia do banheiro do refeitório, pendente instalar papeleira.', '2026-04-16 14:38:14.373878+00', '2026-04-16 14:38:44.67883+00', NULL, NULL, NULL, NULL),
	('7d24cc33-a23b-456b-9c98-c8cee50ae87f', '4600d598-fb2e-4207-91c4-b30d319ff676', 'c1ee0008-9c0b-4ef8-bb6d-6bb9bd380b00', 'conforme', NULL, '2026-04-16 14:39:16.525229+00', '2026-04-16 14:39:16.525229+00', NULL, NULL, NULL, NULL),
	('12e0660e-cdf5-4763-a08d-af298812a548', '4600d598-fb2e-4207-91c4-b30d319ff676', 'c1ee0014-9c0b-4ef8-bb6d-6bb9bd380b00', 'conforme', NULL, '2026-04-16 14:40:27.585188+00', '2026-04-16 14:40:27.585188+00', NULL, NULL, NULL, NULL),
	('11b6dd8b-a132-461e-94c9-446ee5d7ffca', 'cb19ea03-1aa6-40a1-bea8-14406b7ecfe1', 'c1ee0035-9c0b-4ef8-bb6d-6bb9bd380b00', 'conforme', NULL, '2026-04-17 13:07:06.35242+00', '2026-04-17 13:07:06.35242+00', NULL, NULL, NULL, NULL),
	('c282b05f-e85f-43a1-be69-607bb6767648', '4600d598-fb2e-4207-91c4-b30d319ff676', 'c1ee0009-9c0b-4ef8-bb6d-6bb9bd380b00', 'conforme', NULL, '2026-04-16 14:40:36.920057+00', '2026-04-16 14:54:52.73943+00', NULL, 'Sinalizados', NULL, NULL),
	('1e6faa71-28fa-451e-a903-2bc7864eba4d', '4600d598-fb2e-4207-91c4-b30d319ff676', 'c1ee0010-9c0b-4ef8-bb6d-6bb9bd380b00', 'conforme', NULL, '2026-04-16 14:54:55.087291+00', '2026-04-16 14:55:37.582925+00', NULL, 'Observo limpeza realizada.', NULL, NULL),
	('b9297238-15a3-4a8a-94f7-7bdc1b52e391', '4600d598-fb2e-4207-91c4-b30d319ff676', 'c1ee0011-9c0b-4ef8-bb6d-6bb9bd380b00', 'conforme', NULL, '2026-04-16 14:55:40.493259+00', '2026-04-16 14:55:40.493259+00', NULL, NULL, NULL, NULL),
	('1f403ad2-3d53-4ed2-bafc-1317e2e82cdf', '4600d598-fb2e-4207-91c4-b30d319ff676', 'c1ee0012-9c0b-4ef8-bb6d-6bb9bd380b00', 'conforme', NULL, '2026-04-16 14:55:46.614059+00', '2026-04-16 14:58:41.141454+00', NULL, 'Realizada a', NULL, NULL),
	('2d0ee4ab-6a3d-4652-bcba-e4f80047ab64', '4600d598-fb2e-4207-91c4-b30d319ff676', 'c1ee0013-9c0b-4ef8-bb6d-6bb9bd380b00', 'conforme', NULL, '2026-04-16 14:58:43.615127+00', '2026-04-16 14:58:43.615127+00', NULL, NULL, NULL, NULL),
	('8594a4d6-a8e7-4261-a8c7-c0fb3c5316da', 'b37f11f2-ce6c-470a-a640-671c9ad7528f', 'c1ee0001-9c0b-4ef8-bb6d-6bb9bd380b00', 'conforme', NULL, '2026-04-16 20:14:25.275058+00', '2026-04-16 20:14:25.275058+00', NULL, NULL, NULL, NULL),
	('a8584675-6656-467b-be41-a1ff7aa4f0c7', 'b37f11f2-ce6c-470a-a640-671c9ad7528f', 'c1ee0002-9c0b-4ef8-bb6d-6bb9bd380b00', 'nc', NULL, '2026-04-16 20:14:28.027889+00', '2026-04-16 20:14:28.027889+00', NULL, NULL, NULL, NULL),
	('3139ddf2-105c-4f15-91c2-7c4968bd00e7', '7c72b34f-dbaf-452a-868f-67865650609d', 'c1ee0001-9c0b-4ef8-bb6d-6bb9bd380b00', 'nc', NULL, '2026-04-16 20:17:21.202519+00', '2026-04-16 20:17:21.202519+00', NULL, NULL, NULL, NULL),
	('65accf98-570b-4a6c-a5fc-e33795dcb4df', '7c72b34f-dbaf-452a-868f-67865650609d', 'c1ee0002-9c0b-4ef8-bb6d-6bb9bd380b00', 'nc', NULL, '2026-04-16 20:17:23.4495+00', '2026-04-16 20:17:23.4495+00', NULL, NULL, NULL, NULL),
	('44dc858c-64d5-42b2-bc63-6eb66f0b0cb6', '7c72b34f-dbaf-452a-868f-67865650609d', 'c1ee0003-9c0b-4ef8-bb6d-6bb9bd380b00', 'nc', NULL, '2026-04-16 20:17:26.176945+00', '2026-04-16 20:17:26.176945+00', NULL, NULL, NULL, NULL),
	('db2e3f2a-128c-4ee9-b369-047907ffad14', '3ffe82f8-4955-4f2c-96d4-208bb193b933', 'c1ee0001-9c0b-4ef8-bb6d-6bb9bd380b00', 'conforme', NULL, '2026-04-17 02:10:58.661483+00', '2026-04-17 02:10:58.661483+00', NULL, NULL, NULL, NULL),
	('2e11af39-50bb-4ce3-a5f0-bc73a1b8e935', '3ffe82f8-4955-4f2c-96d4-208bb193b933', 'c1ee0002-9c0b-4ef8-bb6d-6bb9bd380b00', 'conforme', NULL, '2026-04-17 02:11:14.757269+00', '2026-04-17 02:11:14.757269+00', NULL, NULL, NULL, NULL),
	('45c99b95-1442-4726-8933-dcf9aab13e62', '3ffe82f8-4955-4f2c-96d4-208bb193b933', 'c1ee0003-9c0b-4ef8-bb6d-6bb9bd380b00', 'conforme', NULL, '2026-04-17 02:11:22.202271+00', '2026-04-17 02:11:22.202271+00', NULL, NULL, NULL, NULL),
	('9ddeed7d-125e-4155-a075-948afa43512c', '3ffe82f8-4955-4f2c-96d4-208bb193b933', 'c1ee0004-9c0b-4ef8-bb6d-6bb9bd380b00', 'conforme', NULL, '2026-04-17 02:11:25.347175+00', '2026-04-17 02:11:25.347175+00', NULL, NULL, NULL, NULL),
	('1a5006de-1ea0-41ab-b1cf-d30428cd5e98', '3ffe82f8-4955-4f2c-96d4-208bb193b933', 'c1ee0005-9c0b-4ef8-bb6d-6bb9bd380b00', 'conforme', NULL, '2026-04-17 02:11:27.36214+00', '2026-04-17 02:11:27.36214+00', NULL, NULL, NULL, NULL),
	('899c6360-f0a6-42d8-a502-eff24d500edd', '3ffe82f8-4955-4f2c-96d4-208bb193b933', 'c1ee0006-9c0b-4ef8-bb6d-6bb9bd380b00', 'conforme', NULL, '2026-04-17 02:11:29.378656+00', '2026-04-17 02:11:29.378656+00', NULL, NULL, NULL, NULL),
	('de93b6a0-e4ff-4854-931f-3817055d8b82', '3ffe82f8-4955-4f2c-96d4-208bb193b933', 'c1ee0007-9c0b-4ef8-bb6d-6bb9bd380b00', 'conforme', NULL, '2026-04-17 02:11:31.095641+00', '2026-04-17 02:11:31.095641+00', NULL, NULL, NULL, NULL),
	('7377316e-8fc5-42fb-b8fa-88f97ae93b0a', '3ffe82f8-4955-4f2c-96d4-208bb193b933', 'c1ee0008-9c0b-4ef8-bb6d-6bb9bd380b00', 'conforme', NULL, '2026-04-17 02:11:32.823315+00', '2026-04-17 02:11:32.823315+00', NULL, NULL, NULL, NULL),
	('f08dc9a0-e9e9-4df4-bf00-0f4172f0a210', 'cb19ea03-1aa6-40a1-bea8-14406b7ecfe1', 'c1ee0001-9c0b-4ef8-bb6d-6bb9bd380b00', 'conforme', NULL, '2026-04-17 13:06:01.229915+00', '2026-04-17 13:06:01.229915+00', NULL, NULL, NULL, NULL),
	('a48f82cf-a801-4546-97e4-d2544bb83f8f', 'cb19ea03-1aa6-40a1-bea8-14406b7ecfe1', 'c1ee0002-9c0b-4ef8-bb6d-6bb9bd380b00', 'conforme', NULL, '2026-04-17 13:06:02.867774+00', '2026-04-17 13:06:02.867774+00', NULL, NULL, NULL, NULL),
	('0c42fc5e-52a2-4188-926f-b52116b37470', 'cb19ea03-1aa6-40a1-bea8-14406b7ecfe1', 'c1ee0003-9c0b-4ef8-bb6d-6bb9bd380b00', 'conforme', NULL, '2026-04-17 13:06:04.211799+00', '2026-04-17 13:06:04.211799+00', NULL, NULL, NULL, NULL),
	('1f3d3004-9d96-4374-8099-dc66cbbc2e70', 'cb19ea03-1aa6-40a1-bea8-14406b7ecfe1', 'c1ee0004-9c0b-4ef8-bb6d-6bb9bd380b00', 'conforme', NULL, '2026-04-17 13:06:05.606575+00', '2026-04-17 13:06:05.606575+00', NULL, NULL, NULL, NULL),
	('8a7aabbd-076a-4e04-b347-16658b945b77', 'cb19ea03-1aa6-40a1-bea8-14406b7ecfe1', 'c1ee0005-9c0b-4ef8-bb6d-6bb9bd380b00', 'conforme', NULL, '2026-04-17 13:06:07.01989+00', '2026-04-17 13:06:07.01989+00', NULL, NULL, NULL, NULL),
	('0559974d-c0be-4264-9be7-86a31a4fd865', 'cb19ea03-1aa6-40a1-bea8-14406b7ecfe1', 'c1ee0006-9c0b-4ef8-bb6d-6bb9bd380b00', 'conforme', NULL, '2026-04-17 13:06:08.405336+00', '2026-04-17 13:06:08.405336+00', NULL, NULL, NULL, NULL),
	('2ff46543-ae4d-4e2e-993a-326302a72125', 'cb19ea03-1aa6-40a1-bea8-14406b7ecfe1', 'c1ee0007-9c0b-4ef8-bb6d-6bb9bd380b00', 'conforme', NULL, '2026-04-17 13:06:10.949854+00', '2026-04-17 13:06:10.949854+00', NULL, NULL, NULL, NULL),
	('f78b13a9-b6fd-44ee-a7ce-e6e5ac5ee82a', 'cb19ea03-1aa6-40a1-bea8-14406b7ecfe1', 'c1ee0008-9c0b-4ef8-bb6d-6bb9bd380b00', 'conforme', NULL, '2026-04-17 13:06:12.986069+00', '2026-04-17 13:06:12.986069+00', NULL, NULL, NULL, NULL),
	('4375fe5b-6760-44cb-a7de-a84bcf7299cb', 'cb19ea03-1aa6-40a1-bea8-14406b7ecfe1', 'c1ee0009-9c0b-4ef8-bb6d-6bb9bd380b00', 'conforme', NULL, '2026-04-17 13:06:17.430016+00', '2026-04-17 13:06:17.430016+00', NULL, NULL, NULL, NULL),
	('bab77654-9ee8-4aa0-a8d1-fb915a9f9eab', 'cb19ea03-1aa6-40a1-bea8-14406b7ecfe1', 'c1ee0010-9c0b-4ef8-bb6d-6bb9bd380b00', 'conforme', NULL, '2026-04-17 13:06:18.712345+00', '2026-04-17 13:06:18.712345+00', NULL, NULL, NULL, NULL),
	('6f2a7fe2-48d6-4637-bdb4-533aba328e1d', 'cb19ea03-1aa6-40a1-bea8-14406b7ecfe1', 'c1ee0011-9c0b-4ef8-bb6d-6bb9bd380b00', 'conforme', NULL, '2026-04-17 13:06:20.440757+00', '2026-04-17 13:06:20.440757+00', NULL, NULL, NULL, NULL),
	('c0c10289-3ffd-4b32-8676-0a1c9ef6a838', 'cb19ea03-1aa6-40a1-bea8-14406b7ecfe1', 'c1ee0012-9c0b-4ef8-bb6d-6bb9bd380b00', 'conforme', NULL, '2026-04-17 13:06:21.691351+00', '2026-04-17 13:06:21.691351+00', NULL, NULL, NULL, NULL),
	('768b2026-caa1-4cae-9762-767f5338dbdd', 'cb19ea03-1aa6-40a1-bea8-14406b7ecfe1', 'c1ee0013-9c0b-4ef8-bb6d-6bb9bd380b00', 'conforme', NULL, '2026-04-17 13:06:22.929428+00', '2026-04-17 13:06:22.929428+00', NULL, NULL, NULL, NULL),
	('075da179-918e-4e9d-b6ac-5f63031d552a', 'cb19ea03-1aa6-40a1-bea8-14406b7ecfe1', 'c1ee0014-9c0b-4ef8-bb6d-6bb9bd380b00', 'conforme', NULL, '2026-04-17 13:06:24.254115+00', '2026-04-17 13:06:24.254115+00', NULL, NULL, NULL, NULL),
	('cb522f96-64cf-4926-acd5-2a65b5c54b72', 'cb19ea03-1aa6-40a1-bea8-14406b7ecfe1', 'c1ee0015-9c0b-4ef8-bb6d-6bb9bd380b00', 'conforme', NULL, '2026-04-17 13:06:29.679626+00', '2026-04-17 13:06:29.679626+00', NULL, NULL, NULL, NULL),
	('1a2a038b-dc9d-4355-952b-ef2a5ae995bf', 'cb19ea03-1aa6-40a1-bea8-14406b7ecfe1', 'c1ee0016-9c0b-4ef8-bb6d-6bb9bd380b00', 'conforme', NULL, '2026-04-17 13:06:31.061475+00', '2026-04-17 13:06:31.061475+00', NULL, NULL, NULL, NULL),
	('b7126fe2-b69a-40d0-9860-4e78e70c9375', 'cb19ea03-1aa6-40a1-bea8-14406b7ecfe1', 'c1ee0017-9c0b-4ef8-bb6d-6bb9bd380b00', 'conforme', NULL, '2026-04-17 13:06:32.993697+00', '2026-04-17 13:06:32.993697+00', NULL, NULL, NULL, NULL),
	('55cd3e55-3798-4200-af33-a6f0bfe0c477', 'cb19ea03-1aa6-40a1-bea8-14406b7ecfe1', 'c1ee0018-9c0b-4ef8-bb6d-6bb9bd380b00', 'conforme', NULL, '2026-04-17 13:06:34.376934+00', '2026-04-17 13:06:34.376934+00', NULL, NULL, NULL, NULL),
	('5a97e0ec-77aa-407b-8600-d8fc899c3001', 'cb19ea03-1aa6-40a1-bea8-14406b7ecfe1', 'c1ee0019-9c0b-4ef8-bb6d-6bb9bd380b00', 'conforme', NULL, '2026-04-17 13:06:36.157899+00', '2026-04-17 13:06:36.157899+00', NULL, NULL, NULL, NULL),
	('c18abe0b-209e-4ad4-b13a-ebbb65e4533a', 'cb19ea03-1aa6-40a1-bea8-14406b7ecfe1', 'c1ee0020-9c0b-4ef8-bb6d-6bb9bd380b00', 'conforme', NULL, '2026-04-17 13:06:40.944907+00', '2026-04-17 13:06:40.944907+00', NULL, NULL, NULL, NULL),
	('a1b65372-8277-4afc-adc8-547aa13595ff', 'cb19ea03-1aa6-40a1-bea8-14406b7ecfe1', 'c1ee0021-9c0b-4ef8-bb6d-6bb9bd380b00', 'conforme', NULL, '2026-04-17 13:06:42.554404+00', '2026-04-17 13:06:42.554404+00', NULL, NULL, NULL, NULL),
	('95efaca5-4483-4a40-8071-dd392f5f97a3', 'cb19ea03-1aa6-40a1-bea8-14406b7ecfe1', 'c1ee0022-9c0b-4ef8-bb6d-6bb9bd380b00', 'conforme', NULL, '2026-04-17 13:06:44.125026+00', '2026-04-17 13:06:44.125026+00', NULL, NULL, NULL, NULL),
	('95d53b1a-5bc7-48f8-b1a7-fd4fabc8f7b8', 'cb19ea03-1aa6-40a1-bea8-14406b7ecfe1', 'c1ee0023-9c0b-4ef8-bb6d-6bb9bd380b00', 'conforme', NULL, '2026-04-17 13:06:45.320138+00', '2026-04-17 13:06:45.320138+00', NULL, NULL, NULL, NULL),
	('47dd564c-7bce-47d0-8866-5f7f1200b5ac', 'cb19ea03-1aa6-40a1-bea8-14406b7ecfe1', 'c1ee0024-9c0b-4ef8-bb6d-6bb9bd380b00', 'conforme', NULL, '2026-04-17 13:06:46.444389+00', '2026-04-17 13:06:46.444389+00', NULL, NULL, NULL, NULL),
	('14d5e004-2f9c-4ee9-9ff1-6142fec9f859', 'cb19ea03-1aa6-40a1-bea8-14406b7ecfe1', 'c1ee0025-9c0b-4ef8-bb6d-6bb9bd380b00', 'conforme', NULL, '2026-04-17 13:06:47.669306+00', '2026-04-17 13:06:47.669306+00', NULL, NULL, NULL, NULL),
	('c68364b6-362a-4345-a975-8351355d74fb', 'cb19ea03-1aa6-40a1-bea8-14406b7ecfe1', 'c1ee0026-9c0b-4ef8-bb6d-6bb9bd380b00', 'conforme', NULL, '2026-04-17 13:06:48.889034+00', '2026-04-17 13:06:48.889034+00', NULL, NULL, NULL, NULL),
	('740b7baa-3dbf-4a47-9188-75d64b91eed9', 'cb19ea03-1aa6-40a1-bea8-14406b7ecfe1', 'c1ee0027-9c0b-4ef8-bb6d-6bb9bd380b00', 'conforme', NULL, '2026-04-17 13:06:50.335337+00', '2026-04-17 13:06:50.335337+00', NULL, NULL, NULL, NULL),
	('33da0aff-3327-4f3d-be06-c4567dd38d6e', 'cb19ea03-1aa6-40a1-bea8-14406b7ecfe1', 'c1ee0028-9c0b-4ef8-bb6d-6bb9bd380b00', 'conforme', NULL, '2026-04-17 13:06:51.86226+00', '2026-04-17 13:06:51.86226+00', NULL, NULL, NULL, NULL),
	('587e1038-c980-40f8-9550-4617e2a017e9', 'cb19ea03-1aa6-40a1-bea8-14406b7ecfe1', 'c1ee0029-9c0b-4ef8-bb6d-6bb9bd380b00', 'conforme', NULL, '2026-04-17 13:06:56.147952+00', '2026-04-17 13:06:56.147952+00', NULL, NULL, NULL, NULL),
	('1521d400-5f7b-44ea-a0d2-599bfc2515ed', 'cb19ea03-1aa6-40a1-bea8-14406b7ecfe1', 'c1ee0030-9c0b-4ef8-bb6d-6bb9bd380b00', 'conforme', NULL, '2026-04-17 13:06:57.41925+00', '2026-04-17 13:06:57.41925+00', NULL, NULL, NULL, NULL),
	('9d44d821-7f78-42f8-b774-b3b8053e9d17', 'cb19ea03-1aa6-40a1-bea8-14406b7ecfe1', 'c1ee0031-9c0b-4ef8-bb6d-6bb9bd380b00', 'conforme', NULL, '2026-04-17 13:06:58.732183+00', '2026-04-17 13:06:58.732183+00', NULL, NULL, NULL, NULL),
	('4b934334-06db-403c-ba2d-417dda0cd94f', 'cb19ea03-1aa6-40a1-bea8-14406b7ecfe1', 'c1ee0032-9c0b-4ef8-bb6d-6bb9bd380b00', 'conforme', NULL, '2026-04-17 13:07:00.019125+00', '2026-04-17 13:07:00.019125+00', NULL, NULL, NULL, NULL),
	('d497444d-45f0-4235-baef-bacd52fa0706', 'cb19ea03-1aa6-40a1-bea8-14406b7ecfe1', 'c1ee0033-9c0b-4ef8-bb6d-6bb9bd380b00', 'conforme', NULL, '2026-04-17 13:07:02.251272+00', '2026-04-17 13:07:02.251272+00', NULL, NULL, NULL, NULL),
	('a3673292-d49d-49a4-b64d-98e217a96d89', 'cb19ea03-1aa6-40a1-bea8-14406b7ecfe1', 'c1ee0034-9c0b-4ef8-bb6d-6bb9bd380b00', 'conforme', NULL, '2026-04-17 13:07:04.889443+00', '2026-04-17 13:07:04.889443+00', NULL, NULL, NULL, NULL),
	('3576769d-953b-439d-8e8b-fec1d22ef982', 'cb19ea03-1aa6-40a1-bea8-14406b7ecfe1', 'c1ee0036-9c0b-4ef8-bb6d-6bb9bd380b00', 'conforme', NULL, '2026-04-17 13:07:07.759571+00', '2026-04-17 13:07:07.759571+00', NULL, NULL, NULL, NULL),
	('d67dcb58-e4f6-4394-a372-9ff66ccd8c3b', 'cb19ea03-1aa6-40a1-bea8-14406b7ecfe1', 'c1ee0037-9c0b-4ef8-bb6d-6bb9bd380b00', 'conforme', NULL, '2026-04-17 13:07:09.677893+00', '2026-04-17 13:07:09.677893+00', NULL, NULL, NULL, NULL),
	('317ac854-4a5c-47ba-b639-460ca96d84b3', 'cb19ea03-1aa6-40a1-bea8-14406b7ecfe1', 'c1ee0038-9c0b-4ef8-bb6d-6bb9bd380b00', 'conforme', NULL, '2026-04-17 13:07:10.993462+00', '2026-04-17 13:07:10.993462+00', NULL, NULL, NULL, NULL),
	('f7c2b0af-b901-453e-bea8-da507c441b32', 'cb19ea03-1aa6-40a1-bea8-14406b7ecfe1', 'c1ee0039-9c0b-4ef8-bb6d-6bb9bd380b00', 'conforme', NULL, '2026-04-17 13:07:12.128799+00', '2026-04-17 13:07:12.128799+00', NULL, NULL, NULL, NULL),
	('35116bff-7ede-4d3f-a181-deab76a38177', 'cb19ea03-1aa6-40a1-bea8-14406b7ecfe1', 'c1ee0040-9c0b-4ef8-bb6d-6bb9bd380b00', 'conforme', NULL, '2026-04-17 13:07:13.587476+00', '2026-04-17 13:07:13.587476+00', NULL, NULL, NULL, NULL),
	('e52ac1ca-0632-4641-a5ee-652a5b4b1e30', 'cb19ea03-1aa6-40a1-bea8-14406b7ecfe1', 'c1ee0041-9c0b-4ef8-bb6d-6bb9bd380b00', 'conforme', NULL, '2026-04-17 13:07:15.300892+00', '2026-04-17 13:07:15.300892+00', NULL, NULL, NULL, NULL),
	('17ae0bff-8603-40c6-90e1-dbf96dd9e991', 'cb19ea03-1aa6-40a1-bea8-14406b7ecfe1', 'c1ee0042-9c0b-4ef8-bb6d-6bb9bd380b00', 'conforme', NULL, '2026-04-17 13:07:17.304462+00', '2026-04-17 13:07:17.304462+00', NULL, NULL, NULL, NULL),
	('c1cb8de8-e55e-47ac-ab56-454e4c6324ea', 'cb19ea03-1aa6-40a1-bea8-14406b7ecfe1', 'c1ee0043-9c0b-4ef8-bb6d-6bb9bd380b00', 'conforme', NULL, '2026-04-17 13:07:18.860565+00', '2026-04-17 13:07:18.860565+00', NULL, NULL, NULL, NULL),
	('228fdf69-362a-4268-b8ae-5ffa72a83e03', '79821a47-fd13-4de9-a9d1-4bf23648042a', 'c1ee0041-9c0b-4ef8-bb6d-6bb9bd380b00', 'conforme', NULL, '2026-04-23 18:16:54.710439+00', '2026-04-23 18:16:54.710439+00', NULL, NULL, NULL, NULL),
	('81ce846f-e84a-4dee-b3d0-99614b4419fe', '581bafb3-ffe1-4d21-816a-1cd6a26b5ba8', 'c1ee0021-9c0b-4ef8-bb6d-6bb9bd380b00', 'conforme', NULL, '2026-04-23 18:36:42.359843+00', '2026-04-23 18:36:42.359843+00', NULL, NULL, NULL, NULL),
	('70edf475-a40a-4d13-b8b3-1d3afd34c043', '6f10303a-6ca7-4a24-9037-c0d68d6bc3a9', 'c1ee0004-9c0b-4ef8-bb6d-6bb9bd380b00', 'conforme', NULL, '2026-04-24 01:51:16.685496+00', '2026-04-24 01:51:16.685496+00', NULL, NULL, NULL, NULL),
	('d8545486-0120-4da6-8c30-51ef88f2a20d', 'd9e864b2-8839-43ec-95cd-250aa6f37913', 'c1ee0001-9c0b-4ef8-bb6d-6bb9bd380b00', 'nc', 'Teto,parede e piso com', '2026-04-17 14:19:40.784945+00', '2026-04-17 14:21:18.913577+00', NULL, 'Teto,parede e piso com necessidade de manutenção pois encotra-se danificado', NULL, NULL),
	('b3ed189f-c2ae-486a-b2a4-483bed0bcb80', 'ba6e003b-10d7-4673-b565-c3cdb2113dc2', 'c1ee0036-9c0b-4ef8-bb6d-6bb9bd380b00', 'conforme', NULL, '2026-04-20 22:18:32.859421+00', '2026-04-20 22:18:32.859421+00', NULL, NULL, NULL, NULL),
	('9b121420-e053-41f0-8eb7-02d1187cf673', 'ba6e003b-10d7-4673-b565-c3cdb2113dc2', 'c1ee0035-9c0b-4ef8-bb6d-6bb9bd380b00', 'conforme', NULL, '2026-04-20 22:18:35.846627+00', '2026-04-20 22:18:35.846627+00', NULL, NULL, NULL, NULL),
	('18395395-5f57-4fa4-8071-562a99cbeeb9', 'ba6e003b-10d7-4673-b565-c3cdb2113dc2', 'c1ee0001-9c0b-4ef8-bb6d-6bb9bd380b00', 'nc', 'Piso da cozinha quebrado,', '2026-04-20 22:04:41.730984+00', '2026-04-20 22:06:25.805057+00', NULL, NULL, NULL, NULL),
	('3ecbed62-bf16-463b-bf20-3378f190dad8', 'ba6e003b-10d7-4673-b565-c3cdb2113dc2', 'c1ee0002-9c0b-4ef8-bb6d-6bb9bd380b00', 'conforme', NULL, '2026-04-20 22:06:33.213598+00', '2026-04-20 22:06:33.213598+00', NULL, NULL, NULL, NULL),
	('f7fab79e-6460-4ab0-a61f-a64e24fb1d35', 'ba6e003b-10d7-4673-b565-c3cdb2113dc2', 'c1ee0003-9c0b-4ef8-bb6d-6bb9bd380b00', 'conforme', NULL, '2026-04-20 22:06:48.157511+00', '2026-04-20 22:06:48.157511+00', NULL, NULL, NULL, NULL),
	('cae6c868-f209-4e85-a6df-ff26c2d32c04', 'ba6e003b-10d7-4673-b565-c3cdb2113dc2', 'c1ee0004-9c0b-4ef8-bb6d-6bb9bd380b00', 'conforme', NULL, '2026-04-20 22:06:55.828603+00', '2026-04-20 22:06:55.828603+00', NULL, NULL, NULL, NULL),
	('ac3e8051-0f85-49ef-9eca-41c00b52d78d', 'ba6e003b-10d7-4673-b565-c3cdb2113dc2', 'c1ee0005-9c0b-4ef8-bb6d-6bb9bd380b00', 'conforme', NULL, '2026-04-20 22:07:04.589282+00', '2026-04-20 22:07:04.589282+00', NULL, NULL, NULL, NULL),
	('8c7207eb-899f-4fea-be4f-eaaf66647701', 'ba6e003b-10d7-4673-b565-c3cdb2113dc2', 'c1ee0006-9c0b-4ef8-bb6d-6bb9bd380b00', 'conforme', NULL, '2026-04-20 22:07:09.750944+00', '2026-04-20 22:07:09.750944+00', NULL, NULL, NULL, NULL),
	('d2d87247-fd96-421c-9f9a-de5d06926bec', 'ba6e003b-10d7-4673-b565-c3cdb2113dc2', 'c1ee0007-9c0b-4ef8-bb6d-6bb9bd380b00', 'conforme', NULL, '2026-04-20 22:07:14.811629+00', '2026-04-20 22:07:14.811629+00', NULL, NULL, NULL, NULL),
	('366875d2-a446-4dbc-8fb8-cb6f22afa563', 'ba6e003b-10d7-4673-b565-c3cdb2113dc2', 'c1ee0008-9c0b-4ef8-bb6d-6bb9bd380b00', 'conforme', NULL, '2026-04-20 22:07:20.33065+00', '2026-04-20 22:07:20.33065+00', NULL, NULL, NULL, NULL),
	('703f5b95-98a4-44a0-8ce5-7f40ecbe6f1e', 'd9e864b2-8839-43ec-95cd-250aa6f37913', 'c1ee0002-9c0b-4ef8-bb6d-6bb9bd380b00', 'nc', 'Lampadas  cozinha sem proteção contra queda e explosão', '2026-04-17 14:26:00.515695+00', '2026-04-17 14:27:16.061989+00', NULL, NULL, NULL, NULL),
	('15ff2dfa-bb3f-4272-8847-b1937ee1aefb', 'd9e864b2-8839-43ec-95cd-250aa6f37913', 'c1ee0003-9c0b-4ef8-bb6d-6bb9bd380b00', 'conforme', NULL, '2026-04-17 14:27:27.241277+00', '2026-04-17 14:27:27.241277+00', NULL, NULL, NULL, NULL),
	('2fa6764a-6b95-42d2-ba9d-67c58da818c7', 'ba6e003b-10d7-4673-b565-c3cdb2113dc2', 'c1ee0033-9c0b-4ef8-bb6d-6bb9bd380b00', 'conforme', NULL, '2026-04-20 22:18:42.283917+00', '2026-04-20 22:18:42.283917+00', NULL, NULL, NULL, NULL),
	('f6ec8f48-467b-4f4d-8d1d-a06da2e1a3ba', 'ba6e003b-10d7-4673-b565-c3cdb2113dc2', 'c1ee0032-9c0b-4ef8-bb6d-6bb9bd380b00', 'conforme', NULL, '2026-04-20 22:18:44.380653+00', '2026-04-20 22:18:44.380653+00', NULL, NULL, NULL, NULL),
	('59dcacf4-b2d3-4fc4-b650-51855d71745d', 'ba6e003b-10d7-4673-b565-c3cdb2113dc2', 'c1ee0031-9c0b-4ef8-bb6d-6bb9bd380b00', 'conforme', NULL, '2026-04-20 22:18:49.064361+00', '2026-04-20 22:18:49.064361+00', NULL, NULL, NULL, NULL),
	('31df85cc-1c38-46aa-9278-8c0ef5d62f3b', 'ba6e003b-10d7-4673-b565-c3cdb2113dc2', 'c1ee0013-9c0b-4ef8-bb6d-6bb9bd380b00', 'nc', 'Cozinha : Preenchimento pendente da planilha de temperatura do Gohan e misohiro', '2026-04-20 22:12:51.990433+00', '2026-04-20 22:13:43.087246+00', NULL, NULL, NULL, NULL),
	('e3d145da-cb5c-47ee-bd25-a63c2054a07f', 'ba6e003b-10d7-4673-b565-c3cdb2113dc2', 'c1ee0014-9c0b-4ef8-bb6d-6bb9bd380b00', 'conforme', NULL, '2026-04-20 22:13:49.129576+00', '2026-04-20 22:13:49.129576+00', NULL, NULL, NULL, NULL),
	('d373e968-c961-4cbf-9fb2-17108b18f04b', 'd9e864b2-8839-43ec-95cd-250aa6f37913', 'c1ee0004-9c0b-4ef8-bb6d-6bb9bd380b00', 'nc', 'Tela milimétrica cozinha com necessidade de higien', '2026-04-17 14:27:34.832215+00', '2026-04-17 14:28:43.084131+00', NULL, NULL, NULL, NULL),
	('88fda944-73e5-42cd-9812-17e2ff8e5f5e', 'ba6e003b-10d7-4673-b565-c3cdb2113dc2', 'c1ee0019-9c0b-4ef8-bb6d-6bb9bd380b00', 'conforme', NULL, '2026-04-20 22:13:57.500313+00', '2026-04-20 22:13:57.500313+00', NULL, NULL, NULL, NULL),
	('9c681c42-9939-4685-9393-1ccf67a9f824', 'ba6e003b-10d7-4673-b565-c3cdb2113dc2', 'c1ee0018-9c0b-4ef8-bb6d-6bb9bd380b00', 'conforme', NULL, '2026-04-20 22:14:01.046868+00', '2026-04-20 22:14:01.046868+00', NULL, NULL, NULL, NULL),
	('45607f04-6e0a-4379-bb84-df5dc078da74', 'ba6e003b-10d7-4673-b565-c3cdb2113dc2', 'c1ee0017-9c0b-4ef8-bb6d-6bb9bd380b00', 'conforme', NULL, '2026-04-20 22:14:05.505362+00', '2026-04-20 22:14:05.505362+00', NULL, NULL, NULL, NULL),
	('f7797fa0-51b9-4f5a-8a90-47eb153cb099', 'ba6e003b-10d7-4673-b565-c3cdb2113dc2', 'c1ee0015-9c0b-4ef8-bb6d-6bb9bd380b00', 'conforme', NULL, '2026-04-20 22:14:17.507763+00', '2026-04-20 22:14:17.507763+00', NULL, NULL, NULL, NULL),
	('8c85c3af-2671-4a42-83a1-77e710d5cb33', 'ba6e003b-10d7-4673-b565-c3cdb2113dc2', 'c1ee0029-9c0b-4ef8-bb6d-6bb9bd380b00', 'conforme', NULL, '2026-04-20 22:18:53.85756+00', '2026-04-20 22:18:53.85756+00', NULL, NULL, NULL, NULL),
	('7c01aaf6-68ce-4e9c-8e0e-23b18c04b04b', 'd53f03bb-5eaf-4f4c-8fe0-1a427bc43fc3', 'c1ee0024-9c0b-4ef8-bb6d-6bb9bd380b00', 'nc', 'Sushi: Pasta de Wasabi vencida', '2026-04-22 11:47:05.597899+00', '2026-04-22 12:27:36.889513+00', NULL, NULL, NULL, NULL),
	('404efa48-3e78-409b-b9ed-b179db816dd8', 'ba6e003b-10d7-4673-b565-c3cdb2113dc2', 'c1ee0030-9c0b-4ef8-bb6d-6bb9bd380b00', 'conforme', NULL, '2026-04-20 22:18:51.852372+00', '2026-04-20 22:19:05.302699+00', NULL, NULL, NULL, NULL),
	('8f99864e-5eb6-4d77-8c39-2d8703d99c44', '79821a47-fd13-4de9-a9d1-4bf23648042a', 'c1ee0042-9c0b-4ef8-bb6d-6bb9bd380b00', 'conforme', NULL, '2026-04-23 18:17:00.805398+00', '2026-04-23 18:17:00.805398+00', NULL, NULL, NULL, NULL),
	('4d9d928c-9183-48f0-9438-a39b8356fa53', '7c72b34f-dbaf-452a-868f-67865650609d', 'c1ee0019-9c0b-4ef8-bb6d-6bb9bd380b00', 'conforme', NULL, '2026-04-17 14:33:05.040801+00', '2026-04-17 14:33:05.040801+00', NULL, NULL, NULL, NULL),
	('c6ce1e15-4a32-400b-b91c-c0fdd18a9c0c', 'ba6e003b-10d7-4673-b565-c3cdb2113dc2', 'c1ee0016-9c0b-4ef8-bb6d-6bb9bd380b00', 'nc', 'Produtos com etiqueta vencida, sem identificação e com identificação ilegível', '2026-04-20 22:14:09.620832+00', '2026-04-20 22:16:32.671481+00', NULL, NULL, NULL, NULL),
	('dade3933-0614-47c0-ac83-ab15b0b86197', 'ba6e003b-10d7-4673-b565-c3cdb2113dc2', 'c1ee0009-9c0b-4ef8-bb6d-6bb9bd380b00', 'nc', 'Observo colaborador Vinícius, realizando a higienização das prateleiras da câmara fria.            
Oriento higienização do microondas', '2026-04-20 22:07:52.385492+00', '2026-04-20 22:11:55.836411+00', NULL, NULL, NULL, NULL),
	('2f410424-b67d-4763-b6c0-11ac6cc2ad2e', 'ba6e003b-10d7-4673-b565-c3cdb2113dc2', 'c1ee0028-9c0b-4ef8-bb6d-6bb9bd380b00', 'conforme', NULL, '2026-04-20 22:17:13.143705+00', '2026-04-20 22:17:13.143705+00', NULL, NULL, NULL, NULL),
	('c0ac46f7-ad37-411c-956a-3d2c2a0eea4f', 'ba6e003b-10d7-4673-b565-c3cdb2113dc2', 'c1ee0027-9c0b-4ef8-bb6d-6bb9bd380b00', 'conforme', NULL, '2026-04-20 22:17:19.84717+00', '2026-04-20 22:17:19.84717+00', NULL, NULL, NULL, NULL),
	('4f7353a5-b1c5-4787-b05d-318b37480288', 'ba6e003b-10d7-4673-b565-c3cdb2113dc2', 'c1ee0026-9c0b-4ef8-bb6d-6bb9bd380b00', 'conforme', NULL, '2026-04-20 22:17:21.982286+00', '2026-04-20 22:17:21.982286+00', NULL, NULL, NULL, NULL),
	('7fee5504-fde2-4ff7-b741-a5d7b60818f1', 'ba6e003b-10d7-4673-b565-c3cdb2113dc2', 'c1ee0025-9c0b-4ef8-bb6d-6bb9bd380b00', 'conforme', NULL, '2026-04-20 22:17:25.75122+00', '2026-04-20 22:17:25.75122+00', NULL, NULL, NULL, NULL),
	('4aea6098-408f-4b35-b762-e4c7ae4aae8b', 'ba6e003b-10d7-4673-b565-c3cdb2113dc2', 'c1ee0024-9c0b-4ef8-bb6d-6bb9bd380b00', 'conforme', NULL, '2026-04-20 22:17:30.021036+00', '2026-04-20 22:17:30.021036+00', NULL, NULL, NULL, NULL),
	('87c5ac55-059c-4214-9661-7aaf5a2bc47e', 'ba6e003b-10d7-4673-b565-c3cdb2113dc2', 'c1ee0023-9c0b-4ef8-bb6d-6bb9bd380b00', 'conforme', NULL, '2026-04-20 22:17:41.913647+00', '2026-04-20 22:17:41.913647+00', NULL, NULL, NULL, NULL),
	('cb53d901-5f80-4bb3-82a2-f20ccde9b132', 'ba6e003b-10d7-4673-b565-c3cdb2113dc2', 'c1ee0022-9c0b-4ef8-bb6d-6bb9bd380b00', 'conforme', NULL, '2026-04-20 22:17:50.272191+00', '2026-04-20 22:17:50.272191+00', NULL, NULL, NULL, NULL),
	('862ce2b6-7ee8-418a-8957-641af9ddc519', 'd9e864b2-8839-43ec-95cd-250aa6f37913', 'c1ee0005-9c0b-4ef8-bb6d-6bb9bd380b00', 'nc', 'Ralo proxim câmara de lixo sem sistema abre e fecha', '2026-04-17 14:31:35.858265+00', '2026-04-17 14:34:09.821444+00', NULL, NULL, NULL, NULL),
	('d7e21da6-e1de-41fc-84f4-59331bba3972', 'd9e864b2-8839-43ec-95cd-250aa6f37913', 'c1ee0008-9c0b-4ef8-bb6d-6bb9bd380b00', 'conforme', NULL, '2026-04-17 14:40:37.984333+00', '2026-04-17 14:40:37.984333+00', NULL, NULL, NULL, NULL),
	('4ae8e0a0-a42d-49cf-8d10-d0d98867e3a9', 'd9e864b2-8839-43ec-95cd-250aa6f37913', 'c1ee0007-9c0b-4ef8-bb6d-6bb9bd380b00', 'nc', NULL, '2026-04-17 14:40:44.082753+00', '2026-04-17 14:40:44.082753+00', NULL, NULL, NULL, NULL),
	('337bfa6e-677d-4916-a05f-62d6afd77459', '6f10303a-6ca7-4a24-9037-c0d68d6bc3a9', 'c1ee0005-9c0b-4ef8-bb6d-6bb9bd380b00', 'conforme', NULL, '2026-04-24 01:03:34.996015+00', '2026-04-24 01:03:34.996015+00', NULL, NULL, NULL, NULL),
	('28358f4c-c64b-496a-a955-5770c72a73a3', 'ba6e003b-10d7-4673-b565-c3cdb2113dc2', 'c1ee0010-9c0b-4ef8-bb6d-6bb9bd380b00', 'nc', 'Oriento higienização dos recipientes com farinha', '2026-04-20 22:12:00.308537+00', '2026-04-20 22:12:36.406274+00', NULL, NULL, NULL, NULL),
	('4dcf20cd-ba86-4633-80e6-ecd987f33e1f', 'ba6e003b-10d7-4673-b565-c3cdb2113dc2', 'c1ee0011-9c0b-4ef8-bb6d-6bb9bd380b00', 'conforme', NULL, '2026-04-20 22:12:42.780391+00', '2026-04-20 22:12:42.780391+00', NULL, NULL, NULL, NULL),
	('3659bd5e-bb13-4958-8790-bae36086855f', 'ba6e003b-10d7-4673-b565-c3cdb2113dc2', 'c1ee0012-9c0b-4ef8-bb6d-6bb9bd380b00', 'conforme', NULL, '2026-04-20 22:12:47.373702+00', '2026-04-20 22:12:47.373702+00', NULL, NULL, NULL, NULL),
	('5ca4e61e-5ef0-4d95-8974-ba102d7301b1', 'ba6e003b-10d7-4673-b565-c3cdb2113dc2', 'c1ee0021-9c0b-4ef8-bb6d-6bb9bd380b00', 'conforme', NULL, '2026-04-20 22:17:54.341279+00', '2026-04-20 22:17:54.341279+00', NULL, NULL, NULL, NULL),
	('63b24c3c-20b9-4f44-99a8-f8957fba8322', 'ba6e003b-10d7-4673-b565-c3cdb2113dc2', 'c1ee0020-9c0b-4ef8-bb6d-6bb9bd380b00', 'conforme', NULL, '2026-04-20 22:17:56.943357+00', '2026-04-20 22:17:56.943357+00', NULL, NULL, NULL, NULL),
	('5480ea9b-90f1-4f62-b837-80ecff21e9f7', 'ba6e003b-10d7-4673-b565-c3cdb2113dc2', 'c1ee0043-9c0b-4ef8-bb6d-6bb9bd380b00', 'conforme', NULL, '2026-04-20 22:18:04.956109+00', '2026-04-20 22:18:04.956109+00', NULL, NULL, NULL, NULL),
	('35411bcc-51d5-41d0-8974-225360a1b75e', 'ba6e003b-10d7-4673-b565-c3cdb2113dc2', 'c1ee0042-9c0b-4ef8-bb6d-6bb9bd380b00', 'conforme', NULL, '2026-04-20 22:18:06.935889+00', '2026-04-20 22:18:06.935889+00', NULL, NULL, NULL, NULL),
	('2a41f0cb-fc00-415d-b525-2c0614c86dd2', 'ba6e003b-10d7-4673-b565-c3cdb2113dc2', 'c1ee0041-9c0b-4ef8-bb6d-6bb9bd380b00', 'conforme', NULL, '2026-04-20 22:18:12.271381+00', '2026-04-20 22:18:12.271381+00', NULL, NULL, NULL, NULL),
	('1f97208a-a2cb-428e-ac7b-b470a9358980', 'ba6e003b-10d7-4673-b565-c3cdb2113dc2', 'c1ee0040-9c0b-4ef8-bb6d-6bb9bd380b00', 'conforme', NULL, '2026-04-20 22:18:15.783935+00', '2026-04-20 22:18:15.783935+00', NULL, NULL, NULL, NULL),
	('5e4ad8af-fb8a-4920-af22-b6c37e81dc88', 'ba6e003b-10d7-4673-b565-c3cdb2113dc2', 'c1ee0039-9c0b-4ef8-bb6d-6bb9bd380b00', 'conforme', NULL, '2026-04-20 22:18:19.02807+00', '2026-04-20 22:18:19.02807+00', NULL, NULL, NULL, NULL),
	('76b73d49-54ea-4257-b9c1-ee6f7e36deb0', 'ba6e003b-10d7-4673-b565-c3cdb2113dc2', 'c1ee0038-9c0b-4ef8-bb6d-6bb9bd380b00', 'conforme', NULL, '2026-04-20 22:18:23.625184+00', '2026-04-20 22:18:25.199788+00', NULL, NULL, NULL, NULL),
	('2156ae36-4829-493d-85d7-98cf2ce425b5', 'ba6e003b-10d7-4673-b565-c3cdb2113dc2', 'c1ee0037-9c0b-4ef8-bb6d-6bb9bd380b00', 'conforme', NULL, '2026-04-20 22:18:30.557529+00', '2026-04-20 22:18:30.557529+00', NULL, NULL, NULL, NULL),
	('db9929bf-d3ea-4599-b651-b3b7afa10561', 'd53f03bb-5eaf-4f4c-8fe0-1a427bc43fc3', 'c1ee0007-9c0b-4ef8-bb6d-6bb9bd380b00', 'conforme', NULL, '2026-04-22 12:30:43.054534+00', '2026-04-22 12:30:43.054534+00', NULL, NULL, NULL, NULL),
	('7f366d39-cac3-4c6d-b3a6-f6075ab9bac2', 'd53f03bb-5eaf-4f4c-8fe0-1a427bc43fc3', 'c1ee0005-9c0b-4ef8-bb6d-6bb9bd380b00', 'conforme', NULL, '2026-04-22 12:30:37.024927+00', '2026-04-22 12:30:37.024927+00', NULL, NULL, NULL, NULL),
	('c1b78763-9f56-4e41-b63f-4e57e7272ad8', 'd53f03bb-5eaf-4f4c-8fe0-1a427bc43fc3', 'c1ee0006-9c0b-4ef8-bb6d-6bb9bd380b00', 'conforme', NULL, '2026-04-22 12:30:39.618954+00', '2026-04-22 12:30:39.618954+00', NULL, NULL, NULL, NULL),
	('e0d2e833-1f9f-43a4-9eb3-14bccd43b552', 'd53f03bb-5eaf-4f4c-8fe0-1a427bc43fc3', 'c1ee0001-9c0b-4ef8-bb6d-6bb9bd380b00', 'nc', 'Peixaria: Oriento higienização da parede e rodapé ao lado da máquina de gelo.', '2026-04-22 12:30:21.78564+00', '2026-04-22 12:33:07.19867+00', NULL, NULL, NULL, NULL),
	('d9cdffff-a1ff-4916-abbd-48373df5625c', 'd53f03bb-5eaf-4f4c-8fe0-1a427bc43fc3', 'c1ee0002-9c0b-4ef8-bb6d-6bb9bd380b00', 'conforme', NULL, '2026-04-22 12:33:28.67337+00', '2026-04-22 12:33:28.67337+00', NULL, NULL, NULL, NULL),
	('5827068f-1a25-4efc-a39b-b24e4bb53471', 'd53f03bb-5eaf-4f4c-8fe0-1a427bc43fc3', 'c1ee0003-9c0b-4ef8-bb6d-6bb9bd380b00', 'conforme', NULL, '2026-04-22 12:33:30.444546+00', '2026-04-22 12:33:30.444546+00', NULL, NULL, NULL, NULL),
	('5a0c6e06-6339-4354-81c1-31dfbc9c0934', 'd53f03bb-5eaf-4f4c-8fe0-1a427bc43fc3', 'c1ee0004-9c0b-4ef8-bb6d-6bb9bd380b00', 'na', NULL, '2026-04-22 12:33:35.572436+00', '2026-04-22 12:33:50.225379+00', NULL, 'Não possui janelas.', NULL, NULL),
	('56126b1e-64aa-4937-906c-c4dbf1680a16', 'd53f03bb-5eaf-4f4c-8fe0-1a427bc43fc3', 'c1ee0009-9c0b-4ef8-bb6d-6bb9bd380b00', 'nc', 'Sushi: Oriento higienização da geladeira.              
  Peixaria: Máquina para triturar gelo com sujidades', '2026-04-22 11:45:10.095233+00', '2026-04-22 13:55:58.438472+00', NULL, NULL, NULL, NULL),
	('ab7d1582-d73a-4b24-ab6d-552bafbc5c79', 'd53f03bb-5eaf-4f4c-8fe0-1a427bc43fc3', 'c1ee0011-9c0b-4ef8-bb6d-6bb9bd380b00', 'conforme', NULL, '2026-04-22 12:36:12.933016+00', '2026-04-22 12:36:12.933016+00', NULL, NULL, NULL, NULL),
	('5aa25e27-316b-41d2-88f5-ffbbed1a0c94', '79821a47-fd13-4de9-a9d1-4bf23648042a', 'c1ee0043-9c0b-4ef8-bb6d-6bb9bd380b00', 'conforme', NULL, '2026-04-23 18:17:11.701684+00', '2026-04-23 18:17:11.701684+00', NULL, NULL, NULL, NULL),
	('e74e930d-ef5e-4ba4-a326-fa9ddb62433b', 'd53f03bb-5eaf-4f4c-8fe0-1a427bc43fc3', 'c1ee0010-9c0b-4ef8-bb6d-6bb9bd380b00', 'nc', 'Peixaria: Oriento higienização das tampas acondicionadas em prateleira inferior.', '2026-04-22 12:35:27.701223+00', '2026-04-22 13:56:06.595301+00', NULL, NULL, NULL, NULL),
	('c1739f85-556b-455b-8f86-f0395cb7c643', '93ef12b4-7531-4114-a4f3-aaa555d42a52', 'c1ee0036-9c0b-4ef8-bb6d-6bb9bd380b00', 'conforme', NULL, '2026-04-23 21:50:45.437042+00', '2026-04-23 23:39:07.307814+00', NULL, NULL, NULL, NULL),
	('1c5b26f4-ffbf-49db-af88-a347eaefb7ad', '93ef12b4-7531-4114-a4f3-aaa555d42a52', 'c1ee0032-9c0b-4ef8-bb6d-6bb9bd380b00', 'conforme', NULL, '2026-04-23 21:50:51.187951+00', '2026-04-23 23:39:07.758637+00', NULL, NULL, NULL, NULL),
	('5393f688-8545-49ce-bad1-76fbcb08fdf5', '93ef12b4-7531-4114-a4f3-aaa555d42a52', 'c1ee0018-9c0b-4ef8-bb6d-6bb9bd380b00', 'nc', 'teste', '2026-04-23 21:51:39.94501+00', '2026-04-23 23:39:09.078939+00', NULL, NULL, NULL, NULL),
	('46952e2c-f31c-4d3f-8fdd-8a724f9ed22d', '93ef12b4-7531-4114-a4f3-aaa555d42a52', 'c1ee0016-9c0b-4ef8-bb6d-6bb9bd380b00', 'conforme', NULL, '2026-04-23 21:51:47.344251+00', '2026-04-23 23:39:09.692704+00', NULL, NULL, NULL, NULL),
	('62a306fc-989e-4956-a9f7-d8311c15bc71', '581bafb3-ffe1-4d21-816a-1cd6a26b5ba8', 'c1ee0025-9c0b-4ef8-bb6d-6bb9bd380b00', 'nc', 'Reoriento manter perfex e papel toalha protegidos', '2026-04-23 18:37:34.098134+00', '2026-04-23 18:45:30.587481+00', NULL, NULL, NULL, NULL),
	('08843415-a420-4990-9a17-ce1589e06a5b', '93ef12b4-7531-4114-a4f3-aaa555d42a52', 'c1ee0015-9c0b-4ef8-bb6d-6bb9bd380b00', 'conforme', NULL, '2026-04-23 21:51:49.590193+00', '2026-04-23 23:39:10.076454+00', NULL, NULL, NULL, NULL),
	('f3740c76-cb1d-41da-887a-c475862c3053', '825f68f4-5a51-4861-b1f2-cf46fe8ac852', 'c1ee0001-9c0b-4ef8-bb6d-6bb9bd380b00', 'conforme', NULL, '2026-04-24 15:03:51.379893+00', '2026-04-24 15:27:43.107049+00', NULL, NULL, NULL, NULL),
	('ac3812c6-fbcf-49bb-bfbb-a9456aad2b82', '825f68f4-5a51-4861-b1f2-cf46fe8ac852', 'c1ee0014-9c0b-4ef8-bb6d-6bb9bd380b00', 'nc', 'Cozinha: lixeira quebrada, sem tampa.', '2026-04-24 15:08:21.272857+00', '2026-04-24 15:27:45.235174+00', NULL, NULL, NULL, NULL),
	('00f53db1-47b6-4f9f-9747-859880f27104', '825f68f4-5a51-4861-b1f2-cf46fe8ac852', 'c1ee0028-9c0b-4ef8-bb6d-6bb9bd380b00', 'conforme', NULL, '2026-04-24 15:16:51.878781+00', '2026-04-24 15:27:46.323741+00', NULL, 'Entro em contato com empresa responsável pela coleta de óleo, aguardando galão para armazenar o óleo destinado ao descarte.', NULL, NULL),
	('fbed6ec7-09f7-4528-98c5-b53b1450513d', 'bd32c131-09ae-4c79-97fd-69dd8dcf3806', 'c1ee0002-9c0b-4ef8-bb6d-6bb9bd380b00', 'conforme', NULL, '2026-04-24 16:51:16.268187+00', '2026-04-24 16:57:58.673209+00', NULL, NULL, NULL, NULL),
	('68851202-82b7-4ab9-aa1b-95109f29d4e8', 'bd32c131-09ae-4c79-97fd-69dd8dcf3806', 'c1ee0005-9c0b-4ef8-bb6d-6bb9bd380b00', 'conforme', NULL, '2026-04-24 16:51:20.772713+00', '2026-04-24 16:57:59.107286+00', NULL, NULL, NULL, NULL),
	('97983322-d213-49fd-8e9b-07c8051f7572', '66b495bc-4311-4809-90c6-a8b149f70302', 'c1ee0012-9c0b-4ef8-bb6d-6bb9bd380b00', 'conforme', NULL, '2026-04-27 13:07:08.025928+00', '2026-04-27 13:22:46.394791+00', NULL, NULL, NULL, NULL),
	('f3ccb105-5ebe-4c02-9fd7-fb133cc1b7b3', '93ef12b4-7531-4114-a4f3-aaa555d42a52', 'c1ee0021-9c0b-4ef8-bb6d-6bb9bd380b00', 'conforme', NULL, '2026-04-23 21:51:59.925529+00', '2026-04-23 23:39:10.418665+00', NULL, NULL, NULL, NULL),
	('ebd76236-8b97-4eaa-b03c-28bcd8d5cd7e', '93ef12b4-7531-4114-a4f3-aaa555d42a52', 'c1ee0022-9c0b-4ef8-bb6d-6bb9bd380b00', 'conforme', NULL, '2026-04-23 21:52:01.200417+00', '2026-04-23 23:39:10.759542+00', NULL, NULL, NULL, NULL),
	('a5332b65-295a-441d-b941-67af115c31f7', '93ef12b4-7531-4114-a4f3-aaa555d42a52', 'c1ee0025-9c0b-4ef8-bb6d-6bb9bd380b00', 'nc', 'testes', '2026-04-23 21:52:06.672849+00', '2026-04-23 23:39:11.114245+00', NULL, NULL, NULL, NULL),
	('cafb788d-7566-4fd5-9462-278c6b130f7b', '93ef12b4-7531-4114-a4f3-aaa555d42a52', 'c1ee0026-9c0b-4ef8-bb6d-6bb9bd380b00', 'nc', 'teste', '2026-04-23 21:52:10.164182+00', '2026-04-23 23:39:11.633365+00', NULL, NULL, NULL, NULL),
	('2d77e577-75bb-4dc5-9f40-11b8092bc676', '6f10303a-6ca7-4a24-9037-c0d68d6bc3a9', 'c1ee0007-9c0b-4ef8-bb6d-6bb9bd380b00', 'conforme', NULL, '2026-04-24 01:03:37.353566+00', '2026-04-24 01:03:37.353566+00', NULL, NULL, NULL, NULL),
	('24ff700b-d515-4ef9-ae00-78d768a44169', '6f10303a-6ca7-4a24-9037-c0d68d6bc3a9', 'c1ee0013-9c0b-4ef8-bb6d-6bb9bd380b00', 'nc', 'B', '2026-04-24 01:03:57.626408+00', '2026-04-24 01:04:28.949422+00', NULL, NULL, NULL, NULL),
	('47bbbee3-d6d1-4444-ac8c-329590a300cb', 'c662d9fe-ee16-4e21-9b83-3ec499f50ca2', 'c1ee0001-9c0b-4ef8-bb6d-6bb9bd380b00', 'nc', 'texto de nao conformesff  ssffdfdfge', '2026-04-24 16:32:18.204694+00', '2026-04-24 16:43:16.750475+00', NULL, 'plano e açao para resolver NC', NULL, NULL),
	('d2ffc659-276e-4d01-96df-60e0235bee79', '66b495bc-4311-4809-90c6-a8b149f70302', 'c1ee0037-9c0b-4ef8-bb6d-6bb9bd380b00', 'conforme', NULL, '2026-04-27 13:19:12.948968+00', '2026-04-27 13:22:58.858021+00', NULL, 'Realizado: 22/04/26 Validade: 22/10/26', NULL, NULL),
	('945543fc-f5b0-4f31-9d46-6d6559dba0e7', '66b495bc-4311-4809-90c6-a8b149f70302', 'c1ee0038-9c0b-4ef8-bb6d-6bb9bd380b00', 'conforme', NULL, '2026-04-27 13:19:32.86869+00', '2026-04-27 13:22:59.597239+00', NULL, 'Realizado: 19/03/26 Validade: 19/06/26', NULL, NULL),
	('baa9358d-c27e-447f-b993-c3c3c72a097f', '66b495bc-4311-4809-90c6-a8b149f70302', 'c1ee0039-9c0b-4ef8-bb6d-6bb9bd380b00', 'conforme', NULL, '2026-04-27 13:20:04.905648+00', '2026-04-27 13:23:00.050235+00', NULL, 'Validade: 03/27', NULL, NULL),
	('be9c9467-3789-4625-b78b-a66513d2ff1a', '1274ff95-df92-4d35-b794-0b851b6a099b', 'c1ee0010-9c0b-4ef8-bb6d-6bb9bd380b00', 'nc', 'Itens em desuso deve ser retirado do setor.', '2026-04-28 20:00:35.788283+00', '2026-04-28 20:15:39.243722+00', NULL, NULL, NULL, NULL),
	('6e6a17d2-ba0c-4259-b3e7-b8a886e2de2c', '7374c257-0c0a-4833-8a61-74f7074e15f9', 'c1ee0036-9c0b-4ef8-bb6d-6bb9bd380b00', 'nc', 'Precisa encaminhar uma amostra da água utilizada na produção para análise laboratorial.', '2026-04-29 20:47:58.584934+00', '2026-04-30 22:38:42.062952+00', NULL, NULL, NULL, NULL),
	('3825cee1-abec-4739-b3ff-b34c9f6a974c', '4bb108ed-6365-48df-8620-f5dc447d308a', 'c1ee0001-9c0b-4ef8-bb6d-6bb9bd380b00', 'conforme', NULL, '2026-04-29 12:16:53.710696+00', '2026-04-29 12:30:47.162159+00', NULL, 'teste do texto de conformidade', NULL, NULL),
	('80f77684-b3e8-42f2-8d83-0d8393f958f8', '4bb108ed-6365-48df-8620-f5dc447d308a', 'c1ee0005-9c0b-4ef8-bb6d-6bb9bd380b00', 'na', NULL, '2026-04-29 12:18:16.435949+00', '2026-04-29 12:30:50.975832+00', NULL, NULL, NULL, NULL),
	('52f653ee-cd6c-4508-98c3-dcce71565c94', '4bb108ed-6365-48df-8620-f5dc447d308a', 'c1ee0015-9c0b-4ef8-bb6d-6bb9bd380b00', 'conforme', NULL, '2026-04-29 12:22:26.067759+00', '2026-04-29 12:30:57.173848+00', NULL, NULL, NULL, NULL),
	('6ec9ce78-f8bb-465a-b8e8-742482764308', '4bb108ed-6365-48df-8620-f5dc447d308a', 'c1ee0018-9c0b-4ef8-bb6d-6bb9bd380b00', 'nc', 'lsof -i :3000,:5000', '2026-04-29 12:22:31.702152+00', '2026-04-29 12:30:58.305652+00', NULL, NULL, NULL, NULL),
	('f81f6d71-bd70-41ad-9b9c-cc529e43cce9', '4bb108ed-6365-48df-8620-f5dc447d308a', 'c1ee0019-9c0b-4ef8-bb6d-6bb9bd380b00', 'nc', 'lsof -i :3000,:5000', '2026-04-29 12:22:41.128061+00', '2026-04-29 12:30:58.832923+00', NULL, 'lsof -i :3000,:5000', NULL, NULL),
	('e64c9280-1a11-4d92-bebf-9c3c03959c6b', '4bb108ed-6365-48df-8620-f5dc447d308a', 'c1ee0023-9c0b-4ef8-bb6d-6bb9bd380b00', 'conforme', NULL, '2026-04-29 12:23:26.990716+00', '2026-04-29 12:31:02.180488+00', NULL, NULL, NULL, NULL),
	('25a9f16b-7984-46d6-9e1e-c184045ae3af', '7374c257-0c0a-4833-8a61-74f7074e15f9', 'c1ee0034-9c0b-4ef8-bb6d-6bb9bd380b00', 'conforme', NULL, '2026-04-29 20:47:07.271154+00', '2026-04-30 22:38:48.282803+00', NULL, 'Em atualização.', NULL, NULL),
	('b70cafaf-74f5-4926-8c51-743432274780', '4bb108ed-6365-48df-8620-f5dc447d308a', 'c1ee0043-9c0b-4ef8-bb6d-6bb9bd380b00', 'conforme', NULL, '2026-04-29 12:27:52.797097+00', '2026-04-29 12:31:13.789271+00', NULL, NULL, NULL, NULL),
	('50a57d1e-7287-4b3e-a1f7-e7f43f3ba128', '505b9ed0-91f9-46bf-b12e-45050c262c5e', 'c1ee0011-9c0b-4ef8-bb6d-6bb9bd380b00', 'conforme', NULL, '2026-04-29 13:22:37.479088+00', '2026-04-29 13:23:28.152984+00', NULL, NULL, NULL, NULL),
	('75866579-b77f-4d1f-ad12-219551bba22c', '66b495bc-4311-4809-90c6-a8b149f70302', 'c1ee0001-9c0b-4ef8-bb6d-6bb9bd380b00', 'nc', 'Piso com presença de ferrugem.', '2026-04-27 13:05:35.171761+00', '2026-04-27 13:22:44.066486+00', NULL, NULL, NULL, NULL),
	('56c0800d-4f5b-4a09-b8b6-0da319836ef9', '66b495bc-4311-4809-90c6-a8b149f70302', 'c1ee0010-9c0b-4ef8-bb6d-6bb9bd380b00', 'conforme', NULL, '2026-04-27 13:07:02.393452+00', '2026-04-27 13:22:45.390223+00', NULL, NULL, NULL, NULL),
	('733e3c64-56cd-400e-b939-2abcf6731a0f', '66b495bc-4311-4809-90c6-a8b149f70302', 'c1ee0011-9c0b-4ef8-bb6d-6bb9bd380b00', 'conforme', NULL, '2026-04-27 13:07:06.422296+00', '2026-04-27 13:22:45.978832+00', NULL, NULL, NULL, NULL),
	('a697cef5-1f86-4f3c-a428-8cbe3a742d25', '7374c257-0c0a-4833-8a61-74f7074e15f9', 'c1ee0033-9c0b-4ef8-bb6d-6bb9bd380b00', 'conforme', NULL, '2026-04-29 20:46:44.479616+00', '2026-04-30 22:38:47.138076+00', NULL, NULL, '2026-07-05', NULL),
	('fab2780f-55d5-43f6-a548-9259dbb210ab', '84bc67c9-adb9-495e-8108-2e883b8b11c4', 'c1ee0004-9c0b-4ef8-bb6d-6bb9bd380b00', 'conforme', NULL, '2026-04-29 18:45:14.462573+00', '2026-04-29 20:04:41.835678+00', NULL, NULL, NULL, NULL),
	('90a3fd81-1766-4837-8a0c-8d8c646e9928', '84bc67c9-adb9-495e-8108-2e883b8b11c4', 'c1ee0005-9c0b-4ef8-bb6d-6bb9bd380b00', 'nc', 'Ralo do bar sem proteção', '2026-04-29 18:45:22.129389+00', '2026-04-29 20:04:42.284619+00', NULL, NULL, NULL, NULL),
	('7819aeb2-d9cc-48bf-895d-2e0c91a0bbad', '505b9ed0-91f9-46bf-b12e-45050c262c5e', 'c1ee0025-9c0b-4ef8-bb6d-6bb9bd380b00', 'nc', 'Cozinha: Edamomo sem proteção na geladeira, realizo adequação.', '2026-04-29 13:26:56.447276+00', '2026-04-29 13:29:54.877036+00', NULL, NULL, NULL, NULL),
	('dd02ad53-2d15-43b8-924b-bfc5767f495a', '84bc67c9-adb9-495e-8108-2e883b8b11c4', 'c1ee0021-9c0b-4ef8-bb6d-6bb9bd380b00', 'conforme', NULL, '2026-04-29 19:03:59.523852+00', '2026-04-29 20:04:49.646476+00', NULL, NULL, NULL, NULL),
	('187fa97e-ad16-440c-959e-15ae30cc7d9a', '7374c257-0c0a-4833-8a61-74f7074e15f9', 'c1ee0041-9c0b-4ef8-bb6d-6bb9bd380b00', 'conforme', NULL, '2026-04-29 20:49:35.72258+00', '2026-04-30 22:38:51.92056+00', NULL, 'Validade indeterminada', NULL, NULL),
	('75e34582-792a-4dd6-8c66-377dcecfc152', '84bc67c9-adb9-495e-8108-2e883b8b11c4', 'c1ee0022-9c0b-4ef8-bb6d-6bb9bd380b00', 'nc', 'Observo funcionário sem sapato de proteção (cozinheiro Tião)', '2026-04-29 19:04:13.571808+00', '2026-04-29 20:04:50.052109+00', NULL, 'Está sendo pedido nova luva térmica e luva de malha de aço', NULL, NULL),
	('a28647bf-2e62-4037-81f9-327563555688', '84bc67c9-adb9-495e-8108-2e883b8b11c4', 'c1ee0040-9c0b-4ef8-bb6d-6bb9bd380b00', 'nc', 'Vencido desde 02/2024', '2026-04-29 19:31:16.563909+00', '2026-04-29 20:04:55.819516+00', NULL, NULL, NULL, NULL),
	('907c05fb-0c38-40ae-ab4f-e5cba4b9247a', '7374c257-0c0a-4833-8a61-74f7074e15f9', 'c1ee0032-9c0b-4ef8-bb6d-6bb9bd380b00', 'conforme', NULL, '2026-04-29 20:46:16.620069+00', '2026-04-30 22:38:44.769039+00', NULL, NULL, '2026-09-30', NULL),
	('4e8821b7-dc09-4c1e-832a-c5be4f62f610', '7374c257-0c0a-4833-8a61-74f7074e15f9', 'c1ee0038-9c0b-4ef8-bb6d-6bb9bd380b00', 'nc', 'É necessário programar a higienização da tubulação da coifa.', '2026-04-29 20:48:35.60719+00', '2026-04-30 22:38:50.457812+00', NULL, NULL, NULL, NULL),
	('b9114b10-889c-4f0f-afd1-14f9d826e5b8', '7374c257-0c0a-4833-8a61-74f7074e15f9', 'c1ee0007-9c0b-4ef8-bb6d-6bb9bd380b00', 'conforme', NULL, '2026-04-29 20:16:33.474761+00', '2026-04-30 22:38:49.356428+00', NULL, NULL, NULL, NULL),
	('bded9842-40fc-4441-b8a2-b7e664dc37e4', '7374c257-0c0a-4833-8a61-74f7074e15f9', 'c1ee0035-9c0b-4ef8-bb6d-6bb9bd380b00', 'conforme', NULL, '2026-04-29 20:47:33.631867+00', '2026-04-30 22:38:49.9642+00', NULL, NULL, '2026-10-03', NULL),
	('c5f3692b-4918-45ca-a4a2-fc3c5938b190', '7374c257-0c0a-4833-8a61-74f7074e15f9', 'c1ee0040-9c0b-4ef8-bb6d-6bb9bd380b00', 'nc', 'O termômetro utilizado na produção precisa ser calibrado, precisamos providenciar o certificado de calibração.', '2026-04-29 20:49:16.376794+00', '2026-04-30 22:38:51.441357+00', NULL, NULL, NULL, NULL),
	('a292f5d4-5903-4efa-ad1f-7e480f1d3ae9', '7374c257-0c0a-4833-8a61-74f7074e15f9', 'c1ee0039-9c0b-4ef8-bb6d-6bb9bd380b00', 'conforme', NULL, '2026-04-29 20:48:51.425361+00', '2026-04-30 22:38:50.925483+00', NULL, 'Validade: 09/2026', '2026-10-31', NULL),
	('cc864449-9b12-4d4d-b929-140eb0280799', 'd93aa2db-f094-4a24-9e76-71e30c8f4361', 'c1ee0041-9c0b-4ef8-bb6d-6bb9bd380b00', 'nc', 'Documento ausente.', '2026-04-30 17:04:15.876957+00', '2026-04-30 17:11:23.907462+00', NULL, NULL, NULL, NULL),
	('adeaf1ad-0a64-4788-8007-13bc619e9b9c', 'd93aa2db-f094-4a24-9e76-71e30c8f4361', 'c1ee0012-9c0b-4ef8-bb6d-6bb9bd380b00', 'nc', 'Calibração está vencida.', '2026-04-30 16:47:43.041806+00', '2026-04-30 17:10:51.950063+00', NULL, NULL, '2025-01-17', NULL),
	('82fe7061-92c1-4c34-8ad5-19cd3ffff66a', 'd93aa2db-f094-4a24-9e76-71e30c8f4361', 'c1ee0023-9c0b-4ef8-bb6d-6bb9bd380b00', 'conforme', NULL, '2026-04-30 16:55:27.828971+00', '2026-04-30 17:11:14.684103+00', NULL, NULL, NULL, NULL),
	('0c6d5a58-dc97-45df-aee2-585803b2a28b', 'e5819bf1-8a4e-4d7c-8b36-cc550bc6fedc', 'c1ee0007-9c0b-4ef8-bb6d-6bb9bd380b00', 'nc', 'Pia da produção sem lixeira.', '2026-05-04 13:40:14.401252+00', '2026-05-04 14:06:26.02293+00', NULL, NULL, NULL, NULL),
	('91bebd2f-fc48-4465-88d9-e55b9753b826', 'd53f03bb-5eaf-4f4c-8fe0-1a427bc43fc3', 'c1ee0012-9c0b-4ef8-bb6d-6bb9bd380b00', 'conforme', NULL, '2026-04-22 12:36:16.689811+00', '2026-04-22 12:36:16.689811+00', NULL, NULL, NULL, NULL),
	('a99be4bb-246b-452a-b3d2-28b12c785af9', 'd53f03bb-5eaf-4f4c-8fe0-1a427bc43fc3', 'c1ee0037-9c0b-4ef8-bb6d-6bb9bd380b00', 'conforme', NULL, '2026-04-22 12:54:57.338183+00', '2026-04-22 14:00:43.36382+00', NULL, 'Máquina de gelo
Realizado: 06/02/26 Validade: 06/08/26. 
Filtro Eletrolux  Validade:20/04/26, adequação será realizada hoje.', NULL, NULL),
	('0c622856-cb89-494d-8541-99ddbad8906b', 'd53f03bb-5eaf-4f4c-8fe0-1a427bc43fc3', 'c1ee0032-9c0b-4ef8-bb6d-6bb9bd380b00', 'nc', 'Documento ausente', '2026-04-22 12:46:33.542411+00', '2026-04-22 12:48:24.944491+00', NULL, NULL, NULL, NULL),
	('1055a393-be5f-4733-b7f9-7ea544f8f62a', 'd53f03bb-5eaf-4f4c-8fe0-1a427bc43fc3', 'c1ee0034-9c0b-4ef8-bb6d-6bb9bd380b00', 'conforme', NULL, '2026-04-22 12:51:51.054042+00', '2026-04-22 12:51:51.054042+00', NULL, NULL, NULL, NULL),
	('f6775f1c-ddb4-4590-9069-cd0148750366', '93ef12b4-7531-4114-a4f3-aaa555d42a52', 'c1ee0002-9c0b-4ef8-bb6d-6bb9bd380b00', 'nc', 'testes', '2026-04-23 18:19:43.241626+00', '2026-04-23 23:39:11.989874+00', NULL, NULL, NULL, NULL),
	('fa15f7d2-a374-4117-9d80-eb7ecfbc7fe3', 'd53f03bb-5eaf-4f4c-8fe0-1a427bc43fc3', 'c1ee0015-9c0b-4ef8-bb6d-6bb9bd380b00', 'conforme', NULL, '2026-04-22 12:41:58.894794+00', '2026-04-22 12:41:58.894794+00', NULL, NULL, NULL, NULL),
	('fabf7ffc-2e8d-49f7-9679-61895c0b8ee3', 'd53f03bb-5eaf-4f4c-8fe0-1a427bc43fc3', 'c1ee0027-9c0b-4ef8-bb6d-6bb9bd380b00', 'conforme', NULL, '2026-04-22 12:42:12.950374+00', '2026-04-22 12:42:12.950374+00', NULL, NULL, NULL, NULL),
	('ea0e8ac0-e213-4d87-88b2-9ed8cb51171a', 'd53f03bb-5eaf-4f4c-8fe0-1a427bc43fc3', 'c1ee0026-9c0b-4ef8-bb6d-6bb9bd380b00', 'conforme', NULL, '2026-04-22 12:42:14.65974+00', '2026-04-22 12:42:14.65974+00', NULL, NULL, NULL, NULL),
	('15ea1acb-a342-49ac-9ff8-bbedbcf5f284', 'd53f03bb-5eaf-4f4c-8fe0-1a427bc43fc3', 'c1ee0025-9c0b-4ef8-bb6d-6bb9bd380b00', 'conforme', NULL, '2026-04-22 12:42:16.55435+00', '2026-04-22 12:42:16.55435+00', NULL, NULL, NULL, NULL),
	('ed45a9b0-6087-46b5-a8cc-86a892a2af9c', 'd53f03bb-5eaf-4f4c-8fe0-1a427bc43fc3', 'c1ee0023-9c0b-4ef8-bb6d-6bb9bd380b00', 'conforme', NULL, '2026-04-22 12:42:27.508482+00', '2026-04-22 12:42:27.508482+00', NULL, NULL, NULL, NULL),
	('67c71417-623b-4174-9efa-83105a88b34a', 'a9703b99-425f-4858-8b3f-c3a063831335', 'c1ee0001-9c0b-4ef8-bb6d-6bb9bd380b00', 'conforme', NULL, '2026-04-22 16:04:00.250681+00', '2026-04-22 16:04:00.250681+00', NULL, NULL, NULL, NULL),
	('ee63b8e7-50bb-4d7a-bd3b-67a886448809', 'd53f03bb-5eaf-4f4c-8fe0-1a427bc43fc3', 'c1ee0014-9c0b-4ef8-bb6d-6bb9bd380b00', 'conforme', NULL, '2026-04-22 12:37:22.251508+00', '2026-04-22 12:37:22.251508+00', NULL, NULL, NULL, NULL),
	('5d5f12b0-4533-4ac4-9d58-ab39dfcf6ba7', 'd53f03bb-5eaf-4f4c-8fe0-1a427bc43fc3', 'c1ee0019-9c0b-4ef8-bb6d-6bb9bd380b00', 'conforme', NULL, '2026-04-22 12:37:30.604981+00', '2026-04-22 12:37:30.604981+00', NULL, NULL, NULL, NULL),
	('739c5557-5ba7-4273-8b08-9ee78c14effb', 'd53f03bb-5eaf-4f4c-8fe0-1a427bc43fc3', 'c1ee0018-9c0b-4ef8-bb6d-6bb9bd380b00', 'conforme', NULL, '2026-04-22 12:37:41.652534+00', '2026-04-22 12:37:41.652534+00', NULL, NULL, NULL, NULL),
	('18d33946-ee57-423f-81c5-493429c4a955', 'd53f03bb-5eaf-4f4c-8fe0-1a427bc43fc3', 'c1ee0022-9c0b-4ef8-bb6d-6bb9bd380b00', 'conforme', NULL, '2026-04-22 12:42:29.307395+00', '2026-04-22 12:42:29.307395+00', NULL, NULL, NULL, NULL),
	('61cd7c5c-68c1-4f0f-9dbb-0cd030299da3', 'd53f03bb-5eaf-4f4c-8fe0-1a427bc43fc3', 'c1ee0021-9c0b-4ef8-bb6d-6bb9bd380b00', 'conforme', NULL, '2026-04-22 12:42:33.283486+00', '2026-04-22 12:42:33.283486+00', NULL, NULL, NULL, NULL),
	('e74104bb-0711-4a72-83ee-a3b732e21044', 'd53f03bb-5eaf-4f4c-8fe0-1a427bc43fc3', 'c1ee0020-9c0b-4ef8-bb6d-6bb9bd380b00', 'conforme', NULL, '2026-04-22 12:42:34.496606+00', '2026-04-22 12:42:34.496606+00', NULL, NULL, NULL, NULL),
	('e27ec1e0-d622-4bdc-9180-6e7ee687f7aa', 'd53f03bb-5eaf-4f4c-8fe0-1a427bc43fc3', 'c1ee0028-9c0b-4ef8-bb6d-6bb9bd380b00', 'conforme', NULL, '2026-04-22 12:42:47.186632+00', '2026-04-22 12:42:47.186632+00', NULL, NULL, NULL, NULL),
	('057b8db8-ada2-404b-b613-5825c13c6312', 'd53f03bb-5eaf-4f4c-8fe0-1a427bc43fc3', 'c1ee0038-9c0b-4ef8-bb6d-6bb9bd380b00', 'nc', 'Último certificado venceu 12/04/26, limpeza programada para 24/04/26.', '2026-04-22 12:55:46.493464+00', '2026-04-22 13:54:31.967024+00', NULL, NULL, NULL, NULL),
	('7c0bc2fc-7fce-4c95-9601-51f633285c5f', 'd53f03bb-5eaf-4f4c-8fe0-1a427bc43fc3', 'c1ee0029-9c0b-4ef8-bb6d-6bb9bd380b00', 'conforme', NULL, '2026-04-22 12:43:03.209966+00', '2026-04-22 12:43:20.110888+00', NULL, 'Revisado: 10/2', NULL, NULL),
	('6dcb8322-be18-4e0a-a5d5-537a811677b1', 'a9703b99-425f-4858-8b3f-c3a063831335', 'c1ee0002-9c0b-4ef8-bb6d-6bb9bd380b00', 'conforme', NULL, '2026-04-22 16:04:18.22913+00', '2026-04-22 16:04:18.22913+00', NULL, NULL, NULL, NULL),
	('5fdcb5d6-6fb3-43a0-8d64-292cc9708969', 'd53f03bb-5eaf-4f4c-8fe0-1a427bc43fc3', 'c1ee0042-9c0b-4ef8-bb6d-6bb9bd380b00', 'conforme', NULL, '2026-04-22 13:01:36.394364+00', '2026-04-22 13:01:36.394364+00', NULL, NULL, NULL, NULL),
	('8bc809c6-7c21-467a-8d8e-9866035d59fa', 'd53f03bb-5eaf-4f4c-8fe0-1a427bc43fc3', 'c1ee0017-9c0b-4ef8-bb6d-6bb9bd380b00', 'nc', 'Caixas de papelão  sem proteção, realizo adequação.', '2026-04-22 12:37:45.541057+00', '2026-04-22 12:39:30.840306+00', NULL, NULL, NULL, NULL),
	('c954c252-9e5a-4eef-96f6-b9d3ed6cfab7', 'd53f03bb-5eaf-4f4c-8fe0-1a427bc43fc3', 'c1ee0039-9c0b-4ef8-bb6d-6bb9bd380b00', 'conforme', NULL, '2026-04-22 12:57:25.206505+00', '2026-04-22 13:54:38.604261+00', NULL, 'Realizado: 03/26 Validade: 03/26.', NULL, NULL),
	('99138cd1-8f09-4926-81bf-d767098ec035', 'd53f03bb-5eaf-4f4c-8fe0-1a427bc43fc3', 'c1ee0040-9c0b-4ef8-bb6d-6bb9bd380b00', 'conforme', NULL, '2026-04-22 12:57:27.56345+00', '2026-04-22 13:54:44.690606+00', NULL, 'Realizado: 16/10/25 Validade: 16/10/26.', NULL, NULL),
	('1ef7c368-1ef3-4bba-a0ef-157b084d4885', 'd53f03bb-5eaf-4f4c-8fe0-1a427bc43fc3', 'c1ee0041-9c0b-4ef8-bb6d-6bb9bd380b00', 'conforme', NULL, '2026-04-22 12:59:53.244288+00', '2026-04-22 13:54:48.163137+00', NULL, NULL, NULL, NULL),
	('a39683e4-b2ad-4384-a092-9c8d188cc4bb', 'd53f03bb-5eaf-4f4c-8fe0-1a427bc43fc3', 'c1ee0036-9c0b-4ef8-bb6d-6bb9bd380b00', 'conforme', NULL, '2026-04-22 12:54:21.58906+00', '2026-04-22 12:54:50.981741+00', NULL, 'Realizado: 16/10/25 Validade: 16/10/26', NULL, NULL),
	('220be7a1-7d2a-4c39-aef9-e09dcc35771f', 'd53f03bb-5eaf-4f4c-8fe0-1a427bc43fc3', 'c1ee0043-9c0b-4ef8-bb6d-6bb9bd380b00', 'conforme', NULL, '2026-04-22 13:00:40.275073+00', '2026-04-22 13:54:57.452946+00', NULL, 'Validade: 27/01/27.', NULL, NULL),
	('a2c8f959-125a-4398-b8f8-5b77212b6036', 'd53f03bb-5eaf-4f4c-8fe0-1a427bc43fc3', 'c1ee0008-9c0b-4ef8-bb6d-6bb9bd380b00', 'nc', 'Peixaria: preenchimento pendente desde dia 15/04, Lucas orientado quanto ao preenchimento', '2026-04-22 12:30:47.901049+00', '2026-04-22 13:55:42.145279+00', NULL, NULL, NULL, NULL),
	('55dce560-4aa6-4153-8424-e5efc2c7d823', 'd53f03bb-5eaf-4f4c-8fe0-1a427bc43fc3', 'c1ee0031-9c0b-4ef8-bb6d-6bb9bd380b00', 'conforme', NULL, '2026-04-22 12:46:31.045609+00', '2026-04-22 12:46:31.045609+00', NULL, NULL, NULL, NULL),
	('7aa3d2ad-a797-467b-beba-840dcc6a29ca', 'd53f03bb-5eaf-4f4c-8fe0-1a427bc43fc3', 'c1ee0013-9c0b-4ef8-bb6d-6bb9bd380b00', 'nc', 'Peixaria: Preenchimento pendente desde dia 15/04, Lucas orientado quanto ao preenchimento', '2026-04-22 11:40:57.149015+00', '2026-04-22 13:56:16.623559+00', NULL, NULL, NULL, NULL),
	('e7a0f19f-9603-4c73-9036-786aa5643a6e', 'a9703b99-425f-4858-8b3f-c3a063831335', 'c1ee0003-9c0b-4ef8-bb6d-6bb9bd380b00', 'conforme', NULL, '2026-04-22 16:04:26.561277+00', '2026-04-22 16:04:26.561277+00', NULL, NULL, NULL, NULL),
	('5b617f6a-5cb1-4f31-985b-0770b1ba09e7', 'd53f03bb-5eaf-4f4c-8fe0-1a427bc43fc3', 'c1ee0016-9c0b-4ef8-bb6d-6bb9bd380b00', 'nc', 'Estoque seco: 8 unidades de água tônica com vencimento de 11/25.
Câmara fria: 2 pacotes de legumes sem identificação.
Freezer piso superior: Pasta de Wasabi vencida 03/26 e alguns produtos do sushi sem identificação, Lucas orientado a realizar adequação.', '2026-04-22 12:38:12.935142+00', '2026-04-22 13:57:37.945902+00', NULL, NULL, NULL, NULL),
	('741196db-1ca0-4cde-86af-be277a82ca64', 'f1576d1c-fd3f-4e6f-b238-504f3e31c0ce', 'c1ee0004-9c0b-4ef8-bb6d-6bb9bd380b00', 'conforme', NULL, '2026-04-22 13:38:30.833926+00', '2026-04-22 13:40:24.668123+00', NULL, 'Observo pintura da janela do estoque como
medida corretiva para a incidência do sol nos produtos armazenados no estoque seco', NULL, NULL),
	('26136f2e-19f2-48b5-8e94-2e3fede62918', 'a9703b99-425f-4858-8b3f-c3a063831335', 'c1ee0010-9c0b-4ef8-bb6d-6bb9bd380b00', 'nc', 'Foi enviado uma lista solicitando utensílios novos, para trocar  pelos que não estão em boas cond', '2026-04-22 17:13:35.796133+00', '2026-04-22 17:14:58.172385+00', NULL, NULL, NULL, NULL),
	('2324d802-5d8a-48ce-9e4e-a1047bcc6258', 'd53f03bb-5eaf-4f4c-8fe0-1a427bc43fc3', 'c1ee0033-9c0b-4ef8-bb6d-6bb9bd380b00', 'conforme', NULL, '2026-04-22 12:51:54.239959+00', '2026-04-22 13:53:45.380727+00', NULL, 'Realizado: 06/04/26 Validade: 06/05/26.', NULL, NULL),
	('b8cf30aa-b03b-4394-ac1a-064aa15d3e7b', 'd53f03bb-5eaf-4f4c-8fe0-1a427bc43fc3', 'c1ee0035-9c0b-4ef8-bb6d-6bb9bd380b00', 'conforme', NULL, '2026-04-22 12:52:19.091266+00', '2026-04-22 13:53:53.814359+00', NULL, 'Realizado: 28/03/26 Validade: 28/09/26.', NULL, NULL),
	('c3a55be1-9a33-48a8-a9f0-44d9fa3bfcc1', 'd53f03bb-5eaf-4f4c-8fe0-1a427bc43fc3', 'c1ee0030-9c0b-4ef8-bb6d-6bb9bd380b00', 'conforme', NULL, '2026-04-22 12:43:38.125427+00', '2026-04-22 13:58:34.812275+00', NULL, 'Treinamento geral: 10/09/25
Orientações de Boas práticas e regras de  para novas colaboradoras em 13/02/26.', NULL, NULL),
	('adb33e21-0120-4d07-998f-ef149a95d708', 'a9703b99-425f-4858-8b3f-c3a063831335', 'c1ee0004-9c0b-4ef8-bb6d-6bb9bd380b00', 'nc', 'A janela não possui tela milimetrica, fica o tempo todo fechad', '2026-04-22 16:04:35.217165+00', '2026-04-22 17:12:51.899966+00', NULL, NULL, NULL, NULL),
	('6ff761f5-47c6-452b-97d5-591af34da999', 'a9703b99-425f-4858-8b3f-c3a063831335', 'c1ee0009-9c0b-4ef8-bb6d-6bb9bd380b00', 'conforme', NULL, '2026-04-22 17:13:27.96756+00', '2026-04-22 17:13:27.96756+00', NULL, NULL, NULL, NULL),
	('e44aa0ef-e1d2-43f4-bcf1-e49e93a105ed', 'a9703b99-425f-4858-8b3f-c3a063831335', 'c1ee0006-9c0b-4ef8-bb6d-6bb9bd380b00', 'conforme', NULL, '2026-04-22 16:10:36.499958+00', '2026-04-22 16:10:36.499958+00', NULL, NULL, NULL, NULL),
	('f6c1bda7-971d-492c-996b-83235c799bd5', 'a9703b99-425f-4858-8b3f-c3a063831335', 'c1ee0007-9c0b-4ef8-bb6d-6bb9bd380b00', 'conforme', NULL, '2026-04-22 16:10:44.587298+00', '2026-04-22 16:10:44.587298+00', NULL, NULL, NULL, NULL),
	('af12cd67-4dc5-42c1-a6b5-bfb786a76ce8', 'a9703b99-425f-4858-8b3f-c3a063831335', 'c1ee0008-9c0b-4ef8-bb6d-6bb9bd380b00', 'conforme', NULL, '2026-04-22 16:10:53.105954+00', '2026-04-22 16:10:53.105954+00', NULL, NULL, NULL, NULL),
	('2372b75e-f975-4811-bd1d-815e533084d7', 'ca9a9f10-f2c2-4bde-a154-ac162502f18b', 'c1ee0001-9c0b-4ef8-bb6d-6bb9bd380b00', 'conforme', NULL, '2026-04-22 17:05:09.645927+00', '2026-04-22 17:45:19.808818+00', NULL, 'fsdggrg', NULL, NULL),
	('15fc649e-198a-4d25-b21b-a88824426eda', 'a9703b99-425f-4858-8b3f-c3a063831335', 'c1ee0013-9c0b-4ef8-bb6d-6bb9bd380b00', 'conforme', NULL, '2026-04-22 16:12:46.91423+00', '2026-04-22 16:12:46.91423+00', NULL, NULL, NULL, NULL),
	('10cd8e43-d3a9-48bc-84b8-219c84e9869f', 'a9703b99-425f-4858-8b3f-c3a063831335', 'c1ee0005-9c0b-4ef8-bb6d-6bb9bd380b00', 'nc', 'O Ralo da cozinha está todo enferru', '2026-04-22 16:09:10.8042+00', '2026-04-22 16:13:25.715732+00', NULL, NULL, NULL, NULL),
	('8a41c0ff-6ed1-47e8-a893-65fd307776f6', 'a9703b99-425f-4858-8b3f-c3a063831335', 'c1ee0011-9c0b-4ef8-bb6d-6bb9bd380b00', 'conforme', NULL, '2026-04-22 17:15:02.483895+00', '2026-04-22 17:15:02.483895+00', NULL, NULL, NULL, NULL),
	('6f4e0f93-f274-49de-b9ca-dd385a2c7baf', 'a9703b99-425f-4858-8b3f-c3a063831335', 'c1ee0012-9c0b-4ef8-bb6d-6bb9bd380b00', 'conforme', NULL, '2026-04-22 17:15:05.37587+00', '2026-04-22 17:15:05.37587+00', NULL, NULL, NULL, NULL),
	('e053ed65-8096-4fd3-9383-99dee893c888', 'a9703b99-425f-4858-8b3f-c3a063831335', 'c1ee0014-9c0b-4ef8-bb6d-6bb9bd380b00', 'conforme', NULL, '2026-04-22 17:15:12.620116+00', '2026-04-22 17:15:12.620116+00', NULL, NULL, NULL, NULL),
	('1b8187fd-ac9b-4afc-ab80-96ea32152d02', 'a9703b99-425f-4858-8b3f-c3a063831335', 'c1ee0015-9c0b-4ef8-bb6d-6bb9bd380b00', 'conforme', NULL, '2026-04-22 17:15:24.124892+00', '2026-04-22 17:15:24.124892+00', NULL, NULL, NULL, NULL),
	('2b1348ef-3bdb-44e2-8234-b20fe5181273', 'a9703b99-425f-4858-8b3f-c3a063831335', 'c1ee0016-9c0b-4ef8-bb6d-6bb9bd380b00', 'conforme', NULL, '2026-04-22 17:15:27.508378+00', '2026-04-22 17:15:27.508378+00', NULL, NULL, NULL, NULL),
	('378e6a61-f02f-4735-b0ba-95da2fe2c67e', 'a9703b99-425f-4858-8b3f-c3a063831335', 'c1ee0017-9c0b-4ef8-bb6d-6bb9bd380b00', 'conforme', NULL, '2026-04-22 17:15:31.796435+00', '2026-04-22 17:15:31.796435+00', NULL, NULL, NULL, NULL),
	('54c467c9-9e1a-43da-9bc8-7e6f3b71d476', 'a9703b99-425f-4858-8b3f-c3a063831335', 'c1ee0018-9c0b-4ef8-bb6d-6bb9bd380b00', 'conforme', NULL, '2026-04-22 17:15:47.164632+00', '2026-04-22 17:15:47.164632+00', NULL, NULL, NULL, NULL),
	('28f39a64-2336-4e88-b972-9c349e7ca083', 'ca9a9f10-f2c2-4bde-a154-ac162502f18b', 'c1ee0004-9c0b-4ef8-bb6d-6bb9bd380b00', 'conforme', NULL, '2026-04-22 17:05:14.566046+00', '2026-04-22 17:28:59.814887+00', NULL, NULL, NULL, NULL),
	('505af3e9-938f-4cd6-8c86-c0e5b851eb98', 'ca9a9f10-f2c2-4bde-a154-ac162502f18b', 'c1ee0003-9c0b-4ef8-bb6d-6bb9bd380b00', 'conforme', NULL, '2026-04-22 17:05:13.082436+00', '2026-04-22 17:45:19.369774+00', NULL, 'sdsd', NULL, NULL),
	('58c77a77-da54-455d-8fb2-2f51a339a21d', 'ca9a9f10-f2c2-4bde-a154-ac162502f18b', 'c1ee0006-9c0b-4ef8-bb6d-6bb9bd380b00', 'nc', 's', '2026-04-22 17:06:17.213681+00', '2026-04-22 17:45:20.260787+00', NULL, NULL, NULL, NULL),
	('3c96e328-6ae9-465d-a41f-94d32a47fbe6', '581bafb3-ffe1-4d21-816a-1cd6a26b5ba8', 'c1ee0026-9c0b-4ef8-bb6d-6bb9bd380b00', 'conforme', NULL, '2026-04-23 18:38:25.468408+00', '2026-04-23 18:38:25.468408+00', NULL, NULL, NULL, NULL),
	('215dce24-29c5-4eb9-afc7-b089d6002491', 'a9703b99-425f-4858-8b3f-c3a063831335', 'c1ee0019-9c0b-4ef8-bb6d-6bb9bd380b00', 'conforme', NULL, '2026-04-22 17:15:58.381464+00', '2026-04-22 17:15:58.381464+00', NULL, NULL, NULL, NULL),
	('027c17e2-d7e6-4545-8745-fbd4a34edcff', 'a9703b99-425f-4858-8b3f-c3a063831335', 'c1ee0020-9c0b-4ef8-bb6d-6bb9bd380b00', 'conforme', NULL, '2026-04-22 17:16:07.878719+00', '2026-04-22 17:16:07.878719+00', NULL, NULL, NULL, NULL),
	('d035e2e1-8218-4683-8908-310a62c4962f', 'a9703b99-425f-4858-8b3f-c3a063831335', 'c1ee0021-9c0b-4ef8-bb6d-6bb9bd380b00', 'conforme', NULL, '2026-04-22 17:16:12.481593+00', '2026-04-22 17:16:12.481593+00', NULL, NULL, NULL, NULL),
	('5bd5dae1-e486-48b2-b852-9e46a54cbc12', 'a9703b99-425f-4858-8b3f-c3a063831335', 'c1ee0023-9c0b-4ef8-bb6d-6bb9bd380b00', 'conforme', NULL, '2026-04-22 17:18:52.926403+00', '2026-04-22 17:18:52.926403+00', NULL, NULL, NULL, NULL),
	('fbf25c08-dbdf-43b6-8bd4-806c0ae6f920', '93ef12b4-7531-4114-a4f3-aaa555d42a52', 'c1ee0041-9c0b-4ef8-bb6d-6bb9bd380b00', 'conforme', NULL, '2026-04-23 21:50:27.511489+00', '2026-04-23 23:39:05.647896+00', NULL, NULL, NULL, NULL),
	('3ebc20df-633e-4b55-8bed-e357b16ed8d6', '6f10303a-6ca7-4a24-9037-c0d68d6bc3a9', 'c1ee0008-9c0b-4ef8-bb6d-6bb9bd380b00', 'conforme', NULL, '2026-04-24 01:03:40.428975+00', '2026-04-24 01:03:40.428975+00', NULL, NULL, NULL, NULL),
	('bc78400a-5331-4d84-8b83-2f1ea5820409', '6f10303a-6ca7-4a24-9037-c0d68d6bc3a9', 'c1ee0012-9c0b-4ef8-bb6d-6bb9bd380b00', 'nc', 'Hsushd', '2026-04-24 01:03:56.171828+00', '2026-04-24 01:04:28.449695+00', NULL, NULL, NULL, NULL),
	('dbd40cc2-c450-44ea-898d-b8bc3aa6704a', 'a9703b99-425f-4858-8b3f-c3a063831335', 'c1ee0026-9c0b-4ef8-bb6d-6bb9bd380b00', 'nc', 'Enviado um e-mail solicitando uniforme para a funcion', '2026-04-22 17:19:15.774702+00', '2026-04-22 17:20:07.045228+00', NULL, NULL, NULL, NULL),
	('2f6cd155-6ec8-4331-b7cb-be20c74f3a0a', 'a9703b99-425f-4858-8b3f-c3a063831335', 'c1ee0027-9c0b-4ef8-bb6d-6bb9bd380b00', 'conforme', NULL, '2026-04-22 17:20:16.064156+00', '2026-04-22 17:20:16.064156+00', NULL, NULL, NULL, NULL),
	('df2e9d8c-9d72-4095-ab7a-627ee64aa031', 'a9703b99-425f-4858-8b3f-c3a063831335', 'c1ee0028-9c0b-4ef8-bb6d-6bb9bd380b00', 'conforme', NULL, '2026-04-22 17:20:21.473176+00', '2026-04-22 17:20:21.473176+00', NULL, NULL, NULL, NULL),
	('d57c9de3-b44e-4e52-b841-df01f1a9f86c', '581bafb3-ffe1-4d21-816a-1cd6a26b5ba8', 'c1ee0027-9c0b-4ef8-bb6d-6bb9bd380b00', 'conforme', NULL, '2026-04-23 18:38:28.363657+00', '2026-04-23 18:38:28.363657+00', NULL, NULL, NULL, NULL),
	('fa608f4e-3513-4d53-9963-d5f5db6f19bf', '581bafb3-ffe1-4d21-816a-1cd6a26b5ba8', 'c1ee0029-9c0b-4ef8-bb6d-6bb9bd380b00', 'conforme', NULL, '2026-04-23 18:38:50.470736+00', '2026-04-23 18:38:50.470736+00', NULL, NULL, NULL, NULL),
	('0668b56d-8cd2-46d8-af3b-852473f64c94', '581bafb3-ffe1-4d21-816a-1cd6a26b5ba8', 'c1ee0041-9c0b-4ef8-bb6d-6bb9bd380b00', 'conforme', NULL, '2026-04-23 18:41:03.280696+00', '2026-04-23 18:41:03.280696+00', NULL, NULL, NULL, NULL),
	('4295f7bc-53a9-4cca-b033-4b18b15f8daf', '825f68f4-5a51-4861-b1f2-cf46fe8ac852', 'c1ee0002-9c0b-4ef8-bb6d-6bb9bd380b00', 'conforme', NULL, '2026-04-24 15:03:54.381582+00', '2026-04-24 15:27:46.82431+00', NULL, NULL, NULL, NULL),
	('5d7aa821-c338-48de-95c9-52343cbbf123', '825f68f4-5a51-4861-b1f2-cf46fe8ac852', 'c1ee0003-9c0b-4ef8-bb6d-6bb9bd380b00', 'conforme', NULL, '2026-04-24 15:04:04.4683+00', '2026-04-24 15:27:47.449415+00', NULL, NULL, NULL, NULL),
	('f303832a-05f7-44e9-accc-f52424a32364', '581bafb3-ffe1-4d21-816a-1cd6a26b5ba8', 'c1ee0024-9c0b-4ef8-bb6d-6bb9bd380b00', 'nc', 'Reoriento preenchimento completo e produtos de limpeza devidamente identificados', '2026-04-23 18:37:06.032485+00', '2026-04-23 18:45:31.061669+00', NULL, NULL, NULL, NULL),
	('05ee0081-37bb-4a51-ab13-a4b366bc76f0', '825f68f4-5a51-4861-b1f2-cf46fe8ac852', 'c1ee0015-9c0b-4ef8-bb6d-6bb9bd380b00', 'conforme', NULL, '2026-04-24 15:08:58.94212+00', '2026-04-24 15:27:47.917208+00', NULL, 'Implantada no sushi bar, preenchimento em dia.', NULL, NULL),
	('0e567f8e-162d-40f7-ab44-a80e0ddd35d5', '79821a47-fd13-4de9-a9d1-4bf23648042a', 'c1ee0004-9c0b-4ef8-bb6d-6bb9bd380b00', 'nc', 'Falta limpeza geral', '2026-04-23 18:20:31.576053+00', '2026-04-23 18:47:10.339864+00', NULL, NULL, NULL, NULL),
	('72f6d844-d017-4fa4-80c6-cdfbb9b42828', '825f68f4-5a51-4861-b1f2-cf46fe8ac852', 'c1ee0029-9c0b-4ef8-bb6d-6bb9bd380b00', 'conforme', NULL, '2026-04-24 15:19:15.780333+00', '2026-04-24 15:27:48.351203+00', NULL, NULL, NULL, NULL),
	('1e2f8dae-73f7-4bef-888e-fc2f57da7c52', 'bd32c131-09ae-4c79-97fd-69dd8dcf3806', 'c1ee0003-9c0b-4ef8-bb6d-6bb9bd380b00', 'conforme', NULL, '2026-04-24 16:51:17.693161+00', '2026-04-24 16:57:59.55427+00', NULL, NULL, NULL, NULL),
	('66050e0f-0262-42c8-b83c-a3b772805ddb', 'bd32c131-09ae-4c79-97fd-69dd8dcf3806', 'c1ee0008-9c0b-4ef8-bb6d-6bb9bd380b00', 'conforme', NULL, '2026-04-24 16:51:25.100592+00', '2026-04-24 16:57:59.993909+00', NULL, NULL, NULL, NULL),
	('d4cba21e-f771-4a24-b8b8-a591abf8b233', 'bd32c131-09ae-4c79-97fd-69dd8dcf3806', 'c1ee0010-9c0b-4ef8-bb6d-6bb9bd380b00', 'conforme', NULL, '2026-04-24 16:51:34.516119+00', '2026-04-24 16:58:00.42752+00', NULL, NULL, NULL, NULL),
	('14fd8223-c75a-4465-a159-c3eb4cfb9f94', 'bd32c131-09ae-4c79-97fd-69dd8dcf3806', 'c1ee0013-9c0b-4ef8-bb6d-6bb9bd380b00', 'conforme', NULL, '2026-04-24 16:51:39.399642+00', '2026-04-24 16:58:00.889698+00', NULL, NULL, NULL, NULL),
	('acde7e17-5bd4-413e-893d-83dbb2c53bf9', 'c662d9fe-ee16-4e21-9b83-3ec499f50ca2', 'c1ee0002-9c0b-4ef8-bb6d-6bb9bd380b00', 'conforme', NULL, '2026-04-24 16:33:16.332652+00', '2026-04-24 16:43:17.820753+00', NULL, 'e dsdsdsdsd', NULL, NULL),
	('61925317-8ccf-4af6-a048-21c22fe701d3', '505b9ed0-91f9-46bf-b12e-45050c262c5e', 'c1ee0013-9c0b-4ef8-bb6d-6bb9bd380b00', 'nc', 'Preenchimento pendente da planilha do misohiro e Gohan.', '2026-04-29 13:22:51.934615+00', '2026-04-29 13:23:30.403455+00', NULL, NULL, NULL, NULL),
	('171c2578-a0bf-4d7f-a766-bc848f973705', '505b9ed0-91f9-46bf-b12e-45050c262c5e', 'c1ee0014-9c0b-4ef8-bb6d-6bb9bd380b00', 'conforme', NULL, '2026-04-29 13:23:24.452517+00', '2026-04-29 13:23:33.008691+00', NULL, NULL, NULL, NULL),
	('636ea65d-28db-4ad5-9cdc-d5d6bc42556c', '7374c257-0c0a-4833-8a61-74f7074e15f9', 'c1ee0010-9c0b-4ef8-bb6d-6bb9bd380b00', 'conforme', NULL, '2026-04-29 20:18:09.072086+00', '2026-04-30 22:38:52.695472+00', NULL, 'Oriento substituir os cabos de vassoura/rodo com a madeira exposta.', NULL, NULL),
	('07e9ef25-6465-4907-977b-01b9a1ce3c14', '4bb108ed-6365-48df-8620-f5dc447d308a', 'c1ee0002-9c0b-4ef8-bb6d-6bb9bd380b00', 'conforme', NULL, '2026-04-29 12:17:09.38792+00', '2026-04-29 12:30:48.853772+00', NULL, 'teste do texto de conformidade', NULL, NULL),
	('59081a74-bb7f-48b6-b800-1f70149743fc', '1274ff95-df92-4d35-b794-0b851b6a099b', 'c1ee0011-9c0b-4ef8-bb6d-6bb9bd380b00', 'conforme', NULL, '2026-04-28 20:02:52.141974+00', '2026-04-28 20:15:39.760417+00', NULL, NULL, NULL, NULL),
	('98ee2243-0a39-409d-a266-50a740a3d1b8', '1274ff95-df92-4d35-b794-0b851b6a099b', 'c1ee0012-9c0b-4ef8-bb6d-6bb9bd380b00', 'conforme', NULL, '2026-04-28 20:02:55.331834+00', '2026-04-28 20:15:40.095974+00', NULL, NULL, NULL, NULL),
	('18fb7acb-09ea-4cb6-815a-e1d0eba295ac', '1274ff95-df92-4d35-b794-0b851b6a099b', 'c1ee0013-9c0b-4ef8-bb6d-6bb9bd380b00', 'conforme', NULL, '2026-04-28 20:02:58.729032+00', '2026-04-28 20:15:40.449326+00', NULL, NULL, NULL, NULL),
	('7417c8cb-6cd9-4f3d-bc95-372f9734824b', '1274ff95-df92-4d35-b794-0b851b6a099b', 'c1ee0014-9c0b-4ef8-bb6d-6bb9bd380b00', 'nc', 'Lixeira para descarte das latinhas ausência tampa e o acionamento por pedal', '2026-04-28 20:03:07.077849+00', '2026-04-28 20:15:40.898805+00', NULL, NULL, NULL, NULL),
	('b3202353-56d6-4b10-8bb7-ac4357d2b16f', '4bb108ed-6365-48df-8620-f5dc447d308a', 'c1ee0003-9c0b-4ef8-bb6d-6bb9bd380b00', 'nc', 'teste do texto de nao conformidade', '2026-04-29 12:17:26.527664+00', '2026-04-29 12:30:49.744161+00', NULL, 'teste do texto de plano de acao', NULL, NULL),
	('314a9244-182f-480c-8766-6885b46d7986', '4bb108ed-6365-48df-8620-f5dc447d308a', 'c1ee0007-9c0b-4ef8-bb6d-6bb9bd380b00', 'na', NULL, '2026-04-29 12:18:20.12533+00', '2026-04-29 12:30:52.132272+00', NULL, NULL, NULL, NULL),
	('75347270-5d76-4b08-b87a-829ff3d10a1d', '4bb108ed-6365-48df-8620-f5dc447d308a', 'c1ee0020-9c0b-4ef8-bb6d-6bb9bd380b00', 'conforme', NULL, '2026-04-29 12:23:19.318752+00', '2026-04-29 12:30:59.432809+00', NULL, NULL, NULL, NULL),
	('9a327ae5-4b49-4dc2-8bbd-a9e526085d75', '66b495bc-4311-4809-90c6-a8b149f70302', 'c1ee0002-9c0b-4ef8-bb6d-6bb9bd380b00', 'conforme', NULL, '2026-04-27 13:05:57.201838+00', '2026-04-27 13:22:46.889464+00', NULL, NULL, NULL, NULL),
	('d0c4d399-b841-4bcc-be1c-6483bd7d591c', '66b495bc-4311-4809-90c6-a8b149f70302', 'c1ee0003-9c0b-4ef8-bb6d-6bb9bd380b00', 'conforme', NULL, '2026-04-27 13:05:59.732839+00', '2026-04-27 13:22:47.348388+00', NULL, NULL, NULL, NULL),
	('8258212d-ad90-4991-a8c1-0466d744fb16', '66b495bc-4311-4809-90c6-a8b149f70302', 'c1ee0015-9c0b-4ef8-bb6d-6bb9bd380b00', 'conforme', NULL, '2026-04-27 13:07:18.014918+00', '2026-04-27 13:22:47.725321+00', NULL, NULL, NULL, NULL),
	('85453983-0a6c-47f7-94aa-e68885f2a270', '66b495bc-4311-4809-90c6-a8b149f70302', 'c1ee0016-9c0b-4ef8-bb6d-6bb9bd380b00', 'nc', 'Sushi: Detergente com etiqueta vencida do dia 24/04/26.
Realizo adequação.', '2026-04-27 13:07:23.550448+00', '2026-04-27 13:22:48.14677+00', NULL, NULL, NULL, NULL),
	('14e4da78-4dc7-42ed-bc0d-7586e2b73a03', '66b495bc-4311-4809-90c6-a8b149f70302', 'c1ee0040-9c0b-4ef8-bb6d-6bb9bd380b00', 'conforme', NULL, '2026-04-27 13:21:16.278057+00', '2026-04-27 13:23:00.410902+00', NULL, 'Realizado: 04/12/25 Validade: 04/12/26', NULL, NULL),
	('0939f34d-e259-454d-a662-a70e9921fbd2', '4bb108ed-6365-48df-8620-f5dc447d308a', 'c1ee0022-9c0b-4ef8-bb6d-6bb9bd380b00', 'conforme', NULL, '2026-04-29 12:23:25.004691+00', '2026-04-29 12:31:00.672235+00', NULL, NULL, NULL, NULL),
	('2a5c3d67-26f6-4053-8774-6f2ccbc12094', '7dc794d9-dadd-4390-8fed-a2d451f13d1e', 'c1ee0001-9c0b-4ef8-bb6d-6bb9bd380b00', 'na', NULL, '2026-04-29 13:05:17.001468+00', '2026-04-29 13:11:21.47023+00', NULL, 'texto de teste', '2026-05-07', NULL),
	('4203fbc2-326a-4ff2-aba8-8ba0d2d3e6dc', '7dc794d9-dadd-4390-8fed-a2d451f13d1e', 'c1ee0010-9c0b-4ef8-bb6d-6bb9bd380b00', 'conforme', NULL, '2026-04-29 13:06:51.899378+00', '2026-04-29 13:11:26.311044+00', NULL, NULL, NULL, NULL),
	('1b56c291-469b-434f-88f8-eb204c6f17f6', '7dc794d9-dadd-4390-8fed-a2d451f13d1e', 'c1ee0011-9c0b-4ef8-bb6d-6bb9bd380b00', 'conforme', NULL, '2026-04-29 13:06:53.324712+00', '2026-04-29 13:11:26.881218+00', NULL, NULL, NULL, NULL),
	('9bae980d-5623-4203-a51e-875de8d723d6', '7dc794d9-dadd-4390-8fed-a2d451f13d1e', 'c1ee0012-9c0b-4ef8-bb6d-6bb9bd380b00', 'conforme', NULL, '2026-04-29 13:06:55.008715+00', '2026-04-29 13:11:27.46237+00', NULL, NULL, NULL, NULL),
	('5082bfc1-25f8-40d5-9d3c-5cdd7b760689', '7374c257-0c0a-4833-8a61-74f7074e15f9', 'c1ee0043-9c0b-4ef8-bb6d-6bb9bd380b00', 'conforme', NULL, '2026-04-29 20:50:10.992838+00', '2026-04-30 22:38:52.353678+00', NULL, 'Validade: 24/06/2028', '2028-06-24', NULL),
	('fe2e0e67-5369-4b85-8be6-ff19e015fb27', '505b9ed0-91f9-46bf-b12e-45050c262c5e', 'c1ee0012-9c0b-4ef8-bb6d-6bb9bd380b00', 'conforme', NULL, '2026-04-29 13:22:42.711377+00', '2026-04-29 13:23:28.668338+00', NULL, NULL, NULL, NULL),
	('217242c8-638d-4733-ad1c-448420bc30fb', 'd93aa2db-f094-4a24-9e76-71e30c8f4361', 'c1ee0042-9c0b-4ef8-bb6d-6bb9bd380b00', 'nc', 'Documento ausente.', '2026-04-30 17:06:28.110598+00', '2026-04-30 17:11:24.346324+00', NULL, NULL, NULL, NULL),
	('168f21fd-b7fe-4aa0-a67c-d0401d6e0995', '84bc67c9-adb9-495e-8108-2e883b8b11c4', 'c1ee0007-9c0b-4ef8-bb6d-6bb9bd380b00', 'conforme', NULL, '2026-04-29 18:47:15.322255+00', '2026-04-29 20:04:43.140617+00', NULL, 'Pia da área de distribuição do café sem sabonete bactericida', NULL, NULL),
	('0fca2814-4251-4103-8927-6c670af5ec76', '84bc67c9-adb9-495e-8108-2e883b8b11c4', 'c1ee0023-9c0b-4ef8-bb6d-6bb9bd380b00', 'na', NULL, '2026-04-29 19:04:34.775673+00', '2026-04-29 20:04:50.432504+00', NULL, NULL, NULL, NULL),
	('e11d9578-7925-4cc3-8248-410430e4c964', '84bc67c9-adb9-495e-8108-2e883b8b11c4', 'c1ee0041-9c0b-4ef8-bb6d-6bb9bd380b00', 'nc', 'Venceu em 01/12/2022', '2026-04-29 19:32:19.939245+00', '2026-04-29 20:04:56.204828+00', NULL, NULL, NULL, NULL),
	('918e5383-b751-4445-97b0-82166442edbc', '7374c257-0c0a-4833-8a61-74f7074e15f9', 'c1ee0042-9c0b-4ef8-bb6d-6bb9bd380b00', 'conforme', NULL, '2026-04-29 20:49:51.005623+00', '2026-04-30 22:38:53.35812+00', NULL, NULL, NULL, NULL),
	('b9f0e9bb-a386-48f9-a999-bdc6877ec06d', 'd93aa2db-f094-4a24-9e76-71e30c8f4361', 'c1ee0032-9c0b-4ef8-bb6d-6bb9bd380b00', 'nc', 'Vencido.', '2026-04-30 16:57:05.826572+00', '2026-04-30 17:11:19.708296+00', NULL, NULL, '2025-11-30', NULL),
	('8cd1d280-106b-471b-8458-14b2faa2140d', '7374c257-0c0a-4833-8a61-74f7074e15f9', 'c1ee0008-9c0b-4ef8-bb6d-6bb9bd380b00', 'na', NULL, '2026-04-29 20:17:12.159839+00', '2026-04-30 22:38:53.853965+00', NULL, NULL, '2026-04-30', NULL),
	('630af662-90da-4f1a-8e86-49aa6a098f0f', 'd93aa2db-f094-4a24-9e76-71e30c8f4361', 'c1ee0013-9c0b-4ef8-bb6d-6bb9bd380b00', 'nc', 'Não estão preenchendo.', '2026-04-30 16:50:06.629927+00', '2026-04-30 17:10:53.917099+00', NULL, NULL, NULL, NULL),
	('7097c160-d7ca-4ee3-94c6-2fd29fbc7e36', 'd93aa2db-f094-4a24-9e76-71e30c8f4361', 'c1ee0018-9c0b-4ef8-bb6d-6bb9bd380b00', 'conforme', NULL, '2026-04-30 16:51:10.182272+00', '2026-04-30 17:11:00.151232+00', NULL, NULL, NULL, NULL),
	('275790dc-9d01-444f-81d2-b39872efddaa', 'e5819bf1-8a4e-4d7c-8b36-cc550bc6fedc', 'c1ee0028-9c0b-4ef8-bb6d-6bb9bd380b00', 'conforme', NULL, '2026-05-04 13:50:21.062491+00', '2026-05-04 14:06:27.539809+00', NULL, NULL, NULL, NULL),
	('3390915c-6d43-4c14-9d55-a13065aea8e1', 'e5819bf1-8a4e-4d7c-8b36-cc550bc6fedc', 'c1ee0012-9c0b-4ef8-bb6d-6bb9bd380b00', 'conforme', NULL, '2026-05-04 13:43:51.210305+00', '2026-05-04 14:06:26.428617+00', NULL, NULL, '2027-03-23', NULL),
	('a8ee28ef-40ff-47d1-99e7-d80a12716986', 'e5819bf1-8a4e-4d7c-8b36-cc550bc6fedc', 'c1ee0014-9c0b-4ef8-bb6d-6bb9bd380b00', 'conforme', NULL, '2026-05-04 13:44:49.658328+00', '2026-05-04 14:06:26.836447+00', NULL, NULL, NULL, NULL),
	('b99f9b78-8787-4a28-b855-279c1ea260b3', 'e5819bf1-8a4e-4d7c-8b36-cc550bc6fedc', 'c1ee0019-9c0b-4ef8-bb6d-6bb9bd380b00', 'conforme', NULL, '2026-05-04 13:47:21.962557+00', '2026-05-04 14:06:27.227444+00', NULL, NULL, NULL, NULL),
	('d397afa2-5deb-435e-9e99-b5d1a807e4e1', '581bafb3-ffe1-4d21-816a-1cd6a26b5ba8', 'c1ee0001-9c0b-4ef8-bb6d-6bb9bd380b00', 'conforme', NULL, '2026-04-23 18:32:15.111552+00', '2026-04-23 18:32:15.111552+00', NULL, NULL, NULL, NULL),
	('225ea90c-8d3a-4b63-8a7e-2573d49f1046', '581bafb3-ffe1-4d21-816a-1cd6a26b5ba8', 'c1ee0004-9c0b-4ef8-bb6d-6bb9bd380b00', 'conforme', NULL, '2026-04-23 18:32:29.93241+00', '2026-04-23 18:32:29.93241+00', NULL, NULL, NULL, NULL),
	('cd9ed17e-0bb0-435d-92cb-3a6619e8f853', '581bafb3-ffe1-4d21-816a-1cd6a26b5ba8', 'c1ee0011-9c0b-4ef8-bb6d-6bb9bd380b00', 'conforme', NULL, '2026-04-23 18:34:26.450358+00', '2026-04-23 18:34:26.450358+00', NULL, NULL, NULL, NULL),
	('0de28f56-2e03-4196-b85d-cb4a8b6e9d93', '581bafb3-ffe1-4d21-816a-1cd6a26b5ba8', 'c1ee0028-9c0b-4ef8-bb6d-6bb9bd380b00', 'conforme', NULL, '2026-04-23 18:38:33.340025+00', '2026-04-23 18:38:33.340025+00', NULL, NULL, NULL, NULL),
	('a748ab90-3f00-4abc-8cf1-73dd80821f7f', '581bafb3-ffe1-4d21-816a-1cd6a26b5ba8', 'c1ee0033-9c0b-4ef8-bb6d-6bb9bd380b00', 'conforme', NULL, '2026-04-23 18:39:31.908119+00', '2026-04-23 18:39:31.908119+00', NULL, NULL, NULL, NULL),
	('a77926cc-c2fa-42c4-b6fd-1e6abc38db16', '581bafb3-ffe1-4d21-816a-1cd6a26b5ba8', 'c1ee0035-9c0b-4ef8-bb6d-6bb9bd380b00', 'conforme', NULL, '2026-04-23 18:39:53.743055+00', '2026-04-23 18:39:53.743055+00', NULL, NULL, NULL, NULL),
	('8cc26533-2500-4653-bc1a-3a8f66385766', '581bafb3-ffe1-4d21-816a-1cd6a26b5ba8', 'c1ee0040-9c0b-4ef8-bb6d-6bb9bd380b00', 'conforme', NULL, '2026-04-23 18:40:53.493299+00', '2026-04-23 18:40:53.493299+00', NULL, NULL, NULL, NULL),
	('74b65ef9-528b-4001-a2c9-936018fe0b72', '93ef12b4-7531-4114-a4f3-aaa555d42a52', 'c1ee0037-9c0b-4ef8-bb6d-6bb9bd380b00', 'conforme', NULL, '2026-04-23 21:50:43.945708+00', '2026-04-23 23:39:06.229522+00', NULL, NULL, NULL, NULL),
	('21545545-201c-4ec4-9a90-ac82950a8a9c', '581bafb3-ffe1-4d21-816a-1cd6a26b5ba8', 'c1ee0022-9c0b-4ef8-bb6d-6bb9bd380b00', 'nc', 'Colaboradores não usam luva de malha de aço.', '2026-04-23 18:36:45.714147+00', '2026-04-23 18:45:31.483129+00', NULL, NULL, NULL, NULL),
	('5b128174-7448-4f2a-886e-13a3f815c625', '6f10303a-6ca7-4a24-9037-c0d68d6bc3a9', 'c1ee0014-9c0b-4ef8-bb6d-6bb9bd380b00', 'conforme', NULL, '2026-04-24 01:03:58.913947+00', '2026-04-24 01:04:02.498573+00', NULL, NULL, NULL, NULL),
	('e0efc12c-9d41-43d1-9e5b-5f0c618d31b1', '6f10303a-6ca7-4a24-9037-c0d68d6bc3a9', 'c1ee0002-9c0b-4ef8-bb6d-6bb9bd380b00', 'nc', 'Exemplo', '2026-04-23 23:45:02.010892+00', '2026-04-24 01:04:26.521722+00', NULL, NULL, NULL, NULL),
	('68884a5e-b683-4c89-9321-eb134ba97b0c', '6f10303a-6ca7-4a24-9037-c0d68d6bc3a9', 'c1ee0011-9c0b-4ef8-bb6d-6bb9bd380b00', 'nc', 'Tathaaj', '2026-04-24 01:03:54.948205+00', '2026-04-24 01:04:27.922429+00', NULL, NULL, NULL, NULL),
	('f8e9f97c-51cd-43e2-be2f-8f28e3eaa2ea', '825f68f4-5a51-4861-b1f2-cf46fe8ac852', 'c1ee0004-9c0b-4ef8-bb6d-6bb9bd380b00', 'na', NULL, '2026-04-24 15:04:08.391235+00', '2026-04-24 15:27:48.798595+00', NULL, NULL, NULL, NULL),
	('5411199b-5224-4119-9ff3-fb9d4118e32b', '825f68f4-5a51-4861-b1f2-cf46fe8ac852', 'c1ee0016-9c0b-4ef8-bb6d-6bb9bd380b00', 'nc', 'Observo melhora na identificação, mas ainda encontro produtos sem identificação ou com etiqueta vencida.', '2026-04-24 15:09:17.882821+00', '2026-04-24 15:27:49.330344+00', NULL, NULL, NULL, NULL),
	('3d05457c-7c8d-4d38-bcbb-73721161ac78', '825f68f4-5a51-4861-b1f2-cf46fe8ac852', 'c1ee0030-9c0b-4ef8-bb6d-6bb9bd380b00', 'conforme', NULL, '2026-04-24 15:19:25.704619+00', '2026-04-24 15:27:49.860379+00', NULL, NULL, NULL, NULL),
	('ffd46468-086d-4711-a4b3-826348e717ec', 'a9703b99-425f-4858-8b3f-c3a063831335', 'c1ee0022-9c0b-4ef8-bb6d-6bb9bd380b00', 'nc', 'Foi enviado um e-mail solicitando uniforme e sapato de proteção para a funcionária  começou a trabalhar aqui em 26/0', '2026-04-22 17:16:18.371696+00', '2026-04-22 17:18:39.53093+00', NULL, NULL, NULL, NULL),
	('0fc5f8f2-5172-4b7d-9cfb-3b24b9be1a44', 'a9703b99-425f-4858-8b3f-c3a063831335', 'c1ee0024-9c0b-4ef8-bb6d-6bb9bd380b00', 'conforme', NULL, '2026-04-22 17:18:56.658721+00', '2026-04-22 17:18:56.658721+00', NULL, NULL, NULL, NULL),
	('47796ece-99de-4c42-bcb4-127534ba9deb', 'a9703b99-425f-4858-8b3f-c3a063831335', 'c1ee0030-9c0b-4ef8-bb6d-6bb9bd380b00', 'conforme', NULL, '2026-04-22 17:20:46.72145+00', '2026-04-22 17:20:46.72145+00', NULL, NULL, NULL, NULL),
	('94321ddd-9076-4714-8d95-f3f70672ba01', 'bd32c131-09ae-4c79-97fd-69dd8dcf3806', 'c1ee0015-9c0b-4ef8-bb6d-6bb9bd380b00', 'conforme', NULL, '2026-04-24 16:51:52.153905+00', '2026-04-24 16:58:01.306043+00', NULL, NULL, NULL, NULL),
	('14869e05-e3b0-4492-babe-6a577031eaf1', 'bd32c131-09ae-4c79-97fd-69dd8dcf3806', 'c1ee0004-9c0b-4ef8-bb6d-6bb9bd380b00', 'conforme', NULL, '2026-04-24 16:51:19.229051+00', '2026-04-24 16:58:01.808346+00', NULL, NULL, NULL, NULL),
	('59acc2ab-07e4-4a1a-9811-9be84b5cfc39', 'bd32c131-09ae-4c79-97fd-69dd8dcf3806', 'c1ee0006-9c0b-4ef8-bb6d-6bb9bd380b00', 'conforme', NULL, '2026-04-24 16:51:22.476539+00', '2026-04-24 16:58:02.228344+00', NULL, NULL, NULL, NULL),
	('f2352617-ef4e-4207-978e-bd7517ed0bba', 'bd32c131-09ae-4c79-97fd-69dd8dcf3806', 'c1ee0009-9c0b-4ef8-bb6d-6bb9bd380b00', 'conforme', NULL, '2026-04-24 16:51:31.512891+00', '2026-04-24 16:58:02.627792+00', NULL, NULL, NULL, NULL),
	('5aa0e650-8f8c-489e-9320-29040e7551d8', 'bd32c131-09ae-4c79-97fd-69dd8dcf3806', 'c1ee0012-9c0b-4ef8-bb6d-6bb9bd380b00', 'conforme', NULL, '2026-04-24 16:51:38.213899+00', '2026-04-24 16:58:03.052885+00', NULL, NULL, NULL, NULL),
	('50cac3ee-1a1c-4a84-93da-58f4f75567e2', 'bd32c131-09ae-4c79-97fd-69dd8dcf3806', 'c1ee0014-9c0b-4ef8-bb6d-6bb9bd380b00', 'conforme', NULL, '2026-04-24 16:51:40.863758+00', '2026-04-24 16:58:03.470368+00', NULL, NULL, NULL, NULL),
	('4c03fe49-8fb3-46a8-b482-4c4cf63b0c20', 'a9703b99-425f-4858-8b3f-c3a063831335', 'c1ee0031-9c0b-4ef8-bb6d-6bb9bd380b00', 'nc', 'A funcionária ainda não realizou o exam', '2026-04-22 17:20:50.795553+00', '2026-04-22 17:22:02.836594+00', NULL, NULL, NULL, NULL),
	('60776145-48ea-4df5-9ea5-ea5ec56d11c1', 'a9703b99-425f-4858-8b3f-c3a063831335', 'c1ee0032-9c0b-4ef8-bb6d-6bb9bd380b00', 'nc', 'Procedimentos pendente', '2026-04-22 17:22:07.751229+00', '2026-04-22 17:22:29.387429+00', NULL, NULL, NULL, NULL),
	('b459897c-3b0a-4b00-8318-36e00ddabcac', '84bc67c9-adb9-495e-8108-2e883b8b11c4', 'c1ee0042-9c0b-4ef8-bb6d-6bb9bd380b00', 'nc', 'Venceu em 01/12/2021', '2026-04-29 19:32:36.569377+00', '2026-04-29 20:04:56.559265+00', NULL, NULL, NULL, NULL),
	('2ee6a0e5-89fa-4d16-85a5-af116d1a6c90', '1274ff95-df92-4d35-b794-0b851b6a099b', 'c1ee0015-9c0b-4ef8-bb6d-6bb9bd380b00', 'conforme', NULL, '2026-04-28 20:04:50.618291+00', '2026-04-28 20:15:41.218275+00', NULL, NULL, NULL, NULL),
	('b1c26cf5-e090-4d7c-89d2-6dd2f9660d90', 'c662d9fe-ee16-4e21-9b83-3ec499f50ca2', 'c1ee0003-9c0b-4ef8-bb6d-6bb9bd380b00', 'nc', 'sdsdsdsdqwererfddf feref', '2026-04-24 16:38:00.072666+00', '2026-04-24 16:43:18.305938+00', NULL, 'weqwe234fwefsf', NULL, NULL),
	('da1364eb-8956-4a55-8f3a-802ee61763b9', 'c662d9fe-ee16-4e21-9b83-3ec499f50ca2', 'c1ee0005-9c0b-4ef8-bb6d-6bb9bd380b00', 'conforme', NULL, '2026-04-24 16:38:12.631736+00', '2026-04-24 16:43:18.783688+00', NULL, NULL, NULL, NULL),
	('3d1e2c79-ffb4-46dd-a07d-93e097478ace', 'c662d9fe-ee16-4e21-9b83-3ec499f50ca2', 'c1ee0013-9c0b-4ef8-bb6d-6bb9bd380b00', 'conforme', NULL, '2026-04-24 16:38:38.014293+00', '2026-04-24 16:43:22.978677+00', NULL, NULL, NULL, NULL),
	('e29fa3f2-c119-4771-b7ad-db2b6d037e7e', 'c662d9fe-ee16-4e21-9b83-3ec499f50ca2', 'c1ee0016-9c0b-4ef8-bb6d-6bb9bd380b00', 'conforme', NULL, '2026-04-24 16:38:49.589926+00', '2026-04-24 16:43:24.351355+00', NULL, NULL, NULL, NULL),
	('505cb187-5fbc-488b-a8f5-dc5bd855e62e', 'c662d9fe-ee16-4e21-9b83-3ec499f50ca2', 'c1ee0020-9c0b-4ef8-bb6d-6bb9bd380b00', 'conforme', NULL, '2026-04-24 16:38:59.377497+00', '2026-04-24 16:43:26.146164+00', NULL, NULL, NULL, NULL),
	('718bdcb7-8141-4d6f-be1f-f2f64142ee79', 'c662d9fe-ee16-4e21-9b83-3ec499f50ca2', 'c1ee0024-9c0b-4ef8-bb6d-6bb9bd380b00', 'conforme', NULL, '2026-04-24 16:39:07.076033+00', '2026-04-24 16:43:28.267971+00', NULL, NULL, NULL, NULL),
	('90dfc428-282b-4b36-8818-8a22d6f38bae', '7dc794d9-dadd-4390-8fed-a2d451f13d1e', 'c1ee0002-9c0b-4ef8-bb6d-6bb9bd380b00', 'conforme', NULL, '2026-04-29 13:05:51.504887+00', '2026-04-29 13:11:22.08621+00', NULL, NULL, NULL, NULL),
	('59f43810-01b4-4a06-b297-e9bff35c8fd9', '7dc794d9-dadd-4390-8fed-a2d451f13d1e', 'c1ee0003-9c0b-4ef8-bb6d-6bb9bd380b00', 'conforme', NULL, '2026-04-29 13:05:55.600139+00', '2026-04-29 13:11:22.665952+00', NULL, NULL, NULL, NULL),
	('249af218-e001-4a98-b4f0-1188ac08316c', '66b495bc-4311-4809-90c6-a8b149f70302', 'c1ee0004-9c0b-4ef8-bb6d-6bb9bd380b00', 'na', NULL, '2026-04-27 13:06:03.7032+00', '2026-04-27 13:22:48.5565+00', NULL, 'Não possui janelas.', NULL, NULL),
	('3bd762fc-7c4b-46c1-85d5-4cb28e996ddc', '66b495bc-4311-4809-90c6-a8b149f70302', 'c1ee0005-9c0b-4ef8-bb6d-6bb9bd380b00', 'conforme', NULL, '2026-04-27 13:06:21.541121+00', '2026-04-27 13:22:48.938985+00', NULL, 'Observo higienização do ralo de frente a peixaria.', NULL, NULL),
	('e344ff6f-d4ba-475f-aed0-1ec75b93595e', '66b495bc-4311-4809-90c6-a8b149f70302', 'c1ee0009-9c0b-4ef8-bb6d-6bb9bd380b00', 'conforme', NULL, '2026-04-27 13:06:58.534574+00', '2026-04-27 13:22:49.332934+00', NULL, NULL, NULL, NULL),
	('5c7f870c-9efe-4254-82e4-c8f2f5887f87', '4bb108ed-6365-48df-8620-f5dc447d308a', 'c1ee0004-9c0b-4ef8-bb6d-6bb9bd380b00', 'na', NULL, '2026-04-29 12:18:14.454743+00', '2026-04-29 12:30:50.322791+00', NULL, NULL, NULL, NULL),
	('69a96a6c-d8b3-4f12-b9c3-72ff0213f38f', '4bb108ed-6365-48df-8620-f5dc447d308a', 'c1ee0021-9c0b-4ef8-bb6d-6bb9bd380b00', 'conforme', NULL, '2026-04-29 12:23:21.888684+00', '2026-04-29 12:31:00.021657+00', NULL, NULL, NULL, NULL),
	('08a46b7f-6e42-4e3f-8b6e-401068fb6fdc', '66b495bc-4311-4809-90c6-a8b149f70302', 'c1ee0013-9c0b-4ef8-bb6d-6bb9bd380b00', 'conforme', NULL, '2026-04-27 13:07:10.245581+00', '2026-04-27 13:22:49.70197+00', NULL, NULL, NULL, NULL),
	('8ec90b1f-2dc7-4b24-9fc1-20544ffbf644', '66b495bc-4311-4809-90c6-a8b149f70302', 'c1ee0014-9c0b-4ef8-bb6d-6bb9bd380b00', 'conforme', NULL, '2026-04-27 13:07:11.954692+00', '2026-04-27 13:22:50.088823+00', NULL, NULL, NULL, NULL),
	('22d2c37a-3a33-4225-86f0-42c193bfd469', '66b495bc-4311-4809-90c6-a8b149f70302', 'c1ee0041-9c0b-4ef8-bb6d-6bb9bd380b00', 'conforme', NULL, '2026-04-27 13:21:51.306059+00', '2026-04-27 13:23:00.870964+00', NULL, NULL, NULL, NULL),
	('2d297e96-2f8f-45c9-ba1e-5f2eaf50ec8e', '66b495bc-4311-4809-90c6-a8b149f70302', 'c1ee0042-9c0b-4ef8-bb6d-6bb9bd380b00', 'conforme', NULL, '2026-04-27 13:21:52.900488+00', '2026-04-27 13:23:01.258844+00', NULL, NULL, NULL, NULL),
	('b0415036-5527-47ac-bf42-5e1e769d81c7', '66b495bc-4311-4809-90c6-a8b149f70302', 'c1ee0043-9c0b-4ef8-bb6d-6bb9bd380b00', 'conforme', NULL, '2026-04-27 13:21:55.056128+00', '2026-04-27 13:23:01.625191+00', NULL, NULL, NULL, NULL),
	('cc66c104-42e6-4463-b65d-4b3bfd0b3273', 'd93aa2db-f094-4a24-9e76-71e30c8f4361', 'c1ee0043-9c0b-4ef8-bb6d-6bb9bd380b00', 'conforme', NULL, '2026-04-30 17:07:52.171079+00', '2026-04-30 17:11:24.7928+00', NULL, NULL, '2026-09-05', NULL),
	('f0a5b82a-96b9-4a95-b536-2a6e887f70a5', '7dc794d9-dadd-4390-8fed-a2d451f13d1e', 'c1ee0004-9c0b-4ef8-bb6d-6bb9bd380b00', 'conforme', NULL, '2026-04-29 13:05:58.986271+00', '2026-04-29 13:11:23.257587+00', NULL, NULL, NULL, NULL),
	('1c9d9a52-4898-4608-ba79-712f1750e614', '7dc794d9-dadd-4390-8fed-a2d451f13d1e', 'c1ee0015-9c0b-4ef8-bb6d-6bb9bd380b00', 'conforme', NULL, '2026-04-29 13:07:06.548278+00', '2026-04-29 13:11:29.191648+00', NULL, NULL, NULL, NULL),
	('12b9f3e8-2f2f-464c-97db-86703d68f410', '449f7661-1c48-4000-807a-493f74660774', 'c1ee0001-9c0b-4ef8-bb6d-6bb9bd380b00', 'conforme', NULL, '2026-04-29 13:23:30.254456+00', '2026-04-29 15:28:18.195445+00', NULL, NULL, '2026-05-29', NULL),
	('c7698711-8498-4ab5-b561-04e671583f08', '84bc67c9-adb9-495e-8108-2e883b8b11c4', 'c1ee0008-9c0b-4ef8-bb6d-6bb9bd380b00', 'nc', 'Todos as planilhas estão com falha no preenchimento.', '2026-04-29 18:47:44.442921+00', '2026-04-29 20:04:43.644439+00', NULL, NULL, NULL, NULL),
	('ddafad35-9386-4fd9-b85e-694cbb7ba99e', '84bc67c9-adb9-495e-8108-2e883b8b11c4', 'c1ee0025-9c0b-4ef8-bb6d-6bb9bd380b00', 'nc', 'Batata congelada armazenada sem proteção', '2026-04-29 19:10:08.280618+00', '2026-04-29 20:04:51.103748+00', NULL, NULL, NULL, NULL),
	('7be553a1-9c03-4ed2-a96b-7c9f09f30c1a', 'd93aa2db-f094-4a24-9e76-71e30c8f4361', 'c1ee0031-9c0b-4ef8-bb6d-6bb9bd380b00', 'nc', 'Ausente.', '2026-04-30 16:57:08.905356+00', '2026-04-30 17:11:20.170797+00', NULL, NULL, NULL, NULL),
	('8aa05e87-5bd4-475d-9532-60fa48ca80c3', '7374c257-0c0a-4833-8a61-74f7074e15f9', 'c1ee0011-9c0b-4ef8-bb6d-6bb9bd380b00', 'conforme', NULL, '2026-04-29 20:18:17.536033+00', '2026-04-30 22:38:54.63495+00', NULL, NULL, NULL, NULL),
	('a4a80d6b-1f42-4024-bb83-b81d00ce4a27', 'd93aa2db-f094-4a24-9e76-71e30c8f4361', 'c1ee0014-9c0b-4ef8-bb6d-6bb9bd380b00', 'conforme', NULL, '2026-04-30 16:50:19.160721+00', '2026-04-30 17:11:02.763704+00', NULL, NULL, NULL, NULL),
	('2fd7f863-8e88-4311-8ec8-4424a0e3bcf8', '7374c257-0c0a-4833-8a61-74f7074e15f9', 'c1ee0009-9c0b-4ef8-bb6d-6bb9bd380b00', 'nc', 'Geladeira da produção com sujidade
Falta tampa do motor da geladeira balcão 
Microondas com sujidade', '2026-04-29 20:18:04.419047+00', '2026-04-30 22:38:54.260186+00', NULL, NULL, NULL, NULL),
	('04f4e36a-8a32-4772-aa82-fef0f7f75b78', 'd93aa2db-f094-4a24-9e76-71e30c8f4361', 'c1ee0019-9c0b-4ef8-bb6d-6bb9bd380b00', 'conforme', NULL, '2026-04-30 16:51:13.102799+00', '2026-04-30 17:11:02.202943+00', NULL, NULL, NULL, NULL),
	('60cdfddf-cff0-4d74-a2aa-a7e5151b7433', 'd93aa2db-f094-4a24-9e76-71e30c8f4361', 'c1ee0001-9c0b-4ef8-bb6d-6bb9bd380b00', 'nc', 'Oriento higienização das paredes e piso onde está acondicionada geladeira em desuso.', '2026-04-30 16:36:43.793215+00', '2026-04-30 17:11:01.556852+00', NULL, NULL, NULL, NULL),
	('339c446b-fb3d-4cd2-ba40-22a6a5600558', 'e5819bf1-8a4e-4d7c-8b36-cc550bc6fedc', 'c1ee0013-9c0b-4ef8-bb6d-6bb9bd380b00', 'nc', 'Planilhas incompletas.', '2026-05-04 13:44:25.650291+00', '2026-05-04 14:06:28.155929+00', NULL, NULL, NULL, NULL),
	('a1991f3b-4c28-4c0e-92c8-12b26cb0532c', 'e5819bf1-8a4e-4d7c-8b36-cc550bc6fedc', 'c1ee0002-9c0b-4ef8-bb6d-6bb9bd380b00', 'nc', 'Lâmpada da câmara funcionando parcialmente. Luminária no vestiário quebrada e com fiação exposta.', '2026-05-04 13:37:38.565751+00', '2026-05-04 14:06:27.84727+00', NULL, NULL, NULL, NULL),
	('188ea0f0-319d-4405-9c42-f1b864c17081', 'a9703b99-425f-4858-8b3f-c3a063831335', 'c1ee0025-9c0b-4ef8-bb6d-6bb9bd380b00', 'conforme', NULL, '2026-04-22 17:19:02.442764+00', '2026-04-22 17:19:02.442764+00', NULL, NULL, NULL, NULL),
	('98cd6fb5-ed94-4eca-90b7-9c6af5e1f7bc', 'ca9a9f10-f2c2-4bde-a154-ac162502f18b', 'c1ee0016-9c0b-4ef8-bb6d-6bb9bd380b00', 'conforme', NULL, '2026-04-22 17:35:29.00159+00', '2026-04-22 17:35:29.00159+00', NULL, NULL, NULL, NULL),
	('22ed92c7-70ad-4036-959a-d3d19257efc2', 'ca9a9f10-f2c2-4bde-a154-ac162502f18b', 'c1ee0015-9c0b-4ef8-bb6d-6bb9bd380b00', 'conforme', NULL, '2026-04-22 17:35:30.26446+00', '2026-04-22 17:35:30.26446+00', NULL, NULL, NULL, NULL),
	('495a721c-3d0e-41c8-a310-3e4c37289103', '3e1aeda0-0d7a-4137-9512-a54a91d53536', 'c1ee0043-9c0b-4ef8-bb6d-6bb9bd380b00', 'conforme', NULL, '2026-04-22 18:13:57.716806+00', '2026-04-22 18:13:57.716806+00', NULL, NULL, NULL, NULL),
	('eaeac41f-8355-4f5d-afb6-1cda41731154', '3e1aeda0-0d7a-4137-9512-a54a91d53536', 'c1ee0027-9c0b-4ef8-bb6d-6bb9bd380b00', 'conforme', NULL, '2026-04-22 18:13:27.179867+00', '2026-04-22 18:13:27.179867+00', NULL, NULL, NULL, NULL),
	('af854b2f-f619-4c4f-97bd-38eada8149ee', '3e1aeda0-0d7a-4137-9512-a54a91d53536', 'c1ee0023-9c0b-4ef8-bb6d-6bb9bd380b00', 'conforme', NULL, '2026-04-22 18:13:39.324825+00', '2026-04-22 18:13:39.324825+00', NULL, NULL, NULL, NULL),
	('a06ac4e4-52ba-45f3-8f48-e2be57522358', '3e1aeda0-0d7a-4137-9512-a54a91d53536', 'c1ee0019-9c0b-4ef8-bb6d-6bb9bd380b00', 'conforme', NULL, '2026-04-22 18:13:13.363901+00', '2026-04-22 18:13:13.363901+00', NULL, NULL, NULL, NULL),
	('55cde1c8-0881-48d3-8802-a33de3804c13', '3e1aeda0-0d7a-4137-9512-a54a91d53536', 'c1ee0018-9c0b-4ef8-bb6d-6bb9bd380b00', 'conforme', NULL, '2026-04-22 18:13:16.039897+00', '2026-04-22 18:13:16.039897+00', NULL, NULL, NULL, NULL),
	('b1892e4d-5f4d-46c0-b371-8a1410e3d064', 'ca9a9f10-f2c2-4bde-a154-ac162502f18b', 'c1ee0002-9c0b-4ef8-bb6d-6bb9bd380b00', 'nc', 'reereyttr', '2026-04-22 17:05:11.324888+00', '2026-04-22 17:45:20.8761+00', NULL, NULL, NULL, NULL),
	('aeefef03-a5d7-4190-b1c1-a89a676626b6', 'a9703b99-425f-4858-8b3f-c3a063831335', 'c1ee0033-9c0b-4ef8-bb6d-6bb9bd380b00', 'nc', 'O serviço teve vencimento 13/0', '2026-04-22 17:22:36.502031+00', '2026-04-22 17:23:22.306353+00', NULL, NULL, NULL, NULL),
	('646ab06a-d5d6-42ea-8f95-38375bb8820d', 'a9703b99-425f-4858-8b3f-c3a063831335', 'c1ee0035-9c0b-4ef8-bb6d-6bb9bd380b00', 'conforme', NULL, '2026-04-22 17:23:34.592721+00', '2026-04-22 17:23:34.592721+00', NULL, NULL, NULL, NULL),
	('46670300-7234-4a3e-a922-39044d0f9254', 'a9703b99-425f-4858-8b3f-c3a063831335', 'c1ee0036-9c0b-4ef8-bb6d-6bb9bd380b00', 'na', NULL, '2026-04-22 17:23:40.730332+00', '2026-04-22 17:23:40.730332+00', NULL, NULL, NULL, NULL),
	('6fd5ec64-79aa-4940-ab24-529a1cdf2121', 'a9703b99-425f-4858-8b3f-c3a063831335', 'c1ee0037-9c0b-4ef8-bb6d-6bb9bd380b00', 'conforme', NULL, '2026-04-22 17:23:48.660617+00', '2026-04-22 17:23:48.660617+00', NULL, NULL, NULL, NULL),
	('e7db4693-ed91-43f4-8f42-39bba8a62430', 'a9703b99-425f-4858-8b3f-c3a063831335', 'c1ee0038-9c0b-4ef8-bb6d-6bb9bd380b00', 'na', NULL, '2026-04-22 17:23:53.826432+00', '2026-04-22 17:24:07.851886+00', NULL, 'A unidade não possui coif', NULL, NULL),
	('281799b9-204b-4479-ab6b-0116eb779fee', 'a9703b99-425f-4858-8b3f-c3a063831335', 'c1ee0040-9c0b-4ef8-bb6d-6bb9bd380b00', 'conforme', NULL, '2026-04-22 17:24:40.101668+00', '2026-04-22 17:24:40.101668+00', NULL, NULL, NULL, NULL),
	('fd29cd3a-85a0-436c-898f-c042b91d4f13', 'ca9a9f10-f2c2-4bde-a154-ac162502f18b', 'c1ee0005-9c0b-4ef8-bb6d-6bb9bd380b00', 'conforme', NULL, '2026-04-22 17:05:17.056638+00', '2026-04-22 17:45:21.23882+00', NULL, 'feeeeeeffghh fdfdf', NULL, NULL),
	('1c7ed965-0404-4bc7-91a6-13062b38401a', 'ca9a9f10-f2c2-4bde-a154-ac162502f18b', 'c1ee0008-9c0b-4ef8-bb6d-6bb9bd380b00', 'conforme', NULL, '2026-04-22 17:34:03.897398+00', '2026-04-22 17:45:21.739898+00', NULL, 'dfdfdfdf', NULL, NULL),
	('bd06116b-5aa2-4454-81d1-6d48fdf746e5', 'ca9a9f10-f2c2-4bde-a154-ac162502f18b', 'c1ee0027-9c0b-4ef8-bb6d-6bb9bd380b00', 'conforme', NULL, '2026-04-22 17:45:37.25482+00', '2026-04-22 17:45:37.25482+00', NULL, NULL, NULL, NULL),
	('8bf6ab08-1fce-44af-ae15-0ee638eb260d', 'ca9a9f10-f2c2-4bde-a154-ac162502f18b', 'c1ee0026-9c0b-4ef8-bb6d-6bb9bd380b00', 'conforme', NULL, '2026-04-22 17:45:39.647365+00', '2026-04-22 17:45:39.647365+00', NULL, NULL, NULL, NULL),
	('2b99eb91-fc06-49c8-b8ae-68c12b1cac2f', 'ca9a9f10-f2c2-4bde-a154-ac162502f18b', 'c1ee0025-9c0b-4ef8-bb6d-6bb9bd380b00', 'conforme', NULL, '2026-04-22 17:45:41.487198+00', '2026-04-22 17:45:41.487198+00', NULL, NULL, NULL, NULL),
	('5d09f5a1-a0dd-47d2-af71-3665e5dab30e', 'ca9a9f10-f2c2-4bde-a154-ac162502f18b', 'c1ee0024-9c0b-4ef8-bb6d-6bb9bd380b00', 'conforme', NULL, '2026-04-22 17:45:44.454112+00', '2026-04-22 17:45:44.454112+00', NULL, NULL, NULL, NULL),
	('24393957-fd70-42c7-bcf7-b91dc73b5b15', 'ca9a9f10-f2c2-4bde-a154-ac162502f18b', 'c1ee0023-9c0b-4ef8-bb6d-6bb9bd380b00', 'conforme', NULL, '2026-04-22 17:45:46.025928+00', '2026-04-22 17:45:46.025928+00', NULL, NULL, NULL, NULL),
	('33287ae4-69b7-4984-862c-daeec5e97d74', 'ca9a9f10-f2c2-4bde-a154-ac162502f18b', 'c1ee0022-9c0b-4ef8-bb6d-6bb9bd380b00', 'conforme', NULL, '2026-04-22 17:45:48.055842+00', '2026-04-22 17:45:48.055842+00', NULL, NULL, NULL, NULL),
	('b8be2f78-9a6d-4d40-a36a-f11f60047f2b', 'ca9a9f10-f2c2-4bde-a154-ac162502f18b', 'c1ee0021-9c0b-4ef8-bb6d-6bb9bd380b00', 'conforme', NULL, '2026-04-22 17:45:49.582025+00', '2026-04-22 17:45:49.582025+00', NULL, NULL, NULL, NULL),
	('2f17db86-fc0e-4e13-8c59-b6f00e53e20d', 'ca9a9f10-f2c2-4bde-a154-ac162502f18b', 'c1ee0020-9c0b-4ef8-bb6d-6bb9bd380b00', 'conforme', NULL, '2026-04-22 17:45:51.058813+00', '2026-04-22 17:45:51.058813+00', NULL, NULL, NULL, NULL),
	('4dc4a5f8-1c29-44b9-aa64-9fc3086d9c1a', 'ca9a9f10-f2c2-4bde-a154-ac162502f18b', 'c1ee0043-9c0b-4ef8-bb6d-6bb9bd380b00', 'conforme', NULL, '2026-04-22 17:46:01.292762+00', '2026-04-22 17:46:01.292762+00', NULL, NULL, NULL, NULL),
	('2f960b21-669e-42bf-8ed8-11cbfe478aab', 'ca9a9f10-f2c2-4bde-a154-ac162502f18b', 'c1ee0042-9c0b-4ef8-bb6d-6bb9bd380b00', 'conforme', NULL, '2026-04-22 17:46:03.210112+00', '2026-04-22 17:46:03.210112+00', NULL, NULL, NULL, NULL),
	('d1b16010-d594-4df2-8183-b4ada7697a60', 'ca9a9f10-f2c2-4bde-a154-ac162502f18b', 'c1ee0041-9c0b-4ef8-bb6d-6bb9bd380b00', 'conforme', NULL, '2026-04-22 17:46:05.292444+00', '2026-04-22 17:46:05.292444+00', NULL, NULL, NULL, NULL),
	('b7124306-d5ec-402c-971d-8557aa3de7d6', '3e1aeda0-0d7a-4137-9512-a54a91d53536', 'c1ee0026-9c0b-4ef8-bb6d-6bb9bd380b00', 'conforme', NULL, '2026-04-22 18:13:28.91509+00', '2026-04-22 18:13:28.91509+00', NULL, NULL, NULL, NULL),
	('8fc644c3-1afc-49f8-b2e3-d8241ae3017c', '3e1aeda0-0d7a-4137-9512-a54a91d53536', 'c1ee0003-9c0b-4ef8-bb6d-6bb9bd380b00', 'conforme', NULL, '2026-04-22 17:27:48.798042+00', '2026-04-22 17:27:59.173027+00', NULL, NULL, NULL, NULL),
	('c8c1b10a-c5e9-48e2-8a3f-d7beb7c66003', '3e1aeda0-0d7a-4137-9512-a54a91d53536', 'c1ee0004-9c0b-4ef8-bb6d-6bb9bd380b00', 'conforme', NULL, '2026-04-22 17:27:50.810744+00', '2026-04-22 17:27:59.537908+00', NULL, NULL, NULL, NULL),
	('d724f8b9-ab60-4438-9d74-cb340d784b5b', '3e1aeda0-0d7a-4137-9512-a54a91d53536', 'c1ee0025-9c0b-4ef8-bb6d-6bb9bd380b00', 'conforme', NULL, '2026-04-22 18:13:30.467479+00', '2026-04-22 18:13:30.467479+00', NULL, NULL, NULL, NULL),
	('014c6f6c-b584-4d81-8940-b3e707bd1c25', '3e1aeda0-0d7a-4137-9512-a54a91d53536', 'c1ee0017-9c0b-4ef8-bb6d-6bb9bd380b00', 'conforme', NULL, '2026-04-22 18:13:17.534928+00', '2026-04-22 18:13:17.534928+00', NULL, NULL, NULL, NULL),
	('4b6bc36c-2455-40d5-bf7f-9589a4f46184', 'ca9a9f10-f2c2-4bde-a154-ac162502f18b', 'c1ee0040-9c0b-4ef8-bb6d-6bb9bd380b00', 'conforme', NULL, '2026-04-22 17:46:06.589488+00', '2026-04-22 17:46:06.589488+00', NULL, NULL, NULL, NULL),
	('ece82d0d-0ce6-4821-9d3f-f3d77b58dfe3', 'ca9a9f10-f2c2-4bde-a154-ac162502f18b', 'c1ee0039-9c0b-4ef8-bb6d-6bb9bd380b00', 'conforme', NULL, '2026-04-22 17:46:08.913983+00', '2026-04-22 17:46:08.913983+00', NULL, NULL, NULL, NULL),
	('0871446b-76d5-4246-bc97-9d52c1b1eb87', 'ca9a9f10-f2c2-4bde-a154-ac162502f18b', 'c1ee0007-9c0b-4ef8-bb6d-6bb9bd380b00', 'conforme', NULL, '2026-04-22 17:34:02.28023+00', '2026-04-22 17:34:02.28023+00', NULL, NULL, NULL, NULL),
	('1fe4e55b-97b9-42af-9693-628bea851a52', 'ca9a9f10-f2c2-4bde-a154-ac162502f18b', 'c1ee0035-9c0b-4ef8-bb6d-6bb9bd380b00', 'conforme', NULL, '2026-04-22 17:46:11.154558+00', '2026-04-22 17:46:11.154558+00', NULL, NULL, NULL, NULL),
	('61c7dc82-cbe6-4694-9672-fa51d195acfb', 'ca9a9f10-f2c2-4bde-a154-ac162502f18b', 'c1ee0033-9c0b-4ef8-bb6d-6bb9bd380b00', 'conforme', NULL, '2026-04-22 17:46:13.80541+00', '2026-04-22 17:46:13.80541+00', NULL, NULL, NULL, NULL),
	('452043b0-54e3-48c7-a417-9b5dd16316e0', 'ca9a9f10-f2c2-4bde-a154-ac162502f18b', 'c1ee0032-9c0b-4ef8-bb6d-6bb9bd380b00', 'conforme', NULL, '2026-04-22 17:46:15.548395+00', '2026-04-22 17:46:15.548395+00', NULL, NULL, NULL, NULL),
	('a8fa1b1c-cedc-4a8c-bf96-b12aaaee6e93', 'ca9a9f10-f2c2-4bde-a154-ac162502f18b', 'c1ee0031-9c0b-4ef8-bb6d-6bb9bd380b00', 'conforme', NULL, '2026-04-22 17:46:16.976246+00', '2026-04-22 17:46:16.976246+00', NULL, NULL, NULL, NULL),
	('e88742fc-578c-44e5-abd8-97115d9e3ea6', 'ca9a9f10-f2c2-4bde-a154-ac162502f18b', 'c1ee0030-9c0b-4ef8-bb6d-6bb9bd380b00', 'conforme', NULL, '2026-04-22 17:46:18.791543+00', '2026-04-22 17:46:18.791543+00', NULL, NULL, NULL, NULL),
	('6c4d89b7-86a2-4e24-8fab-baa1d86816cc', 'ca9a9f10-f2c2-4bde-a154-ac162502f18b', 'c1ee0029-9c0b-4ef8-bb6d-6bb9bd380b00', 'conforme', NULL, '2026-04-22 17:46:20.249845+00', '2026-04-22 17:46:20.249845+00', NULL, NULL, NULL, NULL),
	('f6115b6b-231f-4287-b2fe-8878ee6c3661', 'ca9a9f10-f2c2-4bde-a154-ac162502f18b', 'c1ee0013-9c0b-4ef8-bb6d-6bb9bd380b00', 'conforme', NULL, '2026-04-22 17:35:09.75465+00', '2026-04-22 17:35:09.75465+00', NULL, NULL, NULL, NULL),
	('d03d1d1e-fa7f-43f6-ad52-5e36e84837f1', 'ca9a9f10-f2c2-4bde-a154-ac162502f18b', 'c1ee0012-9c0b-4ef8-bb6d-6bb9bd380b00', 'conforme', NULL, '2026-04-22 17:35:11.386378+00', '2026-04-22 17:35:11.386378+00', NULL, NULL, NULL, NULL),
	('d7fbf3bb-40ff-4c4a-a993-4cbd2dd9f0fd', 'ca9a9f10-f2c2-4bde-a154-ac162502f18b', 'c1ee0011-9c0b-4ef8-bb6d-6bb9bd380b00', 'conforme', NULL, '2026-04-22 17:35:13.106309+00', '2026-04-22 17:35:13.106309+00', NULL, NULL, NULL, NULL),
	('2b0ac867-121a-41e1-ad73-d5ee7eea535e', 'ca9a9f10-f2c2-4bde-a154-ac162502f18b', 'c1ee0010-9c0b-4ef8-bb6d-6bb9bd380b00', 'conforme', NULL, '2026-04-22 17:35:14.468842+00', '2026-04-22 17:35:14.468842+00', NULL, NULL, NULL, NULL),
	('6805d74b-4182-46eb-8122-8c751dad7c46', 'ca9a9f10-f2c2-4bde-a154-ac162502f18b', 'c1ee0009-9c0b-4ef8-bb6d-6bb9bd380b00', 'conforme', NULL, '2026-04-22 17:35:15.692316+00', '2026-04-22 17:35:15.692316+00', NULL, NULL, NULL, NULL),
	('540dbe1e-b7e7-4e34-9820-5c52d16284f2', '3e1aeda0-0d7a-4137-9512-a54a91d53536', 'c1ee0016-9c0b-4ef8-bb6d-6bb9bd380b00', 'conforme', NULL, '2026-04-22 18:13:19.336616+00', '2026-04-22 18:13:19.336616+00', NULL, NULL, NULL, NULL),
	('df0e70fe-6d3d-47fa-8840-f7dde8c684f3', '3e1aeda0-0d7a-4137-9512-a54a91d53536', 'c1ee0015-9c0b-4ef8-bb6d-6bb9bd380b00', 'conforme', NULL, '2026-04-22 18:13:20.543143+00', '2026-04-22 18:13:20.543143+00', NULL, NULL, NULL, NULL),
	('6858edb0-98d3-47ff-810c-5c5035ac720d', 'ca9a9f10-f2c2-4bde-a154-ac162502f18b', 'c1ee0019-9c0b-4ef8-bb6d-6bb9bd380b00', 'conforme', NULL, '2026-04-22 17:35:23.533761+00', '2026-04-22 17:35:23.533761+00', NULL, NULL, NULL, NULL),
	('3a89495f-f161-4be3-9c64-7372043b86c8', 'ca9a9f10-f2c2-4bde-a154-ac162502f18b', 'c1ee0018-9c0b-4ef8-bb6d-6bb9bd380b00', 'conforme', NULL, '2026-04-22 17:35:25.047968+00', '2026-04-22 17:35:25.047968+00', NULL, NULL, NULL, NULL),
	('b7427ac6-92a7-4463-aea0-a3a1d18a40e2', 'ca9a9f10-f2c2-4bde-a154-ac162502f18b', 'c1ee0017-9c0b-4ef8-bb6d-6bb9bd380b00', 'conforme', NULL, '2026-04-22 17:35:27.678126+00', '2026-04-22 17:35:27.678126+00', NULL, NULL, NULL, NULL),
	('aa818e29-a7a2-4a93-a090-7c59f950a92e', '3e1aeda0-0d7a-4137-9512-a54a91d53536', 'c1ee0007-9c0b-4ef8-bb6d-6bb9bd380b00', 'conforme', NULL, '2026-04-22 17:59:52.974397+00', '2026-04-22 17:59:52.974397+00', NULL, NULL, NULL, NULL),
	('6362e09d-3242-46a5-96c8-33e1dd848f05', '3e1aeda0-0d7a-4137-9512-a54a91d53536', 'c1ee0008-9c0b-4ef8-bb6d-6bb9bd380b00', 'conforme', NULL, '2026-04-22 17:59:55.506489+00', '2026-04-22 17:59:55.506489+00', NULL, NULL, NULL, NULL),
	('b84ada5b-57e1-4460-9b79-99172acd4128', '3e1aeda0-0d7a-4137-9512-a54a91d53536', 'c1ee0009-9c0b-4ef8-bb6d-6bb9bd380b00', 'conforme', NULL, '2026-04-22 18:12:46.329581+00', '2026-04-22 18:12:50.548522+00', NULL, NULL, NULL, NULL),
	('5cf15145-93ff-41a4-b0cf-d5a4755b7468', '3e1aeda0-0d7a-4137-9512-a54a91d53536', 'c1ee0010-9c0b-4ef8-bb6d-6bb9bd380b00', 'conforme', NULL, '2026-04-22 18:12:52.592743+00', '2026-04-22 18:12:52.592743+00', NULL, NULL, NULL, NULL),
	('cad8396a-aad1-4039-a9b2-612cfbe387ac', '3e1aeda0-0d7a-4137-9512-a54a91d53536', 'c1ee0011-9c0b-4ef8-bb6d-6bb9bd380b00', 'conforme', NULL, '2026-04-22 18:12:54.474191+00', '2026-04-22 18:12:54.474191+00', NULL, NULL, NULL, NULL),
	('6aba8aa5-3aa5-407f-b2e2-75f0ef47645e', '3e1aeda0-0d7a-4137-9512-a54a91d53536', 'c1ee0012-9c0b-4ef8-bb6d-6bb9bd380b00', 'conforme', NULL, '2026-04-22 18:12:56.906861+00', '2026-04-22 18:12:56.906861+00', NULL, NULL, NULL, NULL),
	('8c6f6ff3-cb81-4159-9f9a-1092022d82a3', '3e1aeda0-0d7a-4137-9512-a54a91d53536', 'c1ee0013-9c0b-4ef8-bb6d-6bb9bd380b00', 'conforme', NULL, '2026-04-22 18:12:59.144722+00', '2026-04-22 18:12:59.144722+00', NULL, NULL, NULL, NULL),
	('f849e8c1-f649-4e9e-aa7e-5091bc744105', '3e1aeda0-0d7a-4137-9512-a54a91d53536', 'c1ee0014-9c0b-4ef8-bb6d-6bb9bd380b00', 'na', NULL, '2026-04-22 18:13:01.887334+00', '2026-04-22 18:13:01.887334+00', NULL, NULL, NULL, NULL),
	('a59681cb-8a26-4c53-8c66-bc81428ab60a', '3e1aeda0-0d7a-4137-9512-a54a91d53536', 'c1ee0005-9c0b-4ef8-bb6d-6bb9bd380b00', 'nc', 'a', '2026-04-22 17:27:53.003088+00', '2026-04-22 18:13:52.749495+00', NULL, NULL, NULL, NULL),
	('f3dd9630-c40f-46d8-84ac-feb5db6a31d8', '3e1aeda0-0d7a-4137-9512-a54a91d53536', 'c1ee0006-9c0b-4ef8-bb6d-6bb9bd380b00', 'nc', 'sdfsd', '2026-04-22 18:01:00.156869+00', '2026-04-22 18:13:54.035358+00', NULL, 'werwer', NULL, NULL),
	('bebee797-3dd3-4dfb-ae49-af10a02f9617', '3e1aeda0-0d7a-4137-9512-a54a91d53536', 'c1ee0024-9c0b-4ef8-bb6d-6bb9bd380b00', 'conforme', NULL, '2026-04-22 18:13:34.824936+00', '2026-04-22 18:13:34.824936+00', NULL, NULL, NULL, NULL),
	('48a04f04-1d85-4814-8977-e02094856c37', '3e1aeda0-0d7a-4137-9512-a54a91d53536', 'c1ee0022-9c0b-4ef8-bb6d-6bb9bd380b00', 'conforme', NULL, '2026-04-22 18:13:41.239361+00', '2026-04-22 18:13:41.239361+00', NULL, NULL, NULL, NULL),
	('001ecd7e-c8d5-4582-b5ab-d7ac5b1cea11', '3e1aeda0-0d7a-4137-9512-a54a91d53536', 'c1ee0021-9c0b-4ef8-bb6d-6bb9bd380b00', 'conforme', NULL, '2026-04-22 18:13:43.497278+00', '2026-04-22 18:13:43.497278+00', NULL, NULL, NULL, NULL),
	('9cf9907d-3b2f-4ad3-b18c-88f38ae4ed6f', '3e1aeda0-0d7a-4137-9512-a54a91d53536', 'c1ee0020-9c0b-4ef8-bb6d-6bb9bd380b00', 'conforme', NULL, '2026-04-22 18:13:45.014146+00', '2026-04-22 18:13:45.014146+00', NULL, NULL, NULL, NULL),
	('e32b35aa-ca15-4338-ae70-32d73e385a46', '3e1aeda0-0d7a-4137-9512-a54a91d53536', 'c1ee0028-9c0b-4ef8-bb6d-6bb9bd380b00', 'na', NULL, '2026-04-22 18:13:49.495652+00', '2026-04-22 18:13:49.495652+00', NULL, NULL, NULL, NULL),
	('2dc3d9f3-04ec-4b52-a620-dafbb4aa3d86', '3e1aeda0-0d7a-4137-9512-a54a91d53536', 'c1ee0001-9c0b-4ef8-bb6d-6bb9bd380b00', 'conforme', NULL, '2026-04-22 17:27:39.219513+00', '2026-04-22 18:13:51.906607+00', NULL, 'asf', NULL, NULL),
	('fc243167-e2a8-4203-9500-0148cc7a2abf', '3e1aeda0-0d7a-4137-9512-a54a91d53536', 'c1ee0042-9c0b-4ef8-bb6d-6bb9bd380b00', 'conforme', NULL, '2026-04-22 18:14:01.599271+00', '2026-04-22 18:14:01.599271+00', NULL, NULL, NULL, NULL),
	('30fe9847-d630-4546-bab7-4d3d356740fb', '3e1aeda0-0d7a-4137-9512-a54a91d53536', 'c1ee0041-9c0b-4ef8-bb6d-6bb9bd380b00', 'conforme', NULL, '2026-04-22 18:14:04.050457+00', '2026-04-22 18:14:04.050457+00', NULL, NULL, NULL, NULL),
	('a98b459a-5e83-4a9d-92ec-a6819377e113', '3e1aeda0-0d7a-4137-9512-a54a91d53536', 'c1ee0035-9c0b-4ef8-bb6d-6bb9bd380b00', 'conforme', NULL, '2026-04-22 18:14:21.15819+00', '2026-04-22 18:14:21.15819+00', NULL, NULL, NULL, NULL),
	('52287d1d-9434-4b17-bf99-500f638d9f17', '3e1aeda0-0d7a-4137-9512-a54a91d53536', 'c1ee0029-9c0b-4ef8-bb6d-6bb9bd380b00', 'conforme', NULL, '2026-04-22 18:14:44.508098+00', '2026-04-22 18:14:44.508098+00', NULL, NULL, NULL, NULL),
	('9aaa229d-aad1-44c2-bb16-21cc5a0800f5', '581bafb3-ffe1-4d21-816a-1cd6a26b5ba8', 'c1ee0002-9c0b-4ef8-bb6d-6bb9bd380b00', 'conforme', NULL, '2026-04-23 18:32:21.455288+00', '2026-04-23 18:32:21.455288+00', NULL, NULL, NULL, NULL),
	('0d40d503-98bc-4541-ac33-688fe9952558', '581bafb3-ffe1-4d21-816a-1cd6a26b5ba8', 'c1ee0003-9c0b-4ef8-bb6d-6bb9bd380b00', 'conforme', NULL, '2026-04-23 18:32:25.921251+00', '2026-04-23 18:32:25.921251+00', NULL, NULL, NULL, NULL),
	('e8e47f5d-831c-49aa-8a3c-2d309b63b6b6', '581bafb3-ffe1-4d21-816a-1cd6a26b5ba8', 'c1ee0005-9c0b-4ef8-bb6d-6bb9bd380b00', 'conforme', NULL, '2026-04-23 18:32:52.025794+00', '2026-04-23 18:32:52.025794+00', NULL, NULL, NULL, NULL),
	('cf7698fd-2664-47e3-ae1e-698c4790edbc', '93ef12b4-7531-4114-a4f3-aaa555d42a52', 'c1ee0001-9c0b-4ef8-bb6d-6bb9bd380b00', 'conforme', NULL, '2026-04-23 16:55:58.144629+00', '2026-04-23 23:39:12.33538+00', NULL, NULL, NULL, NULL),
	('852de755-1519-4ae5-b8c6-388453e6f5c5', '581bafb3-ffe1-4d21-816a-1cd6a26b5ba8', 'c1ee0030-9c0b-4ef8-bb6d-6bb9bd380b00', 'conforme', NULL, '2026-04-23 18:38:59.904695+00', '2026-04-23 18:38:59.904695+00', NULL, NULL, NULL, NULL),
	('261303f6-357d-424b-82ff-4f8a571a1343', '6f10303a-6ca7-4a24-9037-c0d68d6bc3a9', 'c1ee0009-9c0b-4ef8-bb6d-6bb9bd380b00', 'nc', 'Uaishsk', '2026-04-24 01:03:50.29906+00', '2026-04-24 01:04:27.008411+00', NULL, NULL, NULL, NULL),
	('1be9f03a-50f0-429b-9715-7c5eeba154bf', '581bafb3-ffe1-4d21-816a-1cd6a26b5ba8', 'c1ee0015-9c0b-4ef8-bb6d-6bb9bd380b00', 'conforme', NULL, '2026-04-23 18:34:59.147083+00', '2026-04-23 18:45:31.861659+00', NULL, 'Será implantada', NULL, NULL),
	('4da244da-6354-4b41-ba13-973475195b02', '6f10303a-6ca7-4a24-9037-c0d68d6bc3a9', 'c1ee0010-9c0b-4ef8-bb6d-6bb9bd380b00', 'nc', 'Yayash', '2026-04-24 01:03:53.445298+00', '2026-04-24 01:04:27.477039+00', NULL, NULL, NULL, NULL),
	('0d006393-d684-4de5-8069-a6d03978bdcc', '825f68f4-5a51-4861-b1f2-cf46fe8ac852', 'c1ee0005-9c0b-4ef8-bb6d-6bb9bd380b00', 'conforme', NULL, '2026-04-24 15:04:14.133433+00', '2026-04-24 15:27:50.266863+00', NULL, NULL, NULL, NULL),
	('7a306d2e-118b-458d-b959-7f53b1499d32', '825f68f4-5a51-4861-b1f2-cf46fe8ac852', 'c1ee0017-9c0b-4ef8-bb6d-6bb9bd380b00', 'nc', 'Realizo a limpeza e organização das prateleiras do estoque seco e reoriento colaboradores a manter produtos protegidos, identificados e organizados adequadamente. Pendente o uso de estrados.', '2026-04-24 15:09:52.698517+00', '2026-04-24 15:27:50.654141+00', NULL, NULL, NULL, NULL),
	('8de2a431-fcac-4a58-854f-99c833b308ff', '825f68f4-5a51-4861-b1f2-cf46fe8ac852', 'c1ee0031-9c0b-4ef8-bb6d-6bb9bd380b00', 'conforme', NULL, '2026-04-24 15:19:37.502936+00', '2026-04-24 15:27:50.995458+00', NULL, NULL, NULL, NULL),
	('a07d0db6-6a69-423b-9109-c5d7e5ab94c2', 'bd32c131-09ae-4c79-97fd-69dd8dcf3806', 'c1ee0016-9c0b-4ef8-bb6d-6bb9bd380b00', 'conforme', NULL, '2026-04-24 16:52:31.41949+00', '2026-04-24 16:58:03.862245+00', NULL, NULL, NULL, NULL),
	('9a3ac609-b34b-41ee-86b4-f8c070fa2035', 'bd32c131-09ae-4c79-97fd-69dd8dcf3806', 'c1ee0020-9c0b-4ef8-bb6d-6bb9bd380b00', 'conforme', NULL, '2026-04-24 16:52:44.901344+00', '2026-04-24 16:58:04.279303+00', NULL, NULL, NULL, NULL),
	('20988537-4923-4871-8c0d-890bb853122f', 'bd32c131-09ae-4c79-97fd-69dd8dcf3806', 'c1ee0024-9c0b-4ef8-bb6d-6bb9bd380b00', 'conforme', NULL, '2026-04-24 16:52:50.393644+00', '2026-04-24 16:58:04.694991+00', NULL, NULL, NULL, NULL),
	('c480feac-b229-47e9-801f-42e76614f8f7', 'bd32c131-09ae-4c79-97fd-69dd8dcf3806', 'c1ee0027-9c0b-4ef8-bb6d-6bb9bd380b00', 'conforme', NULL, '2026-04-24 16:52:58.024697+00', '2026-04-24 16:58:05.123853+00', NULL, NULL, NULL, NULL),
	('29f8d71b-9bdb-4e7f-893f-ba0bbe400d42', '7dc794d9-dadd-4390-8fed-a2d451f13d1e', 'c1ee0006-9c0b-4ef8-bb6d-6bb9bd380b00', 'conforme', NULL, '2026-04-29 13:06:03.577832+00', '2026-04-29 13:11:24.534692+00', NULL, NULL, NULL, NULL),
	('aecf2045-9c8b-486c-983c-12500b6aa8b8', '7dc794d9-dadd-4390-8fed-a2d451f13d1e', 'c1ee0007-9c0b-4ef8-bb6d-6bb9bd380b00', 'na', NULL, '2026-04-29 13:06:34.442253+00', '2026-04-29 13:11:25.099056+00', NULL, NULL, '2026-05-08', NULL),
	('dc9821e4-4a34-4edd-858c-8b1dedec49ab', '7dc794d9-dadd-4390-8fed-a2d451f13d1e', 'c1ee0009-9c0b-4ef8-bb6d-6bb9bd380b00', 'conforme', NULL, '2026-04-29 13:06:50.289859+00', '2026-04-29 13:11:25.700681+00', NULL, NULL, NULL, NULL),
	('51a28469-c17a-42b9-a55b-5a26422bccb8', 'c662d9fe-ee16-4e21-9b83-3ec499f50ca2', 'c1ee0006-9c0b-4ef8-bb6d-6bb9bd380b00', 'conforme', NULL, '2026-04-24 16:38:13.903426+00', '2026-04-24 16:43:19.254048+00', NULL, NULL, NULL, NULL),
	('8c3c727a-1147-442a-810e-d81d2b848e7a', 'c662d9fe-ee16-4e21-9b83-3ec499f50ca2', 'c1ee0010-9c0b-4ef8-bb6d-6bb9bd380b00', 'conforme', NULL, '2026-04-24 16:38:30.286123+00', '2026-04-24 16:43:21.570387+00', NULL, NULL, NULL, NULL),
	('2cead57a-2a3a-44ea-bb53-f9408b1cfabc', 'c662d9fe-ee16-4e21-9b83-3ec499f50ca2', 'c1ee0014-9c0b-4ef8-bb6d-6bb9bd380b00', 'conforme', NULL, '2026-04-24 16:38:39.979555+00', '2026-04-24 16:43:23.445093+00', NULL, NULL, NULL, NULL),
	('e24d08f3-bfc7-401a-adde-cb00cec59778', 'c662d9fe-ee16-4e21-9b83-3ec499f50ca2', 'c1ee0019-9c0b-4ef8-bb6d-6bb9bd380b00', 'conforme', NULL, '2026-04-24 16:38:54.44719+00', '2026-04-24 16:43:25.68153+00', NULL, NULL, NULL, NULL),
	('2a9727b6-cb97-4f06-899c-6e162b0e6481', 'c662d9fe-ee16-4e21-9b83-3ec499f50ca2', 'c1ee0025-9c0b-4ef8-bb6d-6bb9bd380b00', 'conforme', NULL, '2026-04-24 16:39:08.653248+00', '2026-04-24 16:43:28.779769+00', NULL, NULL, NULL, NULL),
	('1ae05faa-e7a6-4192-895e-b19364b9a40e', 'c662d9fe-ee16-4e21-9b83-3ec499f50ca2', 'c1ee0028-9c0b-4ef8-bb6d-6bb9bd380b00', 'conforme', NULL, '2026-04-24 16:39:17.101578+00', '2026-04-24 16:43:30.304902+00', NULL, NULL, NULL, NULL),
	('9150d095-a266-4e65-9c6a-92f50311baec', '7dc794d9-dadd-4390-8fed-a2d451f13d1e', 'c1ee0013-9c0b-4ef8-bb6d-6bb9bd380b00', 'conforme', NULL, '2026-04-29 13:06:56.220556+00', '2026-04-29 13:11:28.003027+00', NULL, NULL, NULL, NULL),
	('8261fe38-d04a-4e43-a044-2e1cccb2604d', '7dc794d9-dadd-4390-8fed-a2d451f13d1e', 'c1ee0014-9c0b-4ef8-bb6d-6bb9bd380b00', 'conforme', NULL, '2026-04-29 13:06:58.781854+00', '2026-04-29 13:11:28.564433+00', NULL, NULL, NULL, NULL),
	('2b25bcfd-ff71-4a60-9c22-3b3fd0571693', '7dc794d9-dadd-4390-8fed-a2d451f13d1e', 'c1ee0016-9c0b-4ef8-bb6d-6bb9bd380b00', 'conforme', NULL, '2026-04-29 13:07:08.628817+00', '2026-04-29 13:11:30.158807+00', NULL, NULL, NULL, NULL),
	('f76a4d13-417c-4419-b247-4c037c84e1ab', '66b495bc-4311-4809-90c6-a8b149f70302', 'c1ee0006-9c0b-4ef8-bb6d-6bb9bd380b00', 'conforme', NULL, '2026-04-27 13:06:45.079797+00', '2026-04-27 13:22:50.442802+00', NULL, NULL, NULL, NULL),
	('18f00d04-ccd2-41af-b5f6-dd8c0a92f843', '66b495bc-4311-4809-90c6-a8b149f70302', 'c1ee0007-9c0b-4ef8-bb6d-6bb9bd380b00', 'conforme', NULL, '2026-04-27 13:06:48.274763+00', '2026-04-27 13:22:50.80742+00', NULL, NULL, NULL, NULL),
	('3612a667-b279-4d8f-b464-6f29dade8de8', '66b495bc-4311-4809-90c6-a8b149f70302', 'c1ee0008-9c0b-4ef8-bb6d-6bb9bd380b00', 'conforme', NULL, '2026-04-27 13:06:50.842515+00', '2026-04-27 13:22:51.186905+00', NULL, NULL, NULL, NULL),
	('f53f3f6c-e1c8-4786-82c9-017f7cd0cec7', 'ce2c6a06-38cf-4a9f-96fe-0f38298adf71', 'c1ee0001-9c0b-4ef8-bb6d-6bb9bd380b00', 'nc', 'Produção Refeição: Piso com presença de ferrugem.
Revestimento do rodapé quebrado na porta da câmara.', '2026-04-28 15:56:10.830496+00', '2026-04-28 15:57:00.542681+00', NULL, NULL, NULL, NULL),
	('3f730b73-417a-4cbf-96b0-75f74742ff1d', '7dc794d9-dadd-4390-8fed-a2d451f13d1e', 'c1ee0017-9c0b-4ef8-bb6d-6bb9bd380b00', 'conforme', NULL, '2026-04-29 13:07:09.895346+00', '2026-04-29 13:11:31.463196+00', NULL, NULL, NULL, NULL),
	('7c6ed607-9b1e-4eb2-b3d4-d4022b96d8b3', '7dc794d9-dadd-4390-8fed-a2d451f13d1e', 'c1ee0018-9c0b-4ef8-bb6d-6bb9bd380b00', 'conforme', NULL, '2026-04-29 13:07:11.310804+00', '2026-04-29 13:11:32.925825+00', NULL, NULL, NULL, NULL),
	('257f42f2-acde-4fa1-a34f-8d62cc2eb886', '1274ff95-df92-4d35-b794-0b851b6a099b', 'c1ee0016-9c0b-4ef8-bb6d-6bb9bd380b00', 'conforme', NULL, '2026-04-28 20:04:57.074982+00', '2026-04-28 20:15:41.572812+00', NULL, NULL, NULL, NULL),
	('6ea115c9-a207-4205-9eef-e6891e7aaddf', '7dc794d9-dadd-4390-8fed-a2d451f13d1e', 'c1ee0019-9c0b-4ef8-bb6d-6bb9bd380b00', 'conforme', NULL, '2026-04-29 13:07:14.305805+00', '2026-04-29 13:11:33.592984+00', NULL, NULL, NULL, NULL),
	('d5a987d8-29f1-4fad-8ef9-b6692e3eff5b', '7dc794d9-dadd-4390-8fed-a2d451f13d1e', 'c1ee0020-9c0b-4ef8-bb6d-6bb9bd380b00', 'conforme', NULL, '2026-04-29 13:07:21.859197+00', '2026-04-29 13:11:34.397579+00', NULL, NULL, NULL, NULL),
	('c4f694ca-62c8-4a6c-9cca-8e95bdbe7761', '4bb108ed-6365-48df-8620-f5dc447d308a', 'c1ee0006-9c0b-4ef8-bb6d-6bb9bd380b00', 'na', NULL, '2026-04-29 12:18:18.188939+00', '2026-04-29 12:30:51.562042+00', NULL, NULL, NULL, NULL),
	('23fee0a6-6661-49df-9096-16edf74730c3', '4bb108ed-6365-48df-8620-f5dc447d308a', 'c1ee0024-9c0b-4ef8-bb6d-6bb9bd380b00', 'conforme', NULL, '2026-04-29 12:23:28.812037+00', '2026-04-29 12:31:02.898008+00', NULL, NULL, NULL, NULL),
	('9d61cecc-a2d5-4fbf-b875-363cd92995bc', '7dc794d9-dadd-4390-8fed-a2d451f13d1e', 'c1ee0021-9c0b-4ef8-bb6d-6bb9bd380b00', 'conforme', NULL, '2026-04-29 13:07:23.663965+00', '2026-04-29 13:11:35.134226+00', NULL, NULL, NULL, NULL),
	('3adc7ee3-9d05-4d58-8034-a8d3c174b1cf', '7dc794d9-dadd-4390-8fed-a2d451f13d1e', 'c1ee0022-9c0b-4ef8-bb6d-6bb9bd380b00', 'conforme', NULL, '2026-04-29 13:07:25.17994+00', '2026-04-29 13:11:35.895213+00', NULL, NULL, NULL, NULL),
	('4ba64286-4329-4d45-8593-f5f9bd93a633', '7dc794d9-dadd-4390-8fed-a2d451f13d1e', 'c1ee0023-9c0b-4ef8-bb6d-6bb9bd380b00', 'conforme', NULL, '2026-04-29 13:07:26.702607+00', '2026-04-29 13:11:36.666629+00', NULL, NULL, NULL, NULL),
	('3686232d-d907-4957-9e4d-66c3a4185120', '505b9ed0-91f9-46bf-b12e-45050c262c5e', 'c1ee0015-9c0b-4ef8-bb6d-6bb9bd380b00', 'conforme', NULL, '2026-04-29 13:23:43.274019+00', '2026-04-29 13:23:55.77104+00', NULL, NULL, NULL, NULL),
	('9ace1f27-af0f-499d-961d-f621b559ba17', '84bc67c9-adb9-495e-8108-2e883b8b11c4', 'c1ee0011-9c0b-4ef8-bb6d-6bb9bd380b00', 'nc', 'Pia abaixo do filtro na cozinha quente com sujidade
Bancada atrás e abaixo do microondas com sujidade', '2026-04-29 18:52:25.507561+00', '2026-04-29 20:04:45.661733+00', NULL, NULL, NULL, NULL),
	('6e2483b7-6696-4a8d-a83e-10051e3001c0', '84bc67c9-adb9-495e-8108-2e883b8b11c4', 'c1ee0012-9c0b-4ef8-bb6d-6bb9bd380b00', 'conforme', NULL, '2026-04-29 18:52:34.368569+00', '2026-04-29 20:04:46.091299+00', NULL, 'Porém não está calibrado 
Sugiro ter 2 termômetros na unidade
Sugiro colocar termômetro portátil com visor externo nos equipamentos que não possui', NULL, NULL),
	('be585010-a218-4132-bd71-0bf966b7b88a', '505b9ed0-91f9-46bf-b12e-45050c262c5e', 'c1ee0021-9c0b-4ef8-bb6d-6bb9bd380b00', 'conforme', NULL, '2026-04-29 13:24:04.15225+00', '2026-04-29 13:29:53.431972+00', NULL, NULL, NULL, NULL),
	('7909ec84-6736-4431-956a-d6b29a65150c', '505b9ed0-91f9-46bf-b12e-45050c262c5e', 'c1ee0022-9c0b-4ef8-bb6d-6bb9bd380b00', 'nc', 'Não utilizam luva de malha de aço.', '2026-04-29 13:24:07.214561+00', '2026-04-29 13:29:53.80292+00', NULL, NULL, NULL, NULL),
	('c8520358-1543-4e36-99c9-46fa68c78614', '84bc67c9-adb9-495e-8108-2e883b8b11c4', 'c1ee0026-9c0b-4ef8-bb6d-6bb9bd380b00', 'conforme', NULL, '2026-04-29 19:10:45.752762+00', '2026-04-29 20:04:51.540358+00', NULL, NULL, NULL, NULL),
	('d8e316a7-843a-41c0-8b57-039baac1bc47', '7dc794d9-dadd-4390-8fed-a2d451f13d1e', 'c1ee0005-9c0b-4ef8-bb6d-6bb9bd380b00', 'conforme', NULL, '2026-04-29 13:06:01.234874+00', '2026-04-29 13:11:23.856613+00', NULL, NULL, NULL, NULL),
	('e1da9579-06eb-46a9-b935-3919a7f166c1', '84bc67c9-adb9-495e-8108-2e883b8b11c4', 'c1ee0009-9c0b-4ef8-bb6d-6bb9bd380b00', 'nc', 'Forno com sujidade e necessitando manutencao
Microondas com sujidade
Freezer 2 da cozinha quente com acúmulo de gelo', '2026-04-29 18:50:39.623354+00', '2026-04-29 20:04:44.305975+00', NULL, NULL, NULL, NULL),
	('f08fed6f-e810-45e8-ba0e-39ac45e5956b', '84bc67c9-adb9-495e-8108-2e883b8b11c4', 'c1ee0010-9c0b-4ef8-bb6d-6bb9bd380b00', 'nc', 'Muitos utensílios em más condições de conservação', '2026-04-29 18:51:21.131696+00', '2026-04-29 20:04:44.831034+00', NULL, NULL, NULL, NULL),
	('3e5bdd8b-f2a7-42a9-aa14-db76e7da9a7a', '84bc67c9-adb9-495e-8108-2e883b8b11c4', 'c1ee0043-9c0b-4ef8-bb6d-6bb9bd380b00', 'conforme', NULL, '2026-04-29 19:42:09.120284+00', '2026-04-29 20:04:56.951589+00', NULL, 'Vence em 28/12/2026', NULL, NULL),
	('b04bd006-aa03-444e-93bb-2695f5893464', '7374c257-0c0a-4833-8a61-74f7074e15f9', 'c1ee0013-9c0b-4ef8-bb6d-6bb9bd380b00', 'conforme', NULL, '2026-04-29 20:19:26.221846+00', '2026-04-30 22:38:55.395641+00', NULL, NULL, NULL, NULL),
	('2fab35f9-6bc8-4398-b857-19262ce1d309', '7374c257-0c0a-4833-8a61-74f7074e15f9', 'c1ee0012-9c0b-4ef8-bb6d-6bb9bd380b00', 'conforme', NULL, '2026-04-29 20:19:01.886988+00', '2026-04-30 22:38:55.017466+00', NULL, NULL, NULL, NULL),
	('6c5be78d-2408-4b09-9b3b-9aef3802e55b', 'd93aa2db-f094-4a24-9e76-71e30c8f4361', 'c1ee0034-9c0b-4ef8-bb6d-6bb9bd380b00', 'conforme', NULL, '2026-04-30 16:58:33.603249+00', '2026-04-30 17:11:20.737198+00', NULL, NULL, NULL, NULL),
	('6f7afc24-6258-4b7d-bea6-9f664b5eb0d2', 'd93aa2db-f094-4a24-9e76-71e30c8f4361', 'c1ee0005-9c0b-4ef8-bb6d-6bb9bd380b00', 'nc', 'Manutenção pendente.', '2026-04-30 16:39:22.016019+00', '2026-04-30 17:11:06.413334+00', NULL, NULL, NULL, NULL),
	('bdfdbcf7-2b4e-4337-9e6b-1def3069b332', 'd93aa2db-f094-4a24-9e76-71e30c8f4361', 'c1ee0015-9c0b-4ef8-bb6d-6bb9bd380b00', 'nc', 'Não estão preenchendo.', '2026-04-30 16:50:28.479846+00', '2026-04-30 17:11:05.114124+00', NULL, NULL, NULL, NULL),
	('15b72774-8a3c-43d5-ab7d-ab7df91e1de9', 'd93aa2db-f094-4a24-9e76-71e30c8f4361', 'c1ee0002-9c0b-4ef8-bb6d-6bb9bd380b00', 'nc', 'Luminária sem proteção contra queda e explosão.', '2026-04-30 16:38:46.850071+00', '2026-04-30 17:11:04.183769+00', NULL, NULL, NULL, NULL),
	('59853e07-9607-43e0-a237-715c1d75e6e6', '3e1aeda0-0d7a-4137-9512-a54a91d53536', 'c1ee0040-9c0b-4ef8-bb6d-6bb9bd380b00', 'conforme', NULL, '2026-04-22 18:14:06.876449+00', '2026-04-22 18:14:06.876449+00', NULL, NULL, NULL, NULL),
	('3c13b073-fbfb-484c-8e11-154f582077ed', '3e1aeda0-0d7a-4137-9512-a54a91d53536', 'c1ee0034-9c0b-4ef8-bb6d-6bb9bd380b00', 'conforme', NULL, '2026-04-22 18:14:25.260062+00', '2026-04-22 18:14:25.260062+00', NULL, NULL, NULL, NULL),
	('2b43dfbe-ed38-4db2-890c-19955ef19ef4', '581bafb3-ffe1-4d21-816a-1cd6a26b5ba8', 'c1ee0006-9c0b-4ef8-bb6d-6bb9bd380b00', 'conforme', NULL, '2026-04-23 18:33:01.058505+00', '2026-04-23 18:33:01.058505+00', NULL, NULL, NULL, NULL),
	('05dc4c90-591c-4230-98ee-eb0908be26d7', '825f68f4-5a51-4861-b1f2-cf46fe8ac852', 'c1ee0006-9c0b-4ef8-bb6d-6bb9bd380b00', 'conforme', NULL, '2026-04-24 15:04:17.66907+00', '2026-04-24 15:27:51.366264+00', NULL, NULL, NULL, NULL),
	('afe5dca3-45d9-40e5-8fc5-cc1ad9867183', '581bafb3-ffe1-4d21-816a-1cd6a26b5ba8', 'c1ee0031-9c0b-4ef8-bb6d-6bb9bd380b00', 'nc', NULL, '2026-04-23 18:39:16.850034+00', '2026-04-23 18:39:16.850034+00', NULL, NULL, NULL, NULL),
	('d2ca9ed6-ea74-4978-802b-6c4a2c12b8dc', '581bafb3-ffe1-4d21-816a-1cd6a26b5ba8', 'c1ee0038-9c0b-4ef8-bb6d-6bb9bd380b00', 'conforme', NULL, '2026-04-23 18:40:28.521454+00', '2026-04-23 18:40:28.521454+00', NULL, NULL, NULL, NULL),
	('9a47d0bb-85c8-485b-bbb7-ef82a634d2e6', '581bafb3-ffe1-4d21-816a-1cd6a26b5ba8', 'c1ee0042-9c0b-4ef8-bb6d-6bb9bd380b00', 'conforme', NULL, '2026-04-23 18:41:14.417187+00', '2026-04-23 18:41:14.417187+00', NULL, NULL, NULL, NULL),
	('17be8eb9-96b5-45f4-ad37-cd750ea38b81', '825f68f4-5a51-4861-b1f2-cf46fe8ac852', 'c1ee0018-9c0b-4ef8-bb6d-6bb9bd380b00', 'nc', 'Encontro ovos em bandeja de papelão, dentro da geladeira. Recomendo o uso da bandeja de plástico. Encontro produtos manipulados sem proteção adequada.', '2026-04-24 15:11:11.480116+00', '2026-04-24 15:27:51.688484+00', NULL, NULL, NULL, NULL),
	('628399c0-2ea3-47cc-ac1b-4da7e5f1859c', '825f68f4-5a51-4861-b1f2-cf46fe8ac852', 'c1ee0032-9c0b-4ef8-bb6d-6bb9bd380b00', 'conforme', NULL, '2026-04-24 15:19:47.155927+00', '2026-04-24 15:27:52.088801+00', NULL, NULL, NULL, NULL),
	('ed14c3f8-f49a-436e-b77b-ad1f25424e22', '581bafb3-ffe1-4d21-816a-1cd6a26b5ba8', 'c1ee0008-9c0b-4ef8-bb6d-6bb9bd380b00', 'conforme', NULL, '2026-04-23 18:34:03.081948+00', '2026-04-23 18:45:32.367017+00', NULL, 'Será implantada.', NULL, NULL),
	('8c03007a-e054-4c72-a1e2-f1fa0b45f66c', '581bafb3-ffe1-4d21-816a-1cd6a26b5ba8', 'c1ee0013-9c0b-4ef8-bb6d-6bb9bd380b00', 'conforme', NULL, '2026-04-23 18:34:38.690308+00', '2026-04-23 18:45:34.284564+00', NULL, 'Será implantada.', NULL, NULL),
	('3abcc5c3-f60b-4254-98b8-7c94fdc5f06f', 'bd32c131-09ae-4c79-97fd-69dd8dcf3806', 'c1ee0017-9c0b-4ef8-bb6d-6bb9bd380b00', 'conforme', NULL, '2026-04-24 16:52:33.619113+00', '2026-04-24 16:58:05.542753+00', NULL, NULL, NULL, NULL),
	('54b4b924-1a9f-4a21-820d-6fb5ae750b61', 'bd32c131-09ae-4c79-97fd-69dd8dcf3806', 'c1ee0022-9c0b-4ef8-bb6d-6bb9bd380b00', 'conforme', NULL, '2026-04-24 16:52:47.57788+00', '2026-04-24 16:58:05.94776+00', NULL, NULL, NULL, NULL),
	('d45fa7c5-7d50-44df-b698-eba9a4b49638', 'bdfbdffa-25b5-4532-906c-7f4576aa916d', 'c1ee0001-9c0b-4ef8-bb6d-6bb9bd380b00', 'conforme', NULL, '2026-04-24 01:21:21.48934+00', '2026-04-24 01:25:39.640617+00', NULL, NULL, NULL, NULL),
	('230f787c-687d-41b6-baf7-ccc9e149fbb7', 'bdfbdffa-25b5-4532-906c-7f4576aa916d', 'c1ee0005-9c0b-4ef8-bb6d-6bb9bd380b00', 'conforme', NULL, '2026-04-24 01:21:35.683287+00', '2026-04-24 01:25:41.913785+00', NULL, NULL, NULL, NULL),
	('b8d3893d-1a86-4f77-bd63-31a36b3c2d4b', 'bdfbdffa-25b5-4532-906c-7f4576aa916d', 'c1ee0008-9c0b-4ef8-bb6d-6bb9bd380b00', 'conforme', NULL, '2026-04-24 01:21:40.382951+00', '2026-04-24 01:25:43.031442+00', NULL, NULL, NULL, NULL),
	('fffb5d1c-08b7-45db-8bdb-067ea9379d48', 'bdfbdffa-25b5-4532-906c-7f4576aa916d', 'c1ee0019-9c0b-4ef8-bb6d-6bb9bd380b00', 'conforme', NULL, '2026-04-24 01:21:56.343021+00', '2026-04-24 01:25:45.528016+00', NULL, NULL, NULL, NULL),
	('93d0dfab-8f0b-46ab-9b3d-dd13c4c3a697', 'bdfbdffa-25b5-4532-906c-7f4576aa916d', 'c1ee0023-9c0b-4ef8-bb6d-6bb9bd380b00', 'conforme', NULL, '2026-04-24 01:22:58.807171+00', '2026-04-24 01:25:49.008481+00', NULL, NULL, NULL, NULL),
	('69044c23-0852-417f-bf4c-335a0d808603', 'bdfbdffa-25b5-4532-906c-7f4576aa916d', 'c1ee0033-9c0b-4ef8-bb6d-6bb9bd380b00', 'nc', 'teste', '2026-04-24 01:23:48.287011+00', '2026-04-24 01:25:52.013446+00', NULL, NULL, NULL, NULL),
	('db0ea9c0-378a-4b92-b4c6-02a11ccbf0d3', 'bdfbdffa-25b5-4532-906c-7f4576aa916d', 'c1ee0034-9c0b-4ef8-bb6d-6bb9bd380b00', 'nc', 'teste', '2026-04-24 01:23:50.067917+00', '2026-04-24 01:25:52.377144+00', NULL, NULL, NULL, NULL),
	('51ff6fe1-bfd3-41da-9d47-f2e66d0de64e', 'bdfbdffa-25b5-4532-906c-7f4576aa916d', 'c1ee0036-9c0b-4ef8-bb6d-6bb9bd380b00', 'nc', 'teste', '2026-04-24 01:23:52.85752+00', '2026-04-24 01:25:53.198784+00', NULL, NULL, NULL, NULL),
	('b6052e7a-165a-460d-a53a-4a10cefe6342', '7dc794d9-dadd-4390-8fed-a2d451f13d1e', 'c1ee0041-9c0b-4ef8-bb6d-6bb9bd380b00', 'conforme', NULL, '2026-04-29 13:08:36.092498+00', '2026-04-29 13:11:48.49444+00', NULL, NULL, NULL, NULL),
	('b8622103-11d3-49a0-b68b-6cccdffd7bec', '4bb108ed-6365-48df-8620-f5dc447d308a', 'c1ee0008-9c0b-4ef8-bb6d-6bb9bd380b00', 'conforme', NULL, '2026-04-29 12:18:21.945812+00', '2026-04-29 12:30:52.684576+00', NULL, NULL, NULL, NULL),
	('aaac83df-71b1-4d49-a421-175afd54d56a', '4bb108ed-6365-48df-8620-f5dc447d308a', 'c1ee0025-9c0b-4ef8-bb6d-6bb9bd380b00', 'conforme', NULL, '2026-04-29 12:23:43.980571+00', '2026-04-29 12:31:03.855098+00', NULL, NULL, NULL, NULL),
	('f0535248-0a56-4eef-8dc2-368401c9b5d4', '66b495bc-4311-4809-90c6-a8b149f70302', 'c1ee0017-9c0b-4ef8-bb6d-6bb9bd380b00', 'conforme', NULL, '2026-04-27 13:09:21.205609+00', '2026-04-27 13:22:51.570555+00', NULL, NULL, NULL, NULL),
	('8383a6f0-f7a2-4952-a1fe-cd39987636ba', '66b495bc-4311-4809-90c6-a8b149f70302', 'c1ee0018-9c0b-4ef8-bb6d-6bb9bd380b00', 'conforme', NULL, '2026-04-27 13:09:23.219146+00', '2026-04-27 13:22:51.939815+00', NULL, 'Alguns produtos com vencimento para hoje e amanhã.', NULL, NULL),
	('db2cdef6-ce75-4872-89c0-2b9ed71a27e4', '66b495bc-4311-4809-90c6-a8b149f70302', 'c1ee0022-9c0b-4ef8-bb6d-6bb9bd380b00', 'conforme', NULL, '2026-04-27 13:10:03.930519+00', '2026-04-27 13:22:52.31622+00', NULL, NULL, NULL, NULL),
	('9a8c1ac7-450e-493a-b44d-ec67386ac2b7', 'c662d9fe-ee16-4e21-9b83-3ec499f50ca2', 'c1ee0007-9c0b-4ef8-bb6d-6bb9bd380b00', 'conforme', NULL, '2026-04-24 16:38:15.509913+00', '2026-04-24 16:43:19.914738+00', NULL, NULL, NULL, NULL),
	('267076d0-dde2-4e36-aae9-0b6fe0b23e88', 'c662d9fe-ee16-4e21-9b83-3ec499f50ca2', 'c1ee0009-9c0b-4ef8-bb6d-6bb9bd380b00', 'conforme', NULL, '2026-04-24 16:38:27.759078+00', '2026-04-24 16:43:21.113986+00', NULL, NULL, NULL, NULL),
	('b9e7e0e7-0e83-43df-afb6-7db6de906895', 'c662d9fe-ee16-4e21-9b83-3ec499f50ca2', 'c1ee0012-9c0b-4ef8-bb6d-6bb9bd380b00', 'conforme', NULL, '2026-04-24 16:38:35.886474+00', '2026-04-24 16:43:22.557919+00', NULL, NULL, NULL, NULL),
	('d4560cee-4b08-4dfe-8354-b1d9ee9bc06d', 'c662d9fe-ee16-4e21-9b83-3ec499f50ca2', 'c1ee0017-9c0b-4ef8-bb6d-6bb9bd380b00', 'conforme', NULL, '2026-04-24 16:38:51.279555+00', '2026-04-24 16:43:24.79953+00', NULL, NULL, NULL, NULL),
	('368a8dc6-6c82-4c39-b8e8-c2951d308e40', 'c662d9fe-ee16-4e21-9b83-3ec499f50ca2', 'c1ee0022-9c0b-4ef8-bb6d-6bb9bd380b00', 'conforme', NULL, '2026-04-24 16:39:04.599511+00', '2026-04-24 16:43:27.357809+00', NULL, NULL, NULL, NULL),
	('c89a57db-246d-46c8-8001-0581bf280df3', 'c662d9fe-ee16-4e21-9b83-3ec499f50ca2', 'c1ee0026-9c0b-4ef8-bb6d-6bb9bd380b00', 'conforme', NULL, '2026-04-24 16:39:11.308532+00', '2026-04-24 16:43:29.280786+00', NULL, NULL, NULL, NULL),
	('7dce037f-4e39-49f2-a6a5-27e057016013', '505b9ed0-91f9-46bf-b12e-45050c262c5e', 'c1ee0016-9c0b-4ef8-bb6d-6bb9bd380b00', 'conforme', NULL, '2026-04-29 13:23:47.142057+00', '2026-04-29 13:23:56.300485+00', NULL, NULL, NULL, NULL),
	('f75a4da3-1e06-41dd-bde8-a252ddb2eae6', '505b9ed0-91f9-46bf-b12e-45050c262c5e', 'c1ee0017-9c0b-4ef8-bb6d-6bb9bd380b00', 'conforme', NULL, '2026-04-29 13:23:49.250711+00', '2026-04-29 13:23:56.847655+00', NULL, NULL, NULL, NULL),
	('bdb6b45b-d169-47d5-b6ba-d56c64ad2730', '505b9ed0-91f9-46bf-b12e-45050c262c5e', 'c1ee0018-9c0b-4ef8-bb6d-6bb9bd380b00', 'conforme', NULL, '2026-04-29 13:23:51.967969+00', '2026-04-29 13:23:57.376863+00', NULL, NULL, NULL, NULL),
	('eb9cddfd-7f99-4241-906a-f5e0b2810581', '505b9ed0-91f9-46bf-b12e-45050c262c5e', 'c1ee0019-9c0b-4ef8-bb6d-6bb9bd380b00', 'conforme', NULL, '2026-04-29 13:23:53.641063+00', '2026-04-29 13:23:57.848985+00', NULL, NULL, NULL, NULL),
	('28e1a7c5-24cd-4596-931c-7efc4b33744b', '1274ff95-df92-4d35-b794-0b851b6a099b', 'c1ee0001-9c0b-4ef8-bb6d-6bb9bd380b00', 'nc', 'Em cozinha teto, parede e chão com necessidade de manutenção.', '2026-04-28 19:22:40.800212+00', '2026-04-28 20:15:30.327598+00', NULL, NULL, NULL, NULL),
	('bb5f76e6-ff96-4db1-a89b-fe99fbb7cf55', '1274ff95-df92-4d35-b794-0b851b6a099b', 'c1ee0017-9c0b-4ef8-bb6d-6bb9bd380b00', 'conforme', NULL, '2026-04-28 20:05:04.035647+00', '2026-04-28 20:15:41.893487+00', NULL, 'Higiene geral foi realizada 22/04/26.', NULL, NULL),
	('bcd3ea50-9da5-48a7-9aab-d6c840315e6f', '7374c257-0c0a-4833-8a61-74f7074e15f9', 'c1ee0015-9c0b-4ef8-bb6d-6bb9bd380b00', 'nc', 'Preenchimento pendente. Francisco sinalizado.', '2026-04-29 20:21:49.045363+00', '2026-04-30 22:38:55.940363+00', NULL, NULL, NULL, NULL),
	('63fda4aa-205a-43a0-ad71-d7b7c52d7273', '7dc794d9-dadd-4390-8fed-a2d451f13d1e', 'c1ee0024-9c0b-4ef8-bb6d-6bb9bd380b00', 'conforme', NULL, '2026-04-29 13:07:28.827099+00', '2026-04-29 13:11:37.30427+00', NULL, NULL, NULL, NULL),
	('416c9403-340e-45a8-bea9-6b76c7f25170', '7dc794d9-dadd-4390-8fed-a2d451f13d1e', 'c1ee0026-9c0b-4ef8-bb6d-6bb9bd380b00', 'conforme', NULL, '2026-04-29 13:07:59.474096+00', '2026-04-29 13:11:38.019817+00', NULL, NULL, NULL, NULL),
	('c34acc98-560a-4139-a69c-1c819fd75301', '7dc794d9-dadd-4390-8fed-a2d451f13d1e', 'c1ee0025-9c0b-4ef8-bb6d-6bb9bd380b00', 'na', NULL, '2026-04-29 13:08:01.324706+00', '2026-04-29 13:11:38.69628+00', NULL, NULL, NULL, NULL),
	('03c8d96b-50bb-4521-ae0a-f9b174865165', '7dc794d9-dadd-4390-8fed-a2d451f13d1e', 'c1ee0029-9c0b-4ef8-bb6d-6bb9bd380b00', 'conforme', NULL, '2026-04-29 13:08:16.269973+00', '2026-04-29 13:11:40.659487+00', NULL, NULL, NULL, NULL),
	('4446a8e5-3bd6-47ab-83f9-7be38e4ee0a9', '7dc794d9-dadd-4390-8fed-a2d451f13d1e', 'c1ee0038-9c0b-4ef8-bb6d-6bb9bd380b00', 'conforme', NULL, '2026-04-29 13:08:31.094892+00', '2026-04-29 13:11:46.630744+00', NULL, NULL, NULL, NULL),
	('f023e31d-0165-49e8-a6e5-30a2d29a22c8', 'd93aa2db-f094-4a24-9e76-71e30c8f4361', 'c1ee0039-9c0b-4ef8-bb6d-6bb9bd380b00', 'conforme', NULL, '2026-04-30 17:08:04.717124+00', '2026-04-30 17:11:25.358349+00', NULL, NULL, '2026-10-30', NULL),
	('ae4c339b-4dc2-41c1-8a9d-2ee39993de38', '84bc67c9-adb9-495e-8108-2e883b8b11c4', 'c1ee0013-9c0b-4ef8-bb6d-6bb9bd380b00', 'nc', 'Planilhas de todos os setores sem preenchimento correto', '2026-04-29 18:52:39.244553+00', '2026-04-29 20:04:46.50323+00', NULL, NULL, NULL, NULL),
	('f2b543e6-4d3b-44b8-afd4-6e10219d0618', '84bc67c9-adb9-495e-8108-2e883b8b11c4', 'c1ee0027-9c0b-4ef8-bb6d-6bb9bd380b00', 'conforme', NULL, '2026-04-29 19:11:53.15194+00', '2026-04-29 20:04:51.938607+00', NULL, NULL, NULL, NULL),
	('7bf7f5a7-5848-4d81-b869-363c961e395e', '84bc67c9-adb9-495e-8108-2e883b8b11c4', 'c1ee0036-9c0b-4ef8-bb6d-6bb9bd380b00', 'nc', 'Responsabilidade do hotel, foi feito a solicitação via e-mail.', '2026-04-29 19:46:11.133069+00', '2026-04-29 20:04:57.335533+00', NULL, NULL, NULL, NULL),
	('c2d1bcca-3c3b-416c-b7ce-e86bfef9a91a', '7374c257-0c0a-4833-8a61-74f7074e15f9', 'c1ee0014-9c0b-4ef8-bb6d-6bb9bd380b00', 'nc', 'Lixeira da área da produção da pizza com pedal quebrado', '2026-04-29 20:21:39.369283+00', '2026-04-30 22:38:56.391132+00', NULL, NULL, NULL, NULL),
	('8412fd40-bad6-4f80-868b-6931677a3257', 'd93aa2db-f094-4a24-9e76-71e30c8f4361', 'c1ee0004-9c0b-4ef8-bb6d-6bb9bd380b00', 'conforme', NULL, '2026-04-30 16:39:18.823472+00', '2026-04-30 17:11:07.932585+00', NULL, NULL, NULL, NULL),
	('63db815b-7817-432b-833f-484bdd852d53', 'd93aa2db-f094-4a24-9e76-71e30c8f4361', 'c1ee0016-9c0b-4ef8-bb6d-6bb9bd380b00', 'conforme', NULL, '2026-04-30 16:50:55.037601+00', '2026-04-30 17:11:06.921024+00', NULL, NULL, NULL, NULL),
	('914e7a4e-805d-4024-870c-15db0d5b78ed', 'd93aa2db-f094-4a24-9e76-71e30c8f4361', 'c1ee0017-9c0b-4ef8-bb6d-6bb9bd380b00', 'conforme', NULL, '2026-04-30 16:51:06.785774+00', '2026-04-30 17:11:08.452838+00', NULL, NULL, NULL, NULL),
	('372809c2-0869-4086-bf26-f4b30764be6f', 'd93aa2db-f094-4a24-9e76-71e30c8f4361', 'c1ee0035-9c0b-4ef8-bb6d-6bb9bd380b00', 'conforme', NULL, '2026-04-30 16:58:36.547611+00', '2026-04-30 17:11:21.17827+00', NULL, NULL, '2026-05-14', NULL),
	('d508ddda-5229-40ce-be03-b9411363f03a', 'd93aa2db-f094-4a24-9e76-71e30c8f4361', 'c1ee0003-9c0b-4ef8-bb6d-6bb9bd380b00', 'conforme', NULL, '2026-04-30 16:39:14.708991+00', '2026-04-30 17:11:07.403164+00', NULL, NULL, NULL, NULL),
	('9c3e3e70-eafc-4b2f-bf17-d087564c2f8b', 'e5819bf1-8a4e-4d7c-8b36-cc550bc6fedc', 'c1ee0026-9c0b-4ef8-bb6d-6bb9bd380b00', 'conforme', NULL, '2026-05-04 13:49:48.679226+00', '2026-05-04 14:06:29.854777+00', NULL, NULL, NULL, NULL),
	('222f705d-40d9-4d59-9f10-c5d504b14b7a', 'e5819bf1-8a4e-4d7c-8b36-cc550bc6fedc', 'c1ee0003-9c0b-4ef8-bb6d-6bb9bd380b00', 'conforme', NULL, '2026-05-04 13:38:35.032216+00', '2026-05-04 14:06:28.48071+00', NULL, NULL, NULL, NULL),
	('20e5d983-6955-4af8-8492-861c7f3e1bd4', 'e5819bf1-8a4e-4d7c-8b36-cc550bc6fedc', 'c1ee0029-9c0b-4ef8-bb6d-6bb9bd380b00', 'conforme', NULL, '2026-05-04 13:50:35.209493+00', '2026-05-04 14:06:29.493498+00', NULL, NULL, '2026-06-30', NULL),
	('be2cc21e-bd4b-4653-bf27-6f548519f3ff', 'e5819bf1-8a4e-4d7c-8b36-cc550bc6fedc', 'c1ee0034-9c0b-4ef8-bb6d-6bb9bd380b00', 'conforme', NULL, '2026-05-04 13:54:46.849103+00', '2026-05-04 14:06:31.419991+00', NULL, NULL, NULL, NULL),
	('04fdb4d6-a027-4a4a-91c9-5a5e460195d0', 'e5819bf1-8a4e-4d7c-8b36-cc550bc6fedc', 'c1ee0027-9c0b-4ef8-bb6d-6bb9bd380b00', 'nc', 'Sinalizo colaboradora Cíntia quanto ao uso proibido de esmalte.', '2026-05-04 13:49:53.729384+00', '2026-05-04 14:06:29.150614+00', NULL, NULL, NULL, NULL),
	('49afc16f-99fa-42b3-8d87-7dc9806193ea', 'e5819bf1-8a4e-4d7c-8b36-cc550bc6fedc', 'c1ee0004-9c0b-4ef8-bb6d-6bb9bd380b00', 'nc', 'Encontro porta telada aberta. Colaboradoras reorientadas.', '2026-05-04 13:38:42.57075+00', '2026-05-04 14:06:28.849669+00', NULL, NULL, NULL, NULL),
	('ee99d0a9-cffc-4c78-b1cf-b54b5569c479', '3e1aeda0-0d7a-4137-9512-a54a91d53536', 'c1ee0039-9c0b-4ef8-bb6d-6bb9bd380b00', 'conforme', NULL, '2026-04-22 18:14:09.126463+00', '2026-04-22 18:14:09.126463+00', NULL, NULL, NULL, NULL),
	('28eed602-f24e-4d85-8752-751a69a29019', '3e1aeda0-0d7a-4137-9512-a54a91d53536', 'c1ee0033-9c0b-4ef8-bb6d-6bb9bd380b00', 'conforme', NULL, '2026-04-22 18:14:27.801058+00', '2026-04-22 18:14:27.801058+00', NULL, NULL, NULL, NULL),
	('42884fd0-0a05-4a9d-b6eb-63f91ac35876', '581bafb3-ffe1-4d21-816a-1cd6a26b5ba8', 'c1ee0032-9c0b-4ef8-bb6d-6bb9bd380b00', 'nc', NULL, '2026-04-23 18:39:24.235612+00', '2026-04-23 18:39:24.235612+00', NULL, NULL, NULL, NULL),
	('33215ff9-f2e2-4119-a2c8-3ac65cdbb60a', '581bafb3-ffe1-4d21-816a-1cd6a26b5ba8', 'c1ee0037-9c0b-4ef8-bb6d-6bb9bd380b00', 'conforme', NULL, '2026-04-23 18:40:11.96202+00', '2026-04-23 18:40:11.96202+00', NULL, NULL, NULL, NULL),
	('1e50ed4a-8ba0-4bc2-b0d4-8bf636b6403a', '581bafb3-ffe1-4d21-816a-1cd6a26b5ba8', 'c1ee0043-9c0b-4ef8-bb6d-6bb9bd380b00', 'conforme', NULL, '2026-04-23 18:41:22.359544+00', '2026-04-23 18:41:22.359544+00', NULL, NULL, NULL, NULL),
	('0ec7e8c7-724b-49cd-a90a-908c7ef39ea7', '581bafb3-ffe1-4d21-816a-1cd6a26b5ba8', 'c1ee0007-9c0b-4ef8-bb6d-6bb9bd380b00', 'nc', 'Pendente instalar saboneteira e papeleira', '2026-04-23 18:33:03.935217+00', '2026-04-23 18:45:37.875982+00', NULL, NULL, NULL, NULL),
	('049eb15a-b12c-468b-9955-923933389ac1', '825f68f4-5a51-4861-b1f2-cf46fe8ac852', 'c1ee0019-9c0b-4ef8-bb6d-6bb9bd380b00', 'conforme', NULL, '2026-04-24 15:13:38.692815+00', '2026-04-24 15:27:52.421511+00', NULL, NULL, NULL, NULL),
	('5b96865d-c3d9-4fca-a164-a093645a0c15', '825f68f4-5a51-4861-b1f2-cf46fe8ac852', 'c1ee0033-9c0b-4ef8-bb6d-6bb9bd380b00', 'conforme', NULL, '2026-04-24 15:20:09.135023+00', '2026-04-24 15:27:52.87265+00', NULL, NULL, NULL, NULL),
	('380a9fa0-4210-4da3-9184-186cb1996cb6', '825f68f4-5a51-4861-b1f2-cf46fe8ac852', 'c1ee0007-9c0b-4ef8-bb6d-6bb9bd380b00', 'nc', 'Área da cozinha possui pia exclusiva para lavagem de mãos. Pendente instalar saboneteira e papeleira. 
Banheiro e sushibar, pendente instalar saboneteira e papeleira.', '2026-04-24 15:04:21.547946+00', '2026-04-24 15:27:53.307389+00', NULL, NULL, NULL, NULL),
	('60c64b26-0177-4b4a-90af-8eb6f0469f36', 'bd32c131-09ae-4c79-97fd-69dd8dcf3806', 'c1ee0025-9c0b-4ef8-bb6d-6bb9bd380b00', 'conforme', NULL, '2026-04-24 16:52:52.321711+00', '2026-04-24 16:58:06.427237+00', NULL, NULL, NULL, NULL),
	('1d37c788-6676-4cc8-abe5-e027fb33850f', 'bd32c131-09ae-4c79-97fd-69dd8dcf3806', 'c1ee0028-9c0b-4ef8-bb6d-6bb9bd380b00', 'conforme', NULL, '2026-04-24 16:52:59.99284+00', '2026-04-24 16:58:06.795291+00', NULL, NULL, NULL, NULL),
	('32baf3c5-b111-472a-ba38-18dc0bb5bdb5', 'bd32c131-09ae-4c79-97fd-69dd8dcf3806', 'c1ee0018-9c0b-4ef8-bb6d-6bb9bd380b00', 'conforme', NULL, '2026-04-24 16:52:36.884129+00', '2026-04-24 16:58:07.176615+00', NULL, NULL, NULL, NULL),
	('86240db4-ea0b-4970-93c1-86112d0c2905', 'bd32c131-09ae-4c79-97fd-69dd8dcf3806', 'c1ee0021-9c0b-4ef8-bb6d-6bb9bd380b00', 'conforme', NULL, '2026-04-24 16:52:46.469269+00', '2026-04-24 16:58:07.559111+00', NULL, NULL, NULL, NULL),
	('3ae389c8-5a36-40f5-939f-9e0947a2c130', '1274ff95-df92-4d35-b794-0b851b6a099b', 'c1ee0018-9c0b-4ef8-bb6d-6bb9bd380b00', 'conforme', NULL, '2026-04-28 20:07:04.901025+00', '2026-04-28 20:15:42.21821+00', NULL, NULL, NULL, NULL),
	('846c793f-bd70-499a-bcb2-3c939a61f385', '1274ff95-df92-4d35-b794-0b851b6a099b', 'c1ee0019-9c0b-4ef8-bb6d-6bb9bd380b00', 'conforme', NULL, '2026-04-28 20:07:09.286941+00', '2026-04-28 20:15:42.569577+00', NULL, NULL, NULL, NULL),
	('3f2a5a75-b55c-443f-b9a8-3c398671a59c', 'bdfbdffa-25b5-4532-906c-7f4576aa916d', 'c1ee0002-9c0b-4ef8-bb6d-6bb9bd380b00', 'conforme', NULL, '2026-04-24 01:21:30.071343+00', '2026-04-24 01:25:40.5045+00', NULL, NULL, NULL, NULL),
	('4f40d201-1b8f-4e9f-89a0-8c4a7dee5f22', 'bdfbdffa-25b5-4532-906c-7f4576aa916d', 'c1ee0004-9c0b-4ef8-bb6d-6bb9bd380b00', 'conforme', NULL, '2026-04-24 01:21:33.47529+00', '2026-04-24 01:25:41.450313+00', NULL, NULL, NULL, NULL),
	('f9c5e7e1-0557-4c7d-a305-d291f9be637c', 'bdfbdffa-25b5-4532-906c-7f4576aa916d', 'c1ee0007-9c0b-4ef8-bb6d-6bb9bd380b00', 'conforme', NULL, '2026-04-24 01:21:38.734799+00', '2026-04-24 01:25:42.652418+00', NULL, NULL, NULL, NULL),
	('749946df-4034-4196-ab7f-bf56a29e1152', 'bdfbdffa-25b5-4532-906c-7f4576aa916d', 'c1ee0012-9c0b-4ef8-bb6d-6bb9bd380b00', 'conforme', NULL, '2026-04-24 01:21:48.294791+00', '2026-04-24 01:25:44.143889+00', NULL, NULL, NULL, NULL),
	('1620c758-526c-40dc-aa21-5f051785ba78', 'bdfbdffa-25b5-4532-906c-7f4576aa916d', 'c1ee0010-9c0b-4ef8-bb6d-6bb9bd380b00', 'conforme', NULL, '2026-04-24 01:21:50.61553+00', '2026-04-24 01:25:44.839788+00', NULL, NULL, NULL, NULL),
	('38bf793e-11e1-4905-b49e-1f2a8dc26d38', 'bdfbdffa-25b5-4532-906c-7f4576aa916d', 'c1ee0009-9c0b-4ef8-bb6d-6bb9bd380b00', 'conforme', NULL, '2026-04-24 01:21:51.726673+00', '2026-04-24 01:25:45.188076+00', NULL, NULL, NULL, NULL),
	('6b5c67fa-4092-4f5e-9dd8-2503f1c42499', 'bdfbdffa-25b5-4532-906c-7f4576aa916d', 'c1ee0018-9c0b-4ef8-bb6d-6bb9bd380b00', 'conforme', NULL, '2026-04-24 01:21:57.213346+00', '2026-04-24 01:25:45.88611+00', NULL, NULL, NULL, NULL),
	('6eaba120-14f4-43be-9ff7-2d087fedddad', 'bdfbdffa-25b5-4532-906c-7f4576aa916d', 'c1ee0016-9c0b-4ef8-bb6d-6bb9bd380b00', 'conforme', NULL, '2026-04-24 01:22:00.521155+00', '2026-04-24 01:25:46.574467+00', NULL, NULL, NULL, NULL),
	('61dfd645-dd27-4a1d-8163-0ccde387d39c', 'bdfbdffa-25b5-4532-906c-7f4576aa916d', 'c1ee0015-9c0b-4ef8-bb6d-6bb9bd380b00', 'conforme', NULL, '2026-04-24 01:22:02.133847+00', '2026-04-24 01:25:46.903905+00', NULL, NULL, NULL, NULL),
	('b30f7397-e12f-4f10-8b90-ac98802840ea', 'bdfbdffa-25b5-4532-906c-7f4576aa916d', 'c1ee0028-9c0b-4ef8-bb6d-6bb9bd380b00', 'na', NULL, '2026-04-24 01:22:12.969218+00', '2026-04-24 01:25:47.580491+00', NULL, NULL, NULL, NULL),
	('9d4df835-a095-47cd-870c-c0c678d33be1', 'bdfbdffa-25b5-4532-906c-7f4576aa916d', 'c1ee0026-9c0b-4ef8-bb6d-6bb9bd380b00', 'nc', 'teste', '2026-04-24 01:22:24.478515+00', '2026-04-24 01:25:47.92983+00', NULL, 'TExto de plano de acao
?', NULL, NULL),
	('d56581dd-5edc-454d-a855-3c7ccf15403b', 'bdfbdffa-25b5-4532-906c-7f4576aa916d', 'c1ee0024-9c0b-4ef8-bb6d-6bb9bd380b00', 'conforme', NULL, '2026-04-24 01:22:47.729211+00', '2026-04-24 01:25:48.62876+00', NULL, NULL, NULL, NULL),
	('eba3dbb3-1fc9-421c-8232-ae6ead5a47fd', 'bdfbdffa-25b5-4532-906c-7f4576aa916d', 'c1ee0029-9c0b-4ef8-bb6d-6bb9bd380b00', 'nc', 'teste', '2026-04-24 01:23:32.649474+00', '2026-04-24 01:25:50.488784+00', NULL, 'teste', NULL, NULL),
	('dd729be8-2082-41e6-8860-102c8e437c47', 'bdfbdffa-25b5-4532-906c-7f4576aa916d', 'c1ee0031-9c0b-4ef8-bb6d-6bb9bd380b00', 'nc', 'teste', '2026-04-24 01:23:45.178775+00', '2026-04-24 01:25:51.254389+00', NULL, NULL, NULL, NULL),
	('36f274fe-4dbb-413d-9d3e-9db3b63269e5', 'bdfbdffa-25b5-4532-906c-7f4576aa916d', 'c1ee0038-9c0b-4ef8-bb6d-6bb9bd380b00', 'nc', 'teste', '2026-04-24 01:23:55.512295+00', '2026-04-24 01:25:53.969226+00', NULL, 'testes', NULL, NULL),
	('9d3d7aad-9a51-4b9e-a2c4-2315f14f8b72', 'bdfbdffa-25b5-4532-906c-7f4576aa916d', 'c1ee0040-9c0b-4ef8-bb6d-6bb9bd380b00', 'nc', 'teste', '2026-04-24 01:23:58.449838+00', '2026-04-24 01:25:54.674053+00', NULL, NULL, NULL, NULL),
	('1847ab2b-7009-4b4b-9bc0-605c13b4d71d', 'bdfbdffa-25b5-4532-906c-7f4576aa916d', 'c1ee0042-9c0b-4ef8-bb6d-6bb9bd380b00', 'conforme', NULL, '2026-04-24 01:24:02.547038+00', '2026-04-24 01:25:55.017543+00', NULL, NULL, NULL, NULL),
	('bc7184ba-ff27-4a18-8bf8-08338ce5a4fc', '1274ff95-df92-4d35-b794-0b851b6a099b', 'c1ee0020-9c0b-4ef8-bb6d-6bb9bd380b00', 'nc', 'Frequência não está ocorrendo.', '2026-04-28 20:07:17.629383+00', '2026-04-28 20:15:42.913774+00', NULL, NULL, NULL, NULL),
	('a9bc2bd5-b59b-4e43-9e41-5083001c417b', 'c662d9fe-ee16-4e21-9b83-3ec499f50ca2', 'c1ee0008-9c0b-4ef8-bb6d-6bb9bd380b00', 'conforme', NULL, '2026-04-24 16:38:17.44273+00', '2026-04-24 16:43:20.408041+00', NULL, NULL, NULL, NULL),
	('f0c63579-1eb7-41f9-b8bb-3dfe4e55daa4', 'c662d9fe-ee16-4e21-9b83-3ec499f50ca2', 'c1ee0011-9c0b-4ef8-bb6d-6bb9bd380b00', 'conforme', NULL, '2026-04-24 16:38:31.943615+00', '2026-04-24 16:43:21.990148+00', NULL, NULL, NULL, NULL),
	('3bd78fe6-6eb3-4888-9b2e-daacaa81e4d5', 'c662d9fe-ee16-4e21-9b83-3ec499f50ca2', 'c1ee0015-9c0b-4ef8-bb6d-6bb9bd380b00', 'conforme', NULL, '2026-04-24 16:38:47.682444+00', '2026-04-24 16:43:23.907499+00', NULL, NULL, NULL, NULL),
	('3da5c44a-bc8a-4dd6-8c2c-1449146cd1eb', 'c662d9fe-ee16-4e21-9b83-3ec499f50ca2', 'c1ee0018-9c0b-4ef8-bb6d-6bb9bd380b00', 'conforme', NULL, '2026-04-24 16:38:52.627172+00', '2026-04-24 16:43:25.219656+00', NULL, NULL, NULL, NULL),
	('cc787a78-5e9c-4639-8cfb-b584b9ea4b3d', 'c662d9fe-ee16-4e21-9b83-3ec499f50ca2', 'c1ee0021-9c0b-4ef8-bb6d-6bb9bd380b00', 'conforme', NULL, '2026-04-24 16:39:01.231835+00', '2026-04-24 16:43:26.574553+00', NULL, NULL, NULL, NULL),
	('1c474c1a-62ae-42d9-ab9a-60600ddeede6', 'c662d9fe-ee16-4e21-9b83-3ec499f50ca2', 'c1ee0023-9c0b-4ef8-bb6d-6bb9bd380b00', 'conforme', NULL, '2026-04-24 16:39:05.813393+00', '2026-04-24 16:43:27.825043+00', NULL, NULL, NULL, NULL),
	('625e8a8c-9a4f-4f6f-8af8-3d114947bfef', 'c662d9fe-ee16-4e21-9b83-3ec499f50ca2', 'c1ee0027-9c0b-4ef8-bb6d-6bb9bd380b00', 'conforme', NULL, '2026-04-24 16:39:13.148585+00', '2026-04-24 16:43:29.85262+00', NULL, NULL, NULL, NULL),
	('55114d2c-6c30-411a-9cb2-cd99bd915cf8', '7dc794d9-dadd-4390-8fed-a2d451f13d1e', 'c1ee0031-9c0b-4ef8-bb6d-6bb9bd380b00', 'conforme', NULL, '2026-04-29 13:08:19.561562+00', '2026-04-29 13:11:41.897301+00', NULL, NULL, NULL, NULL),
	('abe4a532-a404-419d-993a-2d444e2a5596', '4bb108ed-6365-48df-8620-f5dc447d308a', 'c1ee0011-9c0b-4ef8-bb6d-6bb9bd380b00', 'conforme', NULL, '2026-04-29 12:19:32.31463+00', '2026-04-29 12:30:53.231154+00', NULL, NULL, NULL, NULL),
	('3b8d8062-4561-4692-8ecf-fc4aeb57655c', '66b495bc-4311-4809-90c6-a8b149f70302', 'c1ee0019-9c0b-4ef8-bb6d-6bb9bd380b00', 'conforme', NULL, '2026-04-27 13:09:49.118428+00', '2026-04-27 13:22:52.686022+00', NULL, NULL, NULL, NULL),
	('b7cc8923-be66-42d5-a85f-b15e4dec766c', '66b495bc-4311-4809-90c6-a8b149f70302', 'c1ee0021-9c0b-4ef8-bb6d-6bb9bd380b00', 'conforme', NULL, '2026-04-27 13:10:01.394409+00', '2026-04-27 13:22:53.046929+00', NULL, NULL, NULL, NULL),
	('e3786f12-a5d2-4b44-8055-451a094b966c', '66b495bc-4311-4809-90c6-a8b149f70302', 'c1ee0024-9c0b-4ef8-bb6d-6bb9bd380b00', 'conforme', NULL, '2026-04-27 13:10:12.934399+00', '2026-04-27 13:22:53.43479+00', NULL, NULL, NULL, NULL),
	('ea7d9224-fbed-4d22-9abd-67cb9f8d566e', '66b495bc-4311-4809-90c6-a8b149f70302', 'c1ee0026-9c0b-4ef8-bb6d-6bb9bd380b00', 'conforme', NULL, '2026-04-27 13:10:18.865464+00', '2026-04-27 13:22:53.800248+00', NULL, NULL, NULL, NULL),
	('ec891b1c-da87-4bd1-b198-c05afa073cef', '66b495bc-4311-4809-90c6-a8b149f70302', 'c1ee0028-9c0b-4ef8-bb6d-6bb9bd380b00', 'conforme', NULL, '2026-04-27 13:10:23.427693+00', '2026-04-27 13:22:55.606879+00', NULL, NULL, NULL, NULL),
	('3e354fec-5071-4b46-b289-3f6555b56001', '1274ff95-df92-4d35-b794-0b851b6a099b', 'c1ee0002-9c0b-4ef8-bb6d-6bb9bd380b00', 'nc', 'Em cozinha 4 lâmpadas dependura, estoque seco 1 na mesma situação e cozinha de apoio 2 lâmpadas queimada.', '2026-04-28 19:25:33.54394+00', '2026-04-28 20:15:33.401153+00', NULL, NULL, NULL, NULL),
	('5e2784e0-a133-48f4-b21f-2d306a740bf4', '4bb108ed-6365-48df-8620-f5dc447d308a', 'c1ee0026-9c0b-4ef8-bb6d-6bb9bd380b00', 'conforme', NULL, '2026-04-29 12:24:42.773755+00', '2026-04-29 12:31:04.485807+00', NULL, NULL, NULL, NULL),
	('10a9e4c0-d3c1-4190-94b8-61b338d9e367', '4bb108ed-6365-48df-8620-f5dc447d308a', 'c1ee0035-9c0b-4ef8-bb6d-6bb9bd380b00', 'conforme', NULL, '2026-04-29 12:26:19.848672+00', '2026-04-29 12:31:08.963888+00', NULL, 'lsof -i -P -n | grep LISTEN | awk ''{print $9, $1, $2}'' | sort', NULL, NULL),
	('4f420fb7-98a8-46f4-9be6-cb662d718637', '4bb108ed-6365-48df-8620-f5dc447d308a', 'c1ee0038-9c0b-4ef8-bb6d-6bb9bd380b00', 'na', NULL, '2026-04-29 12:26:41.241426+00', '2026-04-29 12:31:10.7479+00', NULL, 'lsof -i -P -n | grep LISTEN | awk ''{print $9, $1, $2}'' | sort', NULL, NULL),
	('f12a09b6-97e7-406b-97e4-908626b4bf81', '7dc794d9-dadd-4390-8fed-a2d451f13d1e', 'c1ee0030-9c0b-4ef8-bb6d-6bb9bd380b00', 'conforme', NULL, '2026-04-29 13:08:18.017297+00', '2026-04-29 13:11:41.264933+00', NULL, NULL, NULL, NULL),
	('72fa0f34-f4b1-4ea4-b3f9-9b053935f29b', '7dc794d9-dadd-4390-8fed-a2d451f13d1e', 'c1ee0032-9c0b-4ef8-bb6d-6bb9bd380b00', 'conforme', NULL, '2026-04-29 13:08:21.096957+00', '2026-04-29 13:11:42.63743+00', NULL, NULL, NULL, NULL),
	('4a7c19b0-c30f-4b2a-bc19-e094848335be', '7dc794d9-dadd-4390-8fed-a2d451f13d1e', 'c1ee0033-9c0b-4ef8-bb6d-6bb9bd380b00', 'conforme', NULL, '2026-04-29 13:08:22.646161+00', '2026-04-29 13:11:43.30994+00', NULL, NULL, NULL, NULL),
	('e76fbb54-16e7-41b5-9272-3522aeb458fa', '7dc794d9-dadd-4390-8fed-a2d451f13d1e', 'c1ee0035-9c0b-4ef8-bb6d-6bb9bd380b00', 'conforme', NULL, '2026-04-29 13:08:25.664622+00', '2026-04-29 13:11:44.691477+00', NULL, NULL, NULL, NULL),
	('ef6ff5bc-bc15-490b-b8a1-a515e89452e3', '7dc794d9-dadd-4390-8fed-a2d451f13d1e', 'c1ee0039-9c0b-4ef8-bb6d-6bb9bd380b00', 'conforme', NULL, '2026-04-29 13:08:32.601205+00', '2026-04-29 13:11:47.194133+00', NULL, NULL, NULL, NULL),
	('fb8e2a8f-b917-40e8-98de-5125cc8027b3', '7dc794d9-dadd-4390-8fed-a2d451f13d1e', 'c1ee0040-9c0b-4ef8-bb6d-6bb9bd380b00', 'conforme', NULL, '2026-04-29 13:08:34.542161+00', '2026-04-29 13:11:47.824441+00', NULL, NULL, NULL, NULL),
	('218d72a5-e230-4c7b-8ef5-85f92bba9bad', '7dc794d9-dadd-4390-8fed-a2d451f13d1e', 'c1ee0042-9c0b-4ef8-bb6d-6bb9bd380b00', 'conforme', NULL, '2026-04-29 13:08:37.779827+00', '2026-04-29 13:11:49.134415+00', NULL, NULL, NULL, NULL),
	('b6fd4838-5c4a-49b9-92f5-eda0b87d0949', '7dc794d9-dadd-4390-8fed-a2d451f13d1e', 'c1ee0043-9c0b-4ef8-bb6d-6bb9bd380b00', 'conforme', NULL, '2026-04-29 13:08:39.364035+00', '2026-04-29 13:11:49.782198+00', NULL, NULL, NULL, NULL),
	('5c4d95ff-27d8-4e4f-af2a-2525f77764eb', '7dc794d9-dadd-4390-8fed-a2d451f13d1e', 'c1ee0027-9c0b-4ef8-bb6d-6bb9bd380b00', 'na', NULL, '2026-04-29 13:08:03.786899+00', '2026-04-29 13:11:39.388092+00', NULL, NULL, NULL, NULL),
	('0241f8fc-0443-4bad-bb50-305502d616bf', '505b9ed0-91f9-46bf-b12e-45050c262c5e', 'c1ee0020-9c0b-4ef8-bb6d-6bb9bd380b00', 'conforme', NULL, '2026-04-29 13:23:59.868908+00', '2026-04-29 13:29:52.997648+00', NULL, NULL, NULL, NULL),
	('18d9b289-feb0-42d9-909f-6a35e7c33e47', '84bc67c9-adb9-495e-8108-2e883b8b11c4', 'c1ee0028-9c0b-4ef8-bb6d-6bb9bd380b00', 'nc', 'Sacos de lixo em contato direto com o chão e na porta do escritório', '2026-04-29 19:11:59.097484+00', '2026-04-29 20:04:52.354045+00', NULL, NULL, NULL, NULL),
	('f642f52e-4725-45dd-9731-98079648640c', '3e1aeda0-0d7a-4137-9512-a54a91d53536', 'c1ee0038-9c0b-4ef8-bb6d-6bb9bd380b00', 'conforme', NULL, '2026-04-22 18:14:11.901104+00', '2026-04-22 18:14:11.901104+00', NULL, NULL, NULL, NULL),
	('4b4db8e7-e17d-4d2e-b3f2-cf190e705887', '3e1aeda0-0d7a-4137-9512-a54a91d53536', 'c1ee0032-9c0b-4ef8-bb6d-6bb9bd380b00', 'conforme', NULL, '2026-04-22 18:14:30.490174+00', '2026-04-22 18:14:30.490174+00', NULL, NULL, NULL, NULL),
	('14675548-5adc-4a9a-9d23-deab018dd0b7', '581bafb3-ffe1-4d21-816a-1cd6a26b5ba8', 'c1ee0009-9c0b-4ef8-bb6d-6bb9bd380b00', 'conforme', NULL, '2026-04-23 18:34:22.414178+00', '2026-04-23 18:34:22.414178+00', NULL, NULL, NULL, NULL),
	('1a63f6ef-3eb2-4eda-84f9-91ae7aa27356', '581bafb3-ffe1-4d21-816a-1cd6a26b5ba8', 'c1ee0010-9c0b-4ef8-bb6d-6bb9bd380b00', 'conforme', NULL, '2026-04-23 18:34:24.595835+00', '2026-04-23 18:34:24.595835+00', NULL, NULL, NULL, NULL),
	('8a06cedc-eba6-4f67-9854-8b79bb36635a', '581bafb3-ffe1-4d21-816a-1cd6a26b5ba8', 'c1ee0034-9c0b-4ef8-bb6d-6bb9bd380b00', 'conforme', NULL, '2026-04-23 18:39:41.607053+00', '2026-04-23 18:39:41.607053+00', NULL, NULL, NULL, NULL),
	('1c1bb8d2-c65e-42a2-b8b2-de753ef2c62a', '581bafb3-ffe1-4d21-816a-1cd6a26b5ba8', 'c1ee0036-9c0b-4ef8-bb6d-6bb9bd380b00', 'nc', NULL, '2026-04-23 18:40:01.807977+00', '2026-04-23 18:40:01.807977+00', NULL, NULL, NULL, NULL),
	('2e1a38cc-f45c-4db0-a245-8e7a8c4ba6a2', '581bafb3-ffe1-4d21-816a-1cd6a26b5ba8', 'c1ee0012-9c0b-4ef8-bb6d-6bb9bd380b00', 'conforme', NULL, '2026-04-23 18:34:30.686266+00', '2026-04-23 18:45:39.524353+00', NULL, 'Arquivar certificado', NULL, NULL),
	('a9439bb4-0250-4efb-8ef2-90b68514ee86', '825f68f4-5a51-4861-b1f2-cf46fe8ac852', 'c1ee0008-9c0b-4ef8-bb6d-6bb9bd380b00', 'conforme', NULL, '2026-04-24 15:05:24.758729+00', '2026-04-24 15:27:53.715868+00', NULL, 'Implantada no sushibar. 
Em processo na cozinha.', NULL, NULL),
	('89118516-393d-406f-b145-88e774d393b8', '825f68f4-5a51-4861-b1f2-cf46fe8ac852', 'c1ee0020-9c0b-4ef8-bb6d-6bb9bd380b00', 'nc', 'Pendente saboneteira e papeleira devidamente abastecidas.', '2026-04-24 15:13:51.781904+00', '2026-04-24 15:27:54.114884+00', NULL, NULL, NULL, NULL),
	('10f28ca5-484e-49ae-b911-18d43fef4cd0', '825f68f4-5a51-4861-b1f2-cf46fe8ac852', 'c1ee0024-9c0b-4ef8-bb6d-6bb9bd380b00', 'nc', 'Encontro produtos sem identificação e vencidos. Sinalizo cogumelo com validade até 24/04.', '2026-04-24 15:14:51.731222+00', '2026-04-24 15:27:54.534873+00', NULL, NULL, NULL, NULL),
	('eb273eed-8ea5-47ab-a72b-566b73b9a8af', '825f68f4-5a51-4861-b1f2-cf46fe8ac852', 'c1ee0034-9c0b-4ef8-bb6d-6bb9bd380b00', 'conforme', NULL, '2026-04-24 15:20:54.167818+00', '2026-04-24 15:27:54.884895+00', NULL, NULL, NULL, NULL),
	('6fcda992-c21e-47b6-912f-b8c121f49679', '825f68f4-5a51-4861-b1f2-cf46fe8ac852', 'c1ee0040-9c0b-4ef8-bb6d-6bb9bd380b00', 'nc', 'Pendente.', '2026-04-24 15:22:04.028196+00', '2026-04-24 15:27:55.248375+00', NULL, NULL, NULL, NULL),
	('de78413d-4bcf-4912-9878-ef653a1b338b', 'bd32c131-09ae-4c79-97fd-69dd8dcf3806', 'c1ee0019-9c0b-4ef8-bb6d-6bb9bd380b00', 'conforme', NULL, '2026-04-24 16:52:39.659536+00', '2026-04-24 16:58:07.968384+00', NULL, NULL, NULL, NULL),
	('88be6e02-9baf-4a27-b104-6ae3f1a4c114', 'bd32c131-09ae-4c79-97fd-69dd8dcf3806', 'c1ee0023-9c0b-4ef8-bb6d-6bb9bd380b00', 'conforme', NULL, '2026-04-24 16:52:49.056632+00', '2026-04-24 16:58:08.362833+00', NULL, NULL, NULL, NULL),
	('c48f260d-17c7-4df8-a087-d45d949ea58e', 'bd32c131-09ae-4c79-97fd-69dd8dcf3806', 'c1ee0026-9c0b-4ef8-bb6d-6bb9bd380b00', 'conforme', NULL, '2026-04-24 16:52:54.482651+00', '2026-04-24 16:58:08.945544+00', NULL, NULL, NULL, NULL),
	('517cc25a-9a94-4440-a015-70e9a52c60a0', 'bdfbdffa-25b5-4532-906c-7f4576aa916d', 'c1ee0003-9c0b-4ef8-bb6d-6bb9bd380b00', 'conforme', NULL, '2026-04-24 01:21:31.66207+00', '2026-04-24 01:25:41.04678+00', NULL, NULL, NULL, NULL),
	('1acf4a96-6f23-463c-b7ee-a2cdfe9c0816', 'bdfbdffa-25b5-4532-906c-7f4576aa916d', 'c1ee0013-9c0b-4ef8-bb6d-6bb9bd380b00', 'conforme', NULL, '2026-04-24 01:21:44.776439+00', '2026-04-24 01:25:43.391849+00', NULL, NULL, NULL, NULL),
	('6ae9d174-2f34-4132-8899-478effd0339f', 'bdfbdffa-25b5-4532-906c-7f4576aa916d', 'c1ee0011-9c0b-4ef8-bb6d-6bb9bd380b00', 'conforme', NULL, '2026-04-24 01:21:49.617535+00', '2026-04-24 01:25:44.497931+00', NULL, NULL, NULL, NULL),
	('c951618b-aa5f-44f4-b220-bb8489c1bfcb', 'bdfbdffa-25b5-4532-906c-7f4576aa916d', 'c1ee0017-9c0b-4ef8-bb6d-6bb9bd380b00', 'conforme', NULL, '2026-04-24 01:21:59.186971+00', '2026-04-24 01:25:46.210404+00', NULL, NULL, NULL, NULL),
	('034e4094-3218-48ec-b41f-f1e0be1c9bd5', 'bdfbdffa-25b5-4532-906c-7f4576aa916d', 'c1ee0027-9c0b-4ef8-bb6d-6bb9bd380b00', 'nc', 'texto e teste', '2026-04-24 01:22:09.384551+00', '2026-04-24 01:25:47.240665+00', NULL, NULL, NULL, NULL),
	('439f9ef7-f92b-447a-8db6-b234e6e2c0c6', 'bdfbdffa-25b5-4532-906c-7f4576aa916d', 'c1ee0025-9c0b-4ef8-bb6d-6bb9bd380b00', 'nc', 'validar', '2026-04-24 01:22:37.864725+00', '2026-04-24 01:25:48.310482+00', NULL, 'texto de açao?', NULL, NULL),
	('14b7097b-ddf9-481f-99fb-839e0505a91a', 'bdfbdffa-25b5-4532-906c-7f4576aa916d', 'c1ee0021-9c0b-4ef8-bb6d-6bb9bd380b00', 'conforme', NULL, '2026-04-24 01:23:03.095675+00', '2026-04-24 01:25:49.677678+00', NULL, NULL, NULL, NULL),
	('02a6504b-9be5-4ac6-a09a-f92dace7212f', 'bdfbdffa-25b5-4532-906c-7f4576aa916d', 'c1ee0032-9c0b-4ef8-bb6d-6bb9bd380b00', 'nc', 'teste', '2026-04-24 01:23:47.005828+00', '2026-04-24 01:25:51.681014+00', NULL, NULL, NULL, NULL),
	('a17a9628-6ca5-441b-9379-c114840fb35e', 'bdfbdffa-25b5-4532-906c-7f4576aa916d', 'c1ee0037-9c0b-4ef8-bb6d-6bb9bd380b00', 'nc', 'teste', '2026-04-24 01:23:54.236746+00', '2026-04-24 01:25:53.602527+00', NULL, NULL, NULL, NULL),
	('a3440a57-923b-4250-b5cd-67b22fa8f1e0', 'bdfbdffa-25b5-4532-906c-7f4576aa916d', 'c1ee0043-9c0b-4ef8-bb6d-6bb9bd380b00', 'conforme', NULL, '2026-04-24 01:24:03.859874+00', '2026-04-24 01:25:55.358267+00', NULL, NULL, NULL, NULL),
	('4c7fa798-22f2-4db1-bc0d-eb760d018721', 'bdfbdffa-25b5-4532-906c-7f4576aa916d', 'c1ee0041-9c0b-4ef8-bb6d-6bb9bd380b00', 'conforme', NULL, '2026-04-24 01:24:10.322404+00', '2026-04-24 01:25:55.695694+00', NULL, NULL, NULL, NULL),
	('d3e76f2c-d0e3-46f1-b34b-87ffe26857e6', 'c662d9fe-ee16-4e21-9b83-3ec499f50ca2', 'c1ee0029-9c0b-4ef8-bb6d-6bb9bd380b00', 'conforme', NULL, '2026-04-24 16:39:24.959799+00', '2026-04-24 16:43:30.746048+00', NULL, NULL, NULL, NULL),
	('5387897f-240b-45c0-b1d2-ce328cfe41d2', 'c662d9fe-ee16-4e21-9b83-3ec499f50ca2', 'c1ee0032-9c0b-4ef8-bb6d-6bb9bd380b00', 'conforme', NULL, '2026-04-24 16:39:32.570719+00', '2026-04-24 16:43:32.243692+00', NULL, NULL, NULL, NULL),
	('da8e2633-6188-4617-8bff-25537f6721f2', 'c662d9fe-ee16-4e21-9b83-3ec499f50ca2', 'c1ee0037-9c0b-4ef8-bb6d-6bb9bd380b00', 'conforme', NULL, '2026-04-24 16:39:45.905567+00', '2026-04-24 16:43:35.954245+00', NULL, NULL, NULL, NULL),
	('9d491311-8a9a-455b-867d-1ee9b576d714', 'c662d9fe-ee16-4e21-9b83-3ec499f50ca2', 'c1ee0040-9c0b-4ef8-bb6d-6bb9bd380b00', 'conforme', NULL, '2026-04-24 16:39:54.699794+00', '2026-04-24 16:43:37.549889+00', NULL, NULL, NULL, NULL),
	('d6e2e1c9-6543-4d71-aadc-ba08e489e1ab', '505b9ed0-91f9-46bf-b12e-45050c262c5e', 'c1ee0028-9c0b-4ef8-bb6d-6bb9bd380b00', 'conforme', NULL, '2026-04-29 13:27:41.870722+00', '2026-04-29 13:29:55.926863+00', NULL, NULL, NULL, NULL),
	('4ce64826-778e-471c-bb42-605d90f49e37', '66b495bc-4311-4809-90c6-a8b149f70302', 'c1ee0020-9c0b-4ef8-bb6d-6bb9bd380b00', 'conforme', NULL, '2026-04-27 13:09:57.909661+00', '2026-04-27 13:22:54.185282+00', NULL, NULL, NULL, NULL),
	('458498d4-e1e0-4072-9d44-3907e8986a37', 'c662d9fe-ee16-4e21-9b83-3ec499f50ca2', 'c1ee0043-9c0b-4ef8-bb6d-6bb9bd380b00', 'na', NULL, '2026-04-24 16:39:59.210295+00', '2026-04-24 16:43:38.937213+00', NULL, NULL, NULL, NULL),
	('2192ff17-9229-4a72-9410-7ca2b0cf7d4f', '66b495bc-4311-4809-90c6-a8b149f70302', 'c1ee0025-9c0b-4ef8-bb6d-6bb9bd380b00', 'conforme', NULL, '2026-04-27 13:10:16.794371+00', '2026-04-27 13:22:54.535813+00', NULL, NULL, NULL, NULL),
	('3b05d669-4749-4f23-995c-b5a9e8f9fcc6', '84bc67c9-adb9-495e-8108-2e883b8b11c4', 'c1ee0035-9c0b-4ef8-bb6d-6bb9bd380b00', 'nc', 'Responsabilidade do hotel, feito a solicitação via e-mail.', '2026-04-29 19:47:05.876085+00', '2026-04-29 20:04:57.71025+00', NULL, NULL, NULL, NULL),
	('86e200cd-1fea-4a95-9974-c6d09f1d52c6', '7dc794d9-dadd-4390-8fed-a2d451f13d1e', 'c1ee0028-9c0b-4ef8-bb6d-6bb9bd380b00', 'conforme', NULL, '2026-04-29 13:08:05.768431+00', '2026-04-29 13:11:40.038638+00', NULL, NULL, NULL, NULL),
	('13055e38-511e-4422-a52a-6e739e0598fa', '7dc794d9-dadd-4390-8fed-a2d451f13d1e', 'c1ee0034-9c0b-4ef8-bb6d-6bb9bd380b00', 'conforme', NULL, '2026-04-29 13:08:24.133982+00', '2026-04-29 13:11:44.025184+00', NULL, NULL, NULL, NULL),
	('e53187f8-dd26-413a-9e97-96b57ff13acc', '7dc794d9-dadd-4390-8fed-a2d451f13d1e', 'c1ee0036-9c0b-4ef8-bb6d-6bb9bd380b00', 'conforme', NULL, '2026-04-29 13:08:27.037107+00', '2026-04-29 13:11:45.380594+00', NULL, NULL, NULL, NULL),
	('2f740794-4809-4bde-84da-aee331ee1802', '7dc794d9-dadd-4390-8fed-a2d451f13d1e', 'c1ee0037-9c0b-4ef8-bb6d-6bb9bd380b00', 'conforme', NULL, '2026-04-29 13:08:28.719425+00', '2026-04-29 13:11:46.021224+00', NULL, NULL, NULL, NULL),
	('f25399a8-322f-4490-8cb9-56d946410d3b', '4bb108ed-6365-48df-8620-f5dc447d308a', 'c1ee0009-9c0b-4ef8-bb6d-6bb9bd380b00', 'conforme', NULL, '2026-04-29 12:20:12.67323+00', '2026-04-29 12:30:53.874539+00', NULL, NULL, NULL, NULL),
	('e89a81f2-2add-46a8-883a-66d2ad2aacaa', '4bb108ed-6365-48df-8620-f5dc447d308a', 'c1ee0027-9c0b-4ef8-bb6d-6bb9bd380b00', 'conforme', NULL, '2026-04-29 12:24:45.340267+00', '2026-04-29 12:31:05.135543+00', NULL, NULL, NULL, NULL),
	('6cabcedc-c8c0-48b2-8880-7538ac432d69', '4bb108ed-6365-48df-8620-f5dc447d308a', 'c1ee0033-9c0b-4ef8-bb6d-6bb9bd380b00', 'nc', 'lsof -i -P -n | grep LISTEN | awk ''{print $9, $1, $2}'' | sort', '2026-04-29 12:25:36.099342+00', '2026-04-29 12:31:08.249512+00', NULL, NULL, NULL, NULL),
	('67c73141-7c26-435e-bfbd-a77aa08dac38', '4bb108ed-6365-48df-8620-f5dc447d308a', 'c1ee0036-9c0b-4ef8-bb6d-6bb9bd380b00', 'conforme', NULL, '2026-04-29 12:26:26.242564+00', '2026-04-29 12:31:09.583377+00', NULL, 'lsof -i -P -n | grep LISTEN | awk ''{print $9, $1, $2}'' | sort', NULL, NULL),
	('f11580f1-636d-461b-8caf-138e3f6494f2', '1274ff95-df92-4d35-b794-0b851b6a099b', 'c1ee0003-9c0b-4ef8-bb6d-6bb9bd380b00', 'nc', 'Em cozinha necessário retirar se possível ducto de coifa a qual não existe mais.', '2026-04-28 19:28:34.911761+00', '2026-04-28 20:15:34.676754+00', NULL, NULL, NULL, NULL),
	('823b8e93-fcc2-42d3-8381-716f58dbadcf', '1274ff95-df92-4d35-b794-0b851b6a099b', 'c1ee0021-9c0b-4ef8-bb6d-6bb9bd380b00', 'nc', 'Em momentos de fluxo as operações sujo com limpo se misturam, já orientados quanto a não conformidade.', '2026-04-28 20:07:52.946624+00', '2026-04-28 20:15:43.485179+00', NULL, NULL, NULL, NULL),
	('f64d4128-6d02-4eec-b7e3-1e044678d26c', '505b9ed0-91f9-46bf-b12e-45050c262c5e', 'c1ee0026-9c0b-4ef8-bb6d-6bb9bd380b00', 'conforme', NULL, '2026-04-29 13:27:21.742105+00', '2026-04-29 13:29:55.225067+00', NULL, NULL, NULL, NULL),
	('2a7d4293-8e15-4f10-809a-c5de5dce9569', '505b9ed0-91f9-46bf-b12e-45050c262c5e', 'c1ee0027-9c0b-4ef8-bb6d-6bb9bd380b00', 'conforme', NULL, '2026-04-29 13:27:38.339499+00', '2026-04-29 13:29:55.573895+00', NULL, NULL, NULL, NULL),
	('f697cc32-3ebe-4ae8-9e6f-f4a24c047ba2', 'd93aa2db-f094-4a24-9e76-71e30c8f4361', 'c1ee0006-9c0b-4ef8-bb6d-6bb9bd380b00', 'conforme', NULL, '2026-04-30 16:40:59.562642+00', '2026-04-30 17:11:08.934864+00', NULL, NULL, NULL, NULL),
	('e1a1eccb-50de-4aba-83bb-1f9664f22c58', 'd93aa2db-f094-4a24-9e76-71e30c8f4361', 'c1ee0020-9c0b-4ef8-bb6d-6bb9bd380b00', 'nc', 'Saboneteira desabastecida.', '2026-04-30 16:52:28.425368+00', '2026-04-30 17:11:12.874738+00', NULL, NULL, NULL, NULL),
	('c1228463-302b-46f1-82e1-c6800c4ca65c', '84bc67c9-adb9-495e-8108-2e883b8b11c4', 'c1ee0014-9c0b-4ef8-bb6d-6bb9bd380b00', 'conforme', NULL, '2026-04-29 18:54:29.094844+00', '2026-04-29 20:04:46.924856+00', NULL, 'Lixeira da piscina estava limpa mas tinha resíduo no saco e estava com mau cheiro', NULL, NULL),
	('1d60b61d-c49b-41e9-95ee-982b399421b1', '84bc67c9-adb9-495e-8108-2e883b8b11c4', 'c1ee0029-9c0b-4ef8-bb6d-6bb9bd380b00', 'conforme', NULL, '2026-04-29 19:16:28.372296+00', '2026-04-29 20:04:52.717616+00', NULL, 'Feito em 11/2025', NULL, NULL),
	('cbfac04e-5a60-43af-8231-87e5b7de8eea', 'd93aa2db-f094-4a24-9e76-71e30c8f4361', 'c1ee0036-9c0b-4ef8-bb6d-6bb9bd380b00', 'nc', 'Pendente.', '2026-04-30 16:59:54.923684+00', '2026-04-30 17:11:21.730538+00', NULL, NULL, NULL, NULL),
	('d30aa4a6-37b6-400d-a480-b9703d0ac07c', '7374c257-0c0a-4833-8a61-74f7074e15f9', 'c1ee0016-9c0b-4ef8-bb6d-6bb9bd380b00', 'nc', 'Encontro diversos produtos com etiqueta vencida e vencido. Colaboradores sinalizados. Sinalizo também o vencimento da Stracciatrella em 30/04/26.', '2026-04-29 20:22:13.312873+00', '2026-04-30 22:38:56.907809+00', NULL, 'Na visita reuni os funcionários para sinalizar erro no procedimento, ver quais são as dúvidas e reorientei o procedimento, alinhamos', NULL, NULL),
	('128f5060-f706-4a96-905d-43fc63d4d057', 'e5819bf1-8a4e-4d7c-8b36-cc550bc6fedc', 'c1ee0032-9c0b-4ef8-bb6d-6bb9bd380b00', 'nc', 'LTCAT elaborado em 02/2025.', '2026-05-04 13:52:07.321291+00', '2026-05-04 14:06:34.547446+00', NULL, NULL, '2026-02-28', NULL),
	('e585f0ef-c69a-40d0-b9fa-57a047195e4e', 'e5819bf1-8a4e-4d7c-8b36-cc550bc6fedc', 'c1ee0017-9c0b-4ef8-bb6d-6bb9bd380b00', 'nc', 'Encontro fardo de refrigerante em contato direto com o piso. Realizo adequação.', '2026-05-04 13:46:01.44886+00', '2026-05-04 14:06:32.877583+00', NULL, NULL, NULL, NULL),
	('52bcc9fe-7efb-4f1c-8cb2-8b0e45de08af', 'e5819bf1-8a4e-4d7c-8b36-cc550bc6fedc', 'c1ee0025-9c0b-4ef8-bb6d-6bb9bd380b00', 'conforme', NULL, '2026-05-04 13:49:42.72819+00', '2026-05-04 14:06:34.219733+00', NULL, NULL, NULL, NULL),
	('45537259-6765-4a5d-8a17-e398987c8dd9', 'e5819bf1-8a4e-4d7c-8b36-cc550bc6fedc', 'c1ee0020-9c0b-4ef8-bb6d-6bb9bd380b00', 'conforme', NULL, '2026-05-04 13:47:40.178506+00', '2026-05-04 14:06:33.76893+00', NULL, 'Encontro saboneteiras e papeleiras abastecidas.', NULL, NULL),
	('a0f54f4d-033c-4c29-9700-19824ffd37ba', '3e1aeda0-0d7a-4137-9512-a54a91d53536', 'c1ee0037-9c0b-4ef8-bb6d-6bb9bd380b00', 'conforme', NULL, '2026-04-22 18:14:13.95262+00', '2026-04-22 18:14:13.95262+00', NULL, NULL, NULL, NULL),
	('fdc9f405-034c-49c7-aaed-6f5c6ebff861', '3e1aeda0-0d7a-4137-9512-a54a91d53536', 'c1ee0030-9c0b-4ef8-bb6d-6bb9bd380b00', 'conforme', NULL, '2026-04-22 18:14:39.118675+00', '2026-04-22 18:14:39.118675+00', NULL, NULL, NULL, NULL),
	('819238da-c65f-4534-820a-b0b1fa77c15c', '581bafb3-ffe1-4d21-816a-1cd6a26b5ba8', 'c1ee0014-9c0b-4ef8-bb6d-6bb9bd380b00', 'conforme', NULL, '2026-04-23 18:34:49.499726+00', '2026-04-23 18:34:49.499726+00', NULL, NULL, NULL, NULL),
	('5491e87e-d5e6-453d-ac80-716f022ad0e0', '581bafb3-ffe1-4d21-816a-1cd6a26b5ba8', 'c1ee0039-9c0b-4ef8-bb6d-6bb9bd380b00', 'conforme', NULL, '2026-04-23 18:40:40.706308+00', '2026-04-23 18:40:40.706308+00', NULL, NULL, NULL, NULL),
	('5f874209-bef6-4901-8531-d05242682196', '825f68f4-5a51-4861-b1f2-cf46fe8ac852', 'c1ee0009-9c0b-4ef8-bb6d-6bb9bd380b00', 'conforme', NULL, '2026-04-24 15:06:07.99649+00', '2026-04-24 15:27:55.577887+00', NULL, NULL, NULL, NULL),
	('b1672620-769a-43b0-80f4-00a032ae4b82', '825f68f4-5a51-4861-b1f2-cf46fe8ac852', 'c1ee0021-9c0b-4ef8-bb6d-6bb9bd380b00', 'nc', 'Cozinha: louça suja e produção.', '2026-04-24 15:14:14.593533+00', '2026-04-24 15:27:55.892555+00', NULL, NULL, NULL, NULL),
	('c1e903b0-cae2-4581-b900-b76ca3833284', '825f68f4-5a51-4861-b1f2-cf46fe8ac852', 'c1ee0035-9c0b-4ef8-bb6d-6bb9bd380b00', 'conforme', NULL, '2026-04-24 15:21:00.598947+00', '2026-04-24 15:27:56.215917+00', NULL, NULL, NULL, NULL),
	('56ed452c-98dd-4f05-8af4-66d2808e123a', '825f68f4-5a51-4861-b1f2-cf46fe8ac852', 'c1ee0043-9c0b-4ef8-bb6d-6bb9bd380b00', 'conforme', NULL, '2026-04-24 15:22:36.294989+00', '2026-04-24 15:27:56.595122+00', NULL, NULL, NULL, NULL),
	('39579d88-84ae-4476-bdba-4c437c43c8b5', 'bdfbdffa-25b5-4532-906c-7f4576aa916d', 'c1ee0006-9c0b-4ef8-bb6d-6bb9bd380b00', 'conforme', NULL, '2026-04-24 01:21:37.426105+00', '2026-04-24 01:25:42.31949+00', NULL, NULL, NULL, NULL),
	('e602c759-f459-4a46-b95f-567b57453229', 'bdfbdffa-25b5-4532-906c-7f4576aa916d', 'c1ee0014-9c0b-4ef8-bb6d-6bb9bd380b00', 'conforme', NULL, '2026-04-24 01:21:46.300417+00', '2026-04-24 01:25:43.753324+00', NULL, NULL, NULL, NULL),
	('f72cb6f9-211d-4b66-978c-2546b7bc9167', 'bdfbdffa-25b5-4532-906c-7f4576aa916d', 'c1ee0022-9c0b-4ef8-bb6d-6bb9bd380b00', 'conforme', NULL, '2026-04-24 01:23:01.171764+00', '2026-04-24 01:25:49.337734+00', NULL, NULL, NULL, NULL),
	('66ab49ff-1e4a-4b67-a4f5-73c8b687f9f1', 'bdfbdffa-25b5-4532-906c-7f4576aa916d', 'c1ee0030-9c0b-4ef8-bb6d-6bb9bd380b00', 'nc', 'teste', '2026-04-24 01:23:34.73805+00', '2026-04-24 01:25:50.855248+00', NULL, 'testes', NULL, NULL),
	('0bdc784e-89a5-4597-8c90-c625abce31a9', '1274ff95-df92-4d35-b794-0b851b6a099b', 'c1ee0025-9c0b-4ef8-bb6d-6bb9bd380b00', 'nc', 'Sinalizo colaboradores a não deixar o balde de batata palito desprotegido debaixo das prateleiras de apoio.', '2026-04-28 20:10:30.944481+00', '2026-04-28 20:15:44.843363+00', NULL, NULL, NULL, NULL),
	('8159ed99-6efe-4964-bae0-a432206320b6', 'bd32c131-09ae-4c79-97fd-69dd8dcf3806', 'c1ee0029-9c0b-4ef8-bb6d-6bb9bd380b00', 'conforme', NULL, '2026-04-24 16:56:01.029402+00', '2026-04-24 16:58:10.631129+00', NULL, NULL, NULL, NULL),
	('84b4aa89-9b3c-4340-bd0f-33d62dcf786a', 'bd32c131-09ae-4c79-97fd-69dd8dcf3806', 'c1ee0032-9c0b-4ef8-bb6d-6bb9bd380b00', 'conforme', NULL, '2026-04-24 16:56:05.500632+00', '2026-04-24 16:58:11.92136+00', NULL, NULL, NULL, NULL),
	('d5e5fc2f-1f56-4de3-840b-a9a596907a44', 'bd32c131-09ae-4c79-97fd-69dd8dcf3806', 'c1ee0035-9c0b-4ef8-bb6d-6bb9bd380b00', 'conforme', NULL, '2026-04-24 16:56:09.638798+00', '2026-04-24 16:58:13.133249+00', NULL, NULL, NULL, NULL),
	('1a1e2f2a-0990-423d-9293-bebfe5d3985d', 'bd32c131-09ae-4c79-97fd-69dd8dcf3806', 'c1ee0039-9c0b-4ef8-bb6d-6bb9bd380b00', 'conforme', NULL, '2026-04-24 16:56:15.627693+00', '2026-04-24 16:58:14.627643+00', NULL, NULL, NULL, NULL),
	('f3307e0c-c8d2-47e4-8fcc-2622b2dbf694', 'bd32c131-09ae-4c79-97fd-69dd8dcf3806', 'c1ee0043-9c0b-4ef8-bb6d-6bb9bd380b00', 'nc', 'nao conforme as regras', '2026-04-24 16:56:21.257138+00', '2026-04-24 16:58:16.099444+00', NULL, 'plano de acao para NC', NULL, NULL),
	('5f233c1e-bf67-47ee-9c78-700fbc63f7be', 'c662d9fe-ee16-4e21-9b83-3ec499f50ca2', 'c1ee0030-9c0b-4ef8-bb6d-6bb9bd380b00', 'conforme', NULL, '2026-04-24 16:39:28.452864+00', '2026-04-24 16:43:31.243856+00', NULL, NULL, NULL, NULL),
	('d28ab772-db56-413a-a746-4a7efbad67b9', 'c662d9fe-ee16-4e21-9b83-3ec499f50ca2', 'c1ee0033-9c0b-4ef8-bb6d-6bb9bd380b00', 'conforme', NULL, '2026-04-24 16:39:35.162257+00', '2026-04-24 16:43:33.013867+00', NULL, NULL, NULL, NULL),
	('e7a56e8c-6c5e-4137-aeff-bd80ead25aa1', 'c662d9fe-ee16-4e21-9b83-3ec499f50ca2', 'c1ee0035-9c0b-4ef8-bb6d-6bb9bd380b00', 'conforme', NULL, '2026-04-24 16:39:41.044205+00', '2026-04-24 16:43:34.750743+00', NULL, NULL, NULL, NULL),
	('8627fc4a-5f00-424a-9339-03060f90c41c', 'c662d9fe-ee16-4e21-9b83-3ec499f50ca2', 'c1ee0039-9c0b-4ef8-bb6d-6bb9bd380b00', 'conforme', NULL, '2026-04-24 16:39:53.742058+00', '2026-04-24 16:43:37.01425+00', NULL, NULL, NULL, NULL),
	('14035ae4-26ab-44be-a4b5-998eec7df4e8', 'c662d9fe-ee16-4e21-9b83-3ec499f50ca2', 'c1ee0042-9c0b-4ef8-bb6d-6bb9bd380b00', 'na', NULL, '2026-04-24 16:39:57.714967+00', '2026-04-24 16:43:38.467279+00', NULL, NULL, NULL, NULL),
	('65c9d78f-a7a9-45a1-8f1d-31d8319b3547', '7374c257-0c0a-4833-8a61-74f7074e15f9', 'c1ee0020-9c0b-4ef8-bb6d-6bb9bd380b00', 'conforme', NULL, '2026-04-29 20:29:32.270498+00', '2026-04-30 22:38:57.378051+00', NULL, NULL, NULL, NULL),
	('253e94c9-2d7a-4ed0-900c-c49ab86e91cf', '7374c257-0c0a-4833-8a61-74f7074e15f9', 'c1ee0001-9c0b-4ef8-bb6d-6bb9bd380b00', 'nc', 'É necessário realizar a manutenção (fechamento) deste buraco no teto.', '2026-04-29 19:59:00.02067+00', '2026-04-30 22:38:57.838414+00', NULL, NULL, NULL, NULL),
	('6e57a67d-fcb0-4514-9a73-0f47aebfc899', '7374c257-0c0a-4833-8a61-74f7074e15f9', 'c1ee0017-9c0b-4ef8-bb6d-6bb9bd380b00', 'conforme', NULL, '2026-04-29 20:28:56.129207+00', '2026-04-30 22:38:58.299285+00', NULL, 'Melhorar a organização.', NULL, NULL),
	('09bfae10-5a56-423d-8e78-deb01edc8a5b', '4bb108ed-6365-48df-8620-f5dc447d308a', 'c1ee0012-9c0b-4ef8-bb6d-6bb9bd380b00', 'conforme', NULL, '2026-04-29 12:20:23.507238+00', '2026-04-29 12:30:54.411734+00', NULL, NULL, NULL, NULL),
	('902a34f3-6295-4d7d-a1a9-8a9906d92c4a', '4bb108ed-6365-48df-8620-f5dc447d308a', 'c1ee0029-9c0b-4ef8-bb6d-6bb9bd380b00', 'conforme', NULL, '2026-04-29 12:24:54.59006+00', '2026-04-29 12:31:05.823302+00', NULL, NULL, NULL, NULL),
	('99755a64-20d3-43ff-a286-77977bd43bba', '66b495bc-4311-4809-90c6-a8b149f70302', 'c1ee0023-9c0b-4ef8-bb6d-6bb9bd380b00', 'conforme', NULL, '2026-04-27 13:10:06.104968+00', '2026-04-27 13:22:54.923216+00', NULL, NULL, NULL, NULL),
	('f2e57bad-1f18-4dcf-a9fc-db07e6573272', '66b495bc-4311-4809-90c6-a8b149f70302', 'c1ee0027-9c0b-4ef8-bb6d-6bb9bd380b00', 'conforme', NULL, '2026-04-27 13:10:21.624301+00', '2026-04-27 13:22:55.269575+00', NULL, NULL, NULL, NULL),
	('122107bb-138f-409d-be4d-e9c889576a2f', '4bb108ed-6365-48df-8620-f5dc447d308a', 'c1ee0031-9c0b-4ef8-bb6d-6bb9bd380b00', 'conforme', NULL, '2026-04-29 12:24:59.374335+00', '2026-04-29 12:31:06.982389+00', NULL, NULL, NULL, NULL),
	('85a1baf2-5cf0-4e6a-bd32-32220233d138', '7dc794d9-dadd-4390-8fed-a2d451f13d1e', 'c1ee0008-9c0b-4ef8-bb6d-6bb9bd380b00', 'conforme', NULL, '2026-04-29 13:09:53.208399+00', '2026-04-29 13:11:50.416806+00', NULL, NULL, NULL, NULL),
	('8be018ff-927c-4dd5-8f1f-885ea294fc94', '449f7661-1c48-4000-807a-493f74660774', 'c1ee0002-9c0b-4ef8-bb6d-6bb9bd380b00', 'nc', 'vencido', '2026-04-29 15:27:35.373117+00', '2026-04-29 15:28:18.900715+00', NULL, NULL, '2026-04-28', NULL),
	('94c0ff81-77ae-4027-863c-a26de440ef47', '449f7661-1c48-4000-807a-493f74660774', 'c1ee0006-9c0b-4ef8-bb6d-6bb9bd380b00', 'conforme', NULL, '2026-04-29 15:28:11.782227+00', '2026-04-29 15:28:20.886165+00', NULL, NULL, NULL, NULL),
	('650ce814-6e9f-4c8c-bde2-ad4c6a4292d2', 'd93aa2db-f094-4a24-9e76-71e30c8f4361', 'c1ee0033-9c0b-4ef8-bb6d-6bb9bd380b00', 'nc', 'Certificado pendente.', '2026-04-30 17:00:25.912909+00', '2026-04-30 17:11:22.167113+00', NULL, NULL, '2026-01-02', NULL),
	('5de7de9a-8e00-4dfc-bf4f-8bb3c45a15a9', '1274ff95-df92-4d35-b794-0b851b6a099b', 'c1ee0004-9c0b-4ef8-bb6d-6bb9bd380b00', 'nc', 'Tela milimétrica proteção cozinha com muita sujidade e um dos vidros estoque seco está quebrado.', '2026-04-28 19:34:25.772838+00', '2026-04-28 20:15:36.815704+00', NULL, NULL, NULL, NULL),
	('9f30e449-3ff4-41ad-897f-e0a9d01dc0d3', '1274ff95-df92-4d35-b794-0b851b6a099b', 'c1ee0022-9c0b-4ef8-bb6d-6bb9bd380b00', 'conforme', NULL, '2026-04-28 20:10:16.087735+00', '2026-04-28 20:15:43.844092+00', NULL, NULL, NULL, NULL),
	('2f4a2bda-67dc-4094-aeee-dcc93491404c', '1274ff95-df92-4d35-b794-0b851b6a099b', 'c1ee0023-9c0b-4ef8-bb6d-6bb9bd380b00', 'conforme', NULL, '2026-04-28 20:10:20.822474+00', '2026-04-28 20:15:44.208278+00', NULL, NULL, NULL, NULL),
	('d8b4975d-81a6-4662-a08d-73c0c71a8031', '1274ff95-df92-4d35-b794-0b851b6a099b', 'c1ee0024-9c0b-4ef8-bb6d-6bb9bd380b00', 'conforme', NULL, '2026-04-28 20:10:25.541807+00', '2026-04-28 20:15:44.518659+00', NULL, NULL, NULL, NULL),
	('e1f774c0-36a3-40d4-b1c5-5124bdb9913d', '7374c257-0c0a-4833-8a61-74f7074e15f9', 'c1ee0018-9c0b-4ef8-bb6d-6bb9bd380b00', 'conforme', NULL, '2026-04-29 20:29:09.480592+00', '2026-04-30 22:38:58.804418+00', NULL, NULL, NULL, NULL),
	('ec30e548-93e7-4281-be3a-9c0abf7079b9', '7374c257-0c0a-4833-8a61-74f7074e15f9', 'c1ee0037-9c0b-4ef8-bb6d-6bb9bd380b00', 'nc', 'A vela do filtro da máquina de gelo e do bebedouro dos funcionários, pela legislação  se encontra vencido pois tem validade de 6 meses e se a casa foi inaugurada em 26/10/2025, venceu em abril. 
Precisamos providenciar a troca.
Precisa também solicitar limpeza do elemento filtrante do ar condicionado dentro da área de produção.', '2026-04-29 20:48:18.748879+00', '2026-04-30 22:38:59.256368+00', NULL, NULL, NULL, NULL),
	('441ab68b-82b1-4ae1-8e22-667209cd6c64', '84bc67c9-adb9-495e-8108-2e883b8b11c4', 'c1ee0015-9c0b-4ef8-bb6d-6bb9bd380b00', 'nc', 'Planilha sem preenchimento algum', '2026-04-29 18:55:07.861856+00', '2026-04-29 20:04:47.303215+00', NULL, NULL, NULL, NULL),
	('5d9e19b3-778b-4ec1-9821-7408298b6206', '84bc67c9-adb9-495e-8108-2e883b8b11c4', 'c1ee0016-9c0b-4ef8-bb6d-6bb9bd380b00', 'nc', 'Produtos armazenados sem identificação 
Pétit gateu recebido sem identificação', '2026-04-29 18:55:26.1741+00', '2026-04-29 20:04:47.69695+00', NULL, NULL, NULL, NULL),
	('e52e01bb-0eac-472f-aadb-ed235f41bcc0', '84bc67c9-adb9-495e-8108-2e883b8b11c4', 'c1ee0030-9c0b-4ef8-bb6d-6bb9bd380b00', 'conforme', NULL, '2026-04-29 19:16:46.372777+00', '2026-04-29 20:04:53.086486+00', NULL, 'Aplicado treinamento', NULL, NULL),
	('ab96d6f3-6085-45ee-968e-d0bbe3068de7', 'e5819bf1-8a4e-4d7c-8b36-cc550bc6fedc', 'c1ee0021-9c0b-4ef8-bb6d-6bb9bd380b00', 'conforme', NULL, '2026-05-04 13:48:02.811923+00', '2026-05-04 14:06:36.435143+00', NULL, NULL, NULL, NULL),
	('023184ef-3bfb-40ac-b3ad-924f449340a3', 'e5819bf1-8a4e-4d7c-8b36-cc550bc6fedc', 'c1ee0022-9c0b-4ef8-bb6d-6bb9bd380b00', 'conforme', NULL, '2026-05-04 13:48:14.627311+00', '2026-05-04 14:06:36.747412+00', NULL, 'Oriento RH revisar todas as fichas de EPI para adequação e atualização.', NULL, NULL),
	('10122452-f57b-49da-ae6f-5b40ec816fca', 'd93aa2db-f094-4a24-9e76-71e30c8f4361', 'c1ee0007-9c0b-4ef8-bb6d-6bb9bd380b00', 'nc', 'Oriento manter saboneteira e papeleira abastecidas.', '2026-04-30 16:41:03.046095+00', '2026-04-30 17:11:09.440905+00', NULL, NULL, NULL, NULL),
	('09bf2647-050d-4007-9326-38a5df80aae8', 'e5819bf1-8a4e-4d7c-8b36-cc550bc6fedc', 'c1ee0035-9c0b-4ef8-bb6d-6bb9bd380b00', 'conforme', NULL, '2026-05-04 13:54:55.75887+00', '2026-05-04 14:06:38.472016+00', NULL, NULL, '2026-08-26', NULL),
	('559fc887-63c2-4866-b520-fa45f91f822e', 'd93aa2db-f094-4a24-9e76-71e30c8f4361', 'c1ee0008-9c0b-4ef8-bb6d-6bb9bd380b00', 'nc', 'Não estão preenchendo, devido ao quadro de colaboradores estar incompleto.', '2026-04-30 16:41:35.540204+00', '2026-04-30 17:11:09.931956+00', NULL, NULL, NULL, NULL),
	('b3494280-9cde-4f0f-af60-f0cb1f189872', 'd93aa2db-f094-4a24-9e76-71e30c8f4361', 'c1ee0021-9c0b-4ef8-bb6d-6bb9bd380b00', 'conforme', NULL, '2026-04-30 16:52:48.251789+00', '2026-04-30 17:11:13.428146+00', NULL, NULL, NULL, NULL),
	('b1b52d80-4cb3-4af3-a5c0-ebdac229a9bc', 'e5819bf1-8a4e-4d7c-8b36-cc550bc6fedc', 'c1ee0037-9c0b-4ef8-bb6d-6bb9bd380b00', 'conforme', NULL, '2026-05-04 13:55:47.086973+00', '2026-05-04 14:06:45.660296+00', NULL, NULL, '2026-09-30', NULL),
	('a188345a-58c8-44bb-a78e-995b4a8e5e83', 'e5819bf1-8a4e-4d7c-8b36-cc550bc6fedc', 'c1ee0018-9c0b-4ef8-bb6d-6bb9bd380b00', 'nc', 'Lâmpada da câmara queimada e equipamento com acúmulo de gelo e sacolas plásticas.', '2026-05-04 13:46:39.539391+00', '2026-05-04 14:06:36.049778+00', NULL, NULL, NULL, NULL),
	('5348ac34-e2f0-44b3-a30a-cc610455691a', 'e5819bf1-8a4e-4d7c-8b36-cc550bc6fedc', 'c1ee0030-9c0b-4ef8-bb6d-6bb9bd380b00', 'conforme', NULL, '2026-05-04 13:50:49.779442+00', '2026-05-04 14:06:37.444804+00', NULL, NULL, '2026-07-21', NULL),
	('6cf8d488-4ceb-4059-8f9c-dd5840284aa3', 'e5819bf1-8a4e-4d7c-8b36-cc550bc6fedc', 'c1ee0006-9c0b-4ef8-bb6d-6bb9bd380b00', 'conforme', NULL, '2026-05-04 13:40:08.004927+00', '2026-05-04 14:06:34.989318+00', NULL, NULL, NULL, NULL),
	('0b4d8962-776e-4962-9538-8fe9d17b8fc0', 'e5819bf1-8a4e-4d7c-8b36-cc550bc6fedc', 'c1ee0008-9c0b-4ef8-bb6d-6bb9bd380b00', 'nc', 'Encontro planilhas incompletas, reoriento o controle e registro diário.', '2026-05-04 13:40:45.986299+00', '2026-05-04 14:06:35.301494+00', NULL, NULL, NULL, NULL),
	('eda5f99b-9c1d-483d-bf53-ff204ade3f6f', 'e5819bf1-8a4e-4d7c-8b36-cc550bc6fedc', 'c1ee0016-9c0b-4ef8-bb6d-6bb9bd380b00', 'nc', 'Encontro diversos produtos com etiqueta vencida.', '2026-05-04 13:45:22.665467+00', '2026-05-04 14:06:35.654252+00', NULL, NULL, NULL, NULL),
	('0acb19b4-e22e-41c6-a516-4cf4ac19846d', '3e1aeda0-0d7a-4137-9512-a54a91d53536', 'c1ee0036-9c0b-4ef8-bb6d-6bb9bd380b00', 'conforme', NULL, '2026-04-22 18:14:16.247405+00', '2026-04-22 18:14:16.247405+00', NULL, NULL, NULL, NULL),
	('fcef11f1-2a62-4cea-8cd3-81771f80b9e8', '3e1aeda0-0d7a-4137-9512-a54a91d53536', 'c1ee0031-9c0b-4ef8-bb6d-6bb9bd380b00', 'conforme', NULL, '2026-04-22 18:14:35.103047+00', '2026-04-22 18:14:35.103047+00', NULL, NULL, NULL, NULL),
	('d02c5937-c080-42d3-9e4a-d6c9238932ce', '5ea9ef96-fda3-44a3-becf-662527f42dac', 'c1ee0001-9c0b-4ef8-bb6d-6bb9bd380b00', 'conforme', NULL, '2026-04-22 20:30:18.377962+00', '2026-04-22 20:30:18.377962+00', NULL, NULL, NULL, NULL),
	('9b995bf8-a7ab-46d2-9e29-d79f0906f3a8', '5ea9ef96-fda3-44a3-becf-662527f42dac', 'c1ee0005-9c0b-4ef8-bb6d-6bb9bd380b00', 'conforme', NULL, '2026-04-22 20:30:29.789343+00', '2026-04-22 20:30:29.789343+00', NULL, NULL, NULL, NULL),
	('9a9db6c3-0cd7-45a2-875e-28f4cb930f62', '5ea9ef96-fda3-44a3-becf-662527f42dac', 'c1ee0006-9c0b-4ef8-bb6d-6bb9bd380b00', 'conforme', NULL, '2026-04-22 20:30:30.786339+00', '2026-04-22 20:30:30.786339+00', NULL, NULL, NULL, NULL),
	('e3dd6a47-1d8b-4e02-b4a0-e067447d7dda', '5ea9ef96-fda3-44a3-becf-662527f42dac', 'c1ee0007-9c0b-4ef8-bb6d-6bb9bd380b00', 'conforme', NULL, '2026-04-22 20:30:31.888431+00', '2026-04-22 20:30:31.888431+00', NULL, NULL, NULL, NULL),
	('67f187cd-2933-4c3f-9b45-47230b5c228d', '5ea9ef96-fda3-44a3-becf-662527f42dac', 'c1ee0008-9c0b-4ef8-bb6d-6bb9bd380b00', 'conforme', NULL, '2026-04-22 20:30:39.071266+00', '2026-04-22 20:30:39.071266+00', NULL, NULL, NULL, NULL),
	('8f52ef92-53fa-4080-b6c5-48ed61e77e44', '4deffb4e-5592-4d63-966c-cf8a32f65e59', 'c1ee0001-9c0b-4ef8-bb6d-6bb9bd380b00', 'nc', NULL, '2026-04-23 16:19:40.659377+00', '2026-04-23 16:19:40.659377+00', NULL, NULL, NULL, NULL),
	('50c54882-6b8f-4aa0-96f7-209be945c9e5', '4deffb4e-5592-4d63-966c-cf8a32f65e59', 'c1ee0002-9c0b-4ef8-bb6d-6bb9bd380b00', 'nc', NULL, '2026-04-23 16:24:10.669639+00', '2026-04-23 16:24:10.669639+00', NULL, NULL, NULL, NULL),
	('764918b6-fd90-4277-860c-d8eb8c7295ac', '4deffb4e-5592-4d63-966c-cf8a32f65e59', 'c1ee0003-9c0b-4ef8-bb6d-6bb9bd380b00', 'conforme', NULL, '2026-04-23 16:38:29.600708+00', '2026-04-23 16:38:29.600708+00', NULL, NULL, NULL, NULL),
	('3174c30e-ae72-465b-937d-c13dd23a6e7f', '4deffb4e-5592-4d63-966c-cf8a32f65e59', 'c1ee0004-9c0b-4ef8-bb6d-6bb9bd380b00', 'nc', NULL, '2026-04-23 16:39:27.865252+00', '2026-04-23 16:39:27.865252+00', NULL, NULL, NULL, NULL),
	('f53a076b-5ef7-42c7-a88b-de86d31fc3d3', '93ef12b4-7531-4114-a4f3-aaa555d42a52', 'c1ee0005-9c0b-4ef8-bb6d-6bb9bd380b00', 'conforme', NULL, '2026-04-23 19:02:50.755361+00', '2026-04-23 23:39:12.685691+00', NULL, NULL, NULL, NULL),
	('f7289a8a-cf40-4fe5-8b1b-f7e38b2bac77', '0a970c4c-0330-4b80-9560-56d1a6829182', 'c1ee0002-9c0b-4ef8-bb6d-6bb9bd380b00', 'conforme', NULL, '2026-04-23 17:59:58.039688+00', '2026-04-23 17:59:58.039688+00', NULL, NULL, NULL, NULL),
	('7b276dea-fac4-45f0-9e42-a770195368f1', '0a970c4c-0330-4b80-9560-56d1a6829182', 'c1ee0003-9c0b-4ef8-bb6d-6bb9bd380b00', 'conforme', NULL, '2026-04-23 18:00:02.742304+00', '2026-04-23 18:00:02.742304+00', NULL, NULL, NULL, NULL),
	('b96b85c3-d339-44b3-b9f5-32adc63ac84d', '0a970c4c-0330-4b80-9560-56d1a6829182', 'c1ee0004-9c0b-4ef8-bb6d-6bb9bd380b00', 'na', NULL, '2026-04-23 18:00:17.197483+00', '2026-04-23 18:00:17.197483+00', NULL, NULL, NULL, NULL),
	('7c2d5e83-4834-427f-9525-592f91076f49', '0a970c4c-0330-4b80-9560-56d1a6829182', 'c1ee0005-9c0b-4ef8-bb6d-6bb9bd380b00', 'conforme', NULL, '2026-04-23 18:00:29.138757+00', '2026-04-23 18:00:29.138757+00', NULL, NULL, NULL, NULL),
	('9f3c9dd1-9634-4651-98d9-5b50d1342af0', '0a970c4c-0330-4b80-9560-56d1a6829182', 'c1ee0006-9c0b-4ef8-bb6d-6bb9bd380b00', 'conforme', NULL, '2026-04-23 18:00:37.762419+00', '2026-04-23 18:00:37.762419+00', NULL, NULL, NULL, NULL),
	('2ca12a28-b94e-4f50-94fc-537a6f537e0d', '79821a47-fd13-4de9-a9d1-4bf23648042a', 'c1ee0005-9c0b-4ef8-bb6d-6bb9bd380b00', 'conforme', NULL, '2026-04-23 18:08:41.255683+00', '2026-04-23 18:19:48.430048+00', NULL, NULL, NULL, NULL),
	('d4b27187-2ba3-4f8b-b544-115b56e219eb', '0a970c4c-0330-4b80-9560-56d1a6829182', 'c1ee0026-9c0b-4ef8-bb6d-6bb9bd380b00', 'conforme', NULL, '2026-04-23 18:07:57.97101+00', '2026-04-23 18:07:57.97101+00', NULL, NULL, NULL, NULL),
	('3c35daf4-1f30-48f5-b508-2bd3ec3c4b3e', '79821a47-fd13-4de9-a9d1-4bf23648042a', 'c1ee0003-9c0b-4ef8-bb6d-6bb9bd380b00', 'conforme', NULL, '2026-04-23 18:08:16.479645+00', '2026-04-23 18:08:16.479645+00', NULL, NULL, NULL, NULL),
	('2508904e-fc87-407b-8f3c-adac7fa81b9c', '0a970c4c-0330-4b80-9560-56d1a6829182', 'c1ee0010-9c0b-4ef8-bb6d-6bb9bd380b00', 'conforme', NULL, '2026-04-23 18:02:42.876251+00', '2026-04-23 18:02:42.876251+00', NULL, NULL, NULL, NULL),
	('e49f6a71-b488-4a26-a63a-20c1aeadaf5e', '0a970c4c-0330-4b80-9560-56d1a6829182', 'c1ee0011-9c0b-4ef8-bb6d-6bb9bd380b00', 'conforme', NULL, '2026-04-23 18:02:50.146539+00', '2026-04-23 18:02:50.146539+00', NULL, NULL, NULL, NULL),
	('9d5389a5-2750-4316-8985-3c522c1c90a4', '79821a47-fd13-4de9-a9d1-4bf23648042a', 'c1ee0006-9c0b-4ef8-bb6d-6bb9bd380b00', 'conforme', NULL, '2026-04-23 18:08:52.750551+00', '2026-04-23 18:08:52.750551+00', NULL, NULL, NULL, NULL),
	('40186bfa-8b44-490d-b96f-f0d95193fbd8', '0a970c4c-0330-4b80-9560-56d1a6829182', 'c1ee0028-9c0b-4ef8-bb6d-6bb9bd380b00', 'conforme', NULL, '2026-04-23 18:08:56.611071+00', '2026-04-23 18:08:56.611071+00', NULL, NULL, NULL, NULL),
	('bae2e9f0-4598-48c5-baa3-792e35797ecc', '0a970c4c-0330-4b80-9560-56d1a6829182', 'c1ee0023-9c0b-4ef8-bb6d-6bb9bd380b00', 'conforme', NULL, '2026-04-23 18:06:38.058204+00', '2026-04-23 18:23:36.541499+00', NULL, 'Reoriento colaboradores a manipular em pequenos lotes.', NULL, NULL),
	('31058c13-b583-4894-b335-f8e039a0a6c6', '0a970c4c-0330-4b80-9560-56d1a6829182', 'c1ee0024-9c0b-4ef8-bb6d-6bb9bd380b00', 'nc', 'Produtos com etiqueta incompleta. 
Reoriento manter os produtos de limpeza devidamente identificados.', '2026-04-23 18:06:58.114019+00', '2026-04-23 18:23:36.967787+00', NULL, NULL, NULL, NULL),
	('0131cc6c-8643-49c3-8af5-fb019a24750c', '79821a47-fd13-4de9-a9d1-4bf23648042a', 'c1ee0007-9c0b-4ef8-bb6d-6bb9bd380b00', 'conforme', NULL, '2026-04-23 18:08:58.049347+00', '2026-04-23 18:08:58.049347+00', NULL, NULL, NULL, NULL),
	('0a9303e1-4476-4794-b2a6-0c7a1d6eb778', '0a970c4c-0330-4b80-9560-56d1a6829182', 'c1ee0025-9c0b-4ef8-bb6d-6bb9bd380b00', 'nc', 'Reoriento manter o perfex e papel toalha protegido.', '2026-04-23 18:07:35.391251+00', '2026-04-23 18:23:37.297131+00', NULL, NULL, NULL, NULL),
	('44550475-4d99-45e5-85cf-6b0375cee3bc', '0a970c4c-0330-4b80-9560-56d1a6829182', 'c1ee0027-9c0b-4ef8-bb6d-6bb9bd380b00', 'nc', 'Oriento colaborada Valéria quanto ao uso proibido de adornos.', '2026-04-23 18:08:00.877167+00', '2026-04-23 18:23:37.702553+00', NULL, NULL, NULL, NULL),
	('7051d01a-3877-44cb-ada6-4c4ea0bf0f51', '0a970c4c-0330-4b80-9560-56d1a6829182', 'c1ee0018-9c0b-4ef8-bb6d-6bb9bd380b00', 'conforme', NULL, '2026-04-23 18:05:33.271732+00', '2026-04-23 18:05:33.271732+00', NULL, NULL, NULL, NULL),
	('a86de5e5-4b3d-4d4a-b86b-4d3812b9a5f6', '0a970c4c-0330-4b80-9560-56d1a6829182', 'c1ee0019-9c0b-4ef8-bb6d-6bb9bd380b00', 'conforme', NULL, '2026-04-23 18:05:37.3572+00', '2026-04-23 18:05:37.3572+00', NULL, NULL, NULL, NULL),
	('d50645d6-a81f-40de-960b-94c9d423ffc9', '0a970c4c-0330-4b80-9560-56d1a6829182', 'c1ee0036-9c0b-4ef8-bb6d-6bb9bd380b00', 'nc', 'Alinhar com o responsável.', '2026-04-23 18:11:10.087772+00', '2026-04-23 18:23:40.554883+00', NULL, NULL, NULL, NULL),
	('8bc42e96-0ee3-499b-8637-267a444095a8', '0a970c4c-0330-4b80-9560-56d1a6829182', 'c1ee0037-9c0b-4ef8-bb6d-6bb9bd380b00', 'conforme', NULL, '2026-04-23 18:11:25.52053+00', '2026-04-23 18:23:40.918889+00', NULL, 'Arquivar comprovante de instalação.', NULL, NULL),
	('b84816a0-38f4-487d-9ccc-b25bb69d086f', '79821a47-fd13-4de9-a9d1-4bf23648042a', 'c1ee0031-9c0b-4ef8-bb6d-6bb9bd380b00', 'nc', 'Sem funcionaria fixa na cozinha', '2026-04-23 18:13:48.924238+00', '2026-04-23 18:47:11.047482+00', NULL, NULL, NULL, NULL),
	('bb5dc56a-8b50-46ff-be27-21274084cafc', '0a970c4c-0330-4b80-9560-56d1a6829182', 'c1ee0001-9c0b-4ef8-bb6d-6bb9bd380b00', 'conforme', NULL, '2026-04-23 17:59:34.270672+00', '2026-04-23 18:23:30.013103+00', NULL, 'Acompanho a finalização dos setores.', NULL, NULL),
	('bcd7d9e9-1240-42ae-8ff4-d34cf4945004', '0a970c4c-0330-4b80-9560-56d1a6829182', 'c1ee0020-9c0b-4ef8-bb6d-6bb9bd380b00', 'nc', 'Pendente instalar saboneteira e papeleira na pia de lavagem de mãos da cozinha.', '2026-04-23 18:05:47.72159+00', '2026-04-23 18:23:36.171156+00', NULL, NULL, NULL, NULL),
	('bf63ae30-fc57-4368-86fb-6be7cc7629e2', '93ef12b4-7531-4114-a4f3-aaa555d42a52', 'c1ee0007-9c0b-4ef8-bb6d-6bb9bd380b00', 'conforme', NULL, '2026-04-23 19:02:52.791608+00', '2026-04-23 23:39:13.055412+00', NULL, NULL, NULL, NULL),
	('9d9ade75-cfb5-40d1-bf38-8c008ef241bc', '0a970c4c-0330-4b80-9560-56d1a6829182', 'c1ee0021-9c0b-4ef8-bb6d-6bb9bd380b00', 'conforme', NULL, '2026-04-23 18:06:27.847125+00', '2026-04-23 18:06:27.847125+00', NULL, NULL, NULL, NULL),
	('0e0e553f-ad36-4d46-9815-65e25ce4c9b4', '0a970c4c-0330-4b80-9560-56d1a6829182', 'c1ee0022-9c0b-4ef8-bb6d-6bb9bd380b00', 'conforme', NULL, '2026-04-23 18:06:31.193136+00', '2026-04-23 18:06:31.193136+00', NULL, NULL, NULL, NULL),
	('8b7f0c54-7c8e-4efc-80eb-426f903c66cc', '79821a47-fd13-4de9-a9d1-4bf23648042a', 'c1ee0002-9c0b-4ef8-bb6d-6bb9bd380b00', 'conforme', NULL, '2026-04-23 18:07:26.201424+00', '2026-04-23 18:07:26.201424+00', NULL, NULL, NULL, NULL),
	('0f9318d4-b49a-4a64-83dd-6d79d0c4fdcd', '0a970c4c-0330-4b80-9560-56d1a6829182', 'c1ee0008-9c0b-4ef8-bb6d-6bb9bd380b00', 'conforme', NULL, '2026-04-23 18:01:21.663567+00', '2026-04-23 18:23:30.783755+00', NULL, 'Em fase de elaboração para ser implantada.', NULL, NULL),
	('64353295-be37-4521-bbcd-3d716b7073e1', '0a970c4c-0330-4b80-9560-56d1a6829182', 'c1ee0029-9c0b-4ef8-bb6d-6bb9bd380b00', 'conforme', NULL, '2026-04-23 18:09:05.075975+00', '2026-04-23 18:23:38.054038+00', NULL, 'Em processo de elaboração.', NULL, NULL),
	('5668e8e7-e18f-4c1a-93d9-a2e6768da3b5', '0a970c4c-0330-4b80-9560-56d1a6829182', 'c1ee0030-9c0b-4ef8-bb6d-6bb9bd380b00', 'conforme', NULL, '2026-04-23 18:09:16.140262+00', '2026-04-23 18:23:38.532309+00', NULL, 'Realizado em 09/04/2026.', NULL, NULL),
	('80bc1a26-b984-48f6-85c1-c6cb2efb251e', '0a970c4c-0330-4b80-9560-56d1a6829182', 'c1ee0031-9c0b-4ef8-bb6d-6bb9bd380b00', 'nc', 'Solicitado ao setor de RH, aguardando retorno.', '2026-04-23 18:09:48.755912+00', '2026-04-23 18:23:38.899607+00', NULL, NULL, NULL, NULL),
	('1482c0a1-e4c4-4f1e-89f5-9e0e2521af94', '0a970c4c-0330-4b80-9560-56d1a6829182', 'c1ee0032-9c0b-4ef8-bb6d-6bb9bd380b00', 'nc', 'Solicitado ao RH, aguardando retorno.', '2026-04-23 18:10:06.090463+00', '2026-04-23 18:23:39.269225+00', NULL, NULL, NULL, NULL),
	('eee446d6-b723-4ff2-b0b8-6ec5d1ffe165', '0a970c4c-0330-4b80-9560-56d1a6829182', 'c1ee0033-9c0b-4ef8-bb6d-6bb9bd380b00', 'conforme', NULL, '2026-04-23 18:10:28.02014+00', '2026-04-23 18:23:39.586306+00', NULL, 'Pendente arquivar certificado.', NULL, NULL),
	('4f622b2e-d33c-4fb9-a8d8-e7b3c5b3e939', '0a970c4c-0330-4b80-9560-56d1a6829182', 'c1ee0035-9c0b-4ef8-bb6d-6bb9bd380b00', 'conforme', NULL, '2026-04-23 18:10:54.249834+00', '2026-04-23 18:23:40.249577+00', NULL, 'Pendente arquivar certificado', NULL, NULL),
	('f6cb43b9-3859-4b15-b70b-a22aec18cd61', '0a970c4c-0330-4b80-9560-56d1a6829182', 'c1ee0009-9c0b-4ef8-bb6d-6bb9bd380b00', 'conforme', NULL, '2026-04-23 18:02:21.831146+00', '2026-04-23 18:23:31.24974+00', NULL, 'Equipámentos limpos e livre do acúmulo de gelo.', NULL, NULL),
	('f3698720-18be-4aeb-b32b-ac500d8c8f45', '79821a47-fd13-4de9-a9d1-4bf23648042a', 'c1ee0012-9c0b-4ef8-bb6d-6bb9bd380b00', 'conforme', NULL, '2026-04-23 18:10:20.195315+00', '2026-04-23 18:10:20.195315+00', NULL, NULL, NULL, NULL),
	('398a4dbf-eb8a-4c4f-92b9-37376e187365', '79821a47-fd13-4de9-a9d1-4bf23648042a', 'c1ee0011-9c0b-4ef8-bb6d-6bb9bd380b00', 'conforme', NULL, '2026-04-23 18:10:25.737774+00', '2026-04-23 18:10:25.737774+00', NULL, NULL, NULL, NULL),
	('4ce80597-15f7-4128-be3b-8a01c403e776', '79821a47-fd13-4de9-a9d1-4bf23648042a', 'c1ee0009-9c0b-4ef8-bb6d-6bb9bd380b00', 'conforme', NULL, '2026-04-23 18:10:31.762241+00', '2026-04-23 18:10:31.762241+00', NULL, NULL, NULL, NULL),
	('a64da3ef-ec44-4571-af04-6ddd13b00ffd', '79821a47-fd13-4de9-a9d1-4bf23648042a', 'c1ee0010-9c0b-4ef8-bb6d-6bb9bd380b00', 'conforme', NULL, '2026-04-23 18:10:36.050954+00', '2026-04-23 18:10:36.050954+00', NULL, NULL, NULL, NULL),
	('a7f0f51f-ffcf-428e-b8e6-5b24e3b4bc1b', '0a970c4c-0330-4b80-9560-56d1a6829182', 'c1ee0013-9c0b-4ef8-bb6d-6bb9bd380b00', 'conforme', NULL, '2026-04-23 18:03:07.273394+00', '2026-04-23 18:23:31.59177+00', NULL, 'Será implantada.', NULL, NULL),
	('78a47224-a28e-4116-a638-cae3433a75ed', '0a970c4c-0330-4b80-9560-56d1a6829182', 'c1ee0014-9c0b-4ef8-bb6d-6bb9bd380b00', 'conforme', NULL, '2026-04-23 18:03:20.248875+00', '2026-04-23 18:23:32.028162+00', NULL, 'Reoriento o uso do pedal para acionar a tampa.', NULL, NULL),
	('919c5a10-6780-4a21-b05b-19afd4783434', '79821a47-fd13-4de9-a9d1-4bf23648042a', 'c1ee0014-9c0b-4ef8-bb6d-6bb9bd380b00', 'conforme', NULL, '2026-04-23 18:10:45.863917+00', '2026-04-23 18:10:45.863917+00', NULL, NULL, NULL, NULL),
	('510e0700-df2d-48c1-9c49-cd94858d7832', '0a970c4c-0330-4b80-9560-56d1a6829182', 'c1ee0015-9c0b-4ef8-bb6d-6bb9bd380b00', 'conforme', NULL, '2026-04-23 18:03:50.13467+00', '2026-04-23 18:23:32.518318+00', NULL, 'Será implantada', NULL, NULL),
	('f1569dc1-4501-4711-8da0-142c55976dd1', '0a970c4c-0330-4b80-9560-56d1a6829182', 'c1ee0016-9c0b-4ef8-bb6d-6bb9bd380b00', 'nc', 'Encontro etiqueta vencida.', '2026-04-23 18:04:02.173852+00', '2026-04-23 18:23:34.420214+00', NULL, 'Colaboradores reorientados ao controle das validades.', NULL, NULL),
	('0eeca9c0-3006-4477-93a5-d374123c51ea', '0a970c4c-0330-4b80-9560-56d1a6829182', 'c1ee0017-9c0b-4ef8-bb6d-6bb9bd380b00', 'conforme', NULL, '2026-04-23 18:05:13.495231+00', '2026-04-23 18:23:35.295249+00', NULL, 'Observo setor livre de pertences pessoais.', NULL, NULL),
	('07f066c5-13df-4424-87e4-e39fdc9485ba', '581bafb3-ffe1-4d21-816a-1cd6a26b5ba8', 'c1ee0016-9c0b-4ef8-bb6d-6bb9bd380b00', 'conforme', NULL, '2026-04-23 18:35:06.400192+00', '2026-04-23 18:35:07.950055+00', NULL, NULL, NULL, NULL),
	('5b7275a8-7366-4553-b3e9-8dfe0369085a', '79821a47-fd13-4de9-a9d1-4bf23648042a', 'c1ee0015-9c0b-4ef8-bb6d-6bb9bd380b00', 'nc', 'Não aplicável', '2026-04-23 18:11:08.426989+00', '2026-04-23 18:47:10.665139+00', NULL, NULL, NULL, NULL),
	('412838ca-ba27-4a7d-9376-0380cbaf4f6e', '79821a47-fd13-4de9-a9d1-4bf23648042a', 'c1ee0016-9c0b-4ef8-bb6d-6bb9bd380b00', 'conforme', NULL, '2026-04-23 18:11:36.353316+00', '2026-04-23 18:11:36.353316+00', NULL, NULL, NULL, NULL),
	('c1761fc8-1fb8-434f-8fb3-69435f3a0351', '79821a47-fd13-4de9-a9d1-4bf23648042a', 'c1ee0022-9c0b-4ef8-bb6d-6bb9bd380b00', 'conforme', NULL, '2026-04-23 18:12:35.465473+00', '2026-04-23 18:12:35.465473+00', NULL, NULL, NULL, NULL),
	('b223d0d5-2b16-4e6f-84fd-7ca0e0c4de9c', '93ef12b4-7531-4114-a4f3-aaa555d42a52', 'c1ee0008-9c0b-4ef8-bb6d-6bb9bd380b00', 'conforme', NULL, '2026-04-23 19:02:53.863376+00', '2026-04-23 23:39:13.401816+00', NULL, NULL, NULL, NULL),
	('7b26e8ca-61e0-4f52-ba47-4c1a7ac0e4f5', '0a970c4c-0330-4b80-9560-56d1a6829182', 'c1ee0034-9c0b-4ef8-bb6d-6bb9bd380b00', 'nc', 'Em processo de adequação.', '2026-04-23 18:10:39.752239+00', '2026-04-23 18:23:39.915303+00', NULL, NULL, NULL, NULL),
	('ab0a24cd-3f7b-44d6-b7be-9906529de565', '0a970c4c-0330-4b80-9560-56d1a6829182', 'c1ee0012-9c0b-4ef8-bb6d-6bb9bd380b00', 'conforme', NULL, '2026-04-23 18:14:04.833681+00', '2026-04-23 18:23:43.316059+00', NULL, 'Verificar certificado de calibração', NULL, NULL),
	('6a0be2df-7b07-4164-826e-3762c599a46d', 'bd32c131-09ae-4c79-97fd-69dd8dcf3806', 'c1ee0030-9c0b-4ef8-bb6d-6bb9bd380b00', 'conforme', NULL, '2026-04-24 16:56:02.561945+00', '2026-04-24 16:58:11.088943+00', NULL, NULL, NULL, NULL),
	('b745d419-8d12-4bca-ada9-8cf479ec43bf', 'bd32c131-09ae-4c79-97fd-69dd8dcf3806', 'c1ee0034-9c0b-4ef8-bb6d-6bb9bd380b00', 'conforme', NULL, '2026-04-24 16:56:08.479907+00', '2026-04-24 16:58:12.763429+00', NULL, NULL, NULL, NULL),
	('7d0c4b57-7353-47fd-8e6a-af4ac8e99c37', 'bdfbdffa-25b5-4532-906c-7f4576aa916d', 'c1ee0035-9c0b-4ef8-bb6d-6bb9bd380b00', 'nc', 'teste', '2026-04-24 01:23:51.458017+00', '2026-04-24 01:25:52.805884+00', NULL, NULL, NULL, NULL),
	('e8faaff6-4053-4d28-8826-03d5a01af60e', 'bdfbdffa-25b5-4532-906c-7f4576aa916d', 'c1ee0039-9c0b-4ef8-bb6d-6bb9bd380b00', 'nc', 'teste', '2026-04-24 01:23:57.126934+00', '2026-04-24 01:25:54.323617+00', NULL, NULL, NULL, NULL),
	('c3c4f542-5684-4254-8138-7c1aa04b7636', 'bd32c131-09ae-4c79-97fd-69dd8dcf3806', 'c1ee0037-9c0b-4ef8-bb6d-6bb9bd380b00', 'conforme', NULL, '2026-04-24 16:56:12.356242+00', '2026-04-24 16:58:13.901355+00', NULL, NULL, NULL, NULL),
	('012a8315-7e89-418c-82b1-b535a0f9212b', 'bd32c131-09ae-4c79-97fd-69dd8dcf3806', 'c1ee0041-9c0b-4ef8-bb6d-6bb9bd380b00', 'conforme', NULL, '2026-04-24 16:56:18.372349+00', '2026-04-24 16:58:15.367242+00', NULL, NULL, NULL, NULL),
	('2d3466f8-27f2-4aaa-be4d-bf63f6ad720f', '825f68f4-5a51-4861-b1f2-cf46fe8ac852', 'c1ee0010-9c0b-4ef8-bb6d-6bb9bd380b00', 'nc', 'Melhorar e manter a organização. Sinalizo uso proibido de utensílios com cabo de madeira.', '2026-04-24 15:06:12.58202+00', '2026-04-24 15:27:56.950085+00', NULL, NULL, NULL, NULL),
	('b34845ff-a765-489b-a3ea-0a6579894441', '825f68f4-5a51-4861-b1f2-cf46fe8ac852', 'c1ee0022-9c0b-4ef8-bb6d-6bb9bd380b00', 'conforme', NULL, '2026-04-24 15:14:43.025272+00', '2026-04-24 15:27:57.268448+00', NULL, NULL, NULL, NULL),
	('68172821-0b45-446e-8b88-7bed03b6c259', '825f68f4-5a51-4861-b1f2-cf46fe8ac852', 'c1ee0036-9c0b-4ef8-bb6d-6bb9bd380b00', 'nc', 'Será alinhado', '2026-04-24 15:21:10.07953+00', '2026-04-24 15:27:57.671603+00', NULL, NULL, NULL, NULL),
	('9440441a-f34e-4ae1-9156-a72860f3f14d', '825f68f4-5a51-4861-b1f2-cf46fe8ac852', 'c1ee0042-9c0b-4ef8-bb6d-6bb9bd380b00', 'conforme', NULL, '2026-04-24 15:22:23.908264+00', '2026-04-24 15:27:57.998013+00', NULL, NULL, NULL, NULL),
	('187c564b-a30a-42b6-b945-8ba172e9309c', '505b9ed0-91f9-46bf-b12e-45050c262c5e', 'c1ee0001-9c0b-4ef8-bb6d-6bb9bd380b00', 'nc', 'Piso da cozinha com revestimento quebrado, solicitado manutenção.
Azulejos da cozinha com sujidades próximo a pia e forno.', '2026-04-29 13:15:10.847314+00', '2026-04-29 13:35:38.394109+00', NULL, NULL, NULL, NULL),
	('f16041f8-c903-4c49-8fdf-7beb6afeb465', '66b495bc-4311-4809-90c6-a8b149f70302', 'c1ee0029-9c0b-4ef8-bb6d-6bb9bd380b00', 'conforme', NULL, '2026-04-27 13:14:29.486566+00', '2026-04-27 13:22:55.982755+00', NULL, NULL, NULL, NULL),
	('242eddb2-5b4c-42e6-bf76-587fb0acdabe', 'c662d9fe-ee16-4e21-9b83-3ec499f50ca2', 'c1ee0034-9c0b-4ef8-bb6d-6bb9bd380b00', 'conforme', NULL, '2026-04-24 16:39:39.365573+00', '2026-04-24 16:43:33.627866+00', NULL, NULL, NULL, NULL),
	('d454ddfc-74e1-41a7-bb5d-efafba4af703', 'c662d9fe-ee16-4e21-9b83-3ec499f50ca2', 'c1ee0038-9c0b-4ef8-bb6d-6bb9bd380b00', 'conforme', NULL, '2026-04-24 16:39:48.166242+00', '2026-04-24 16:43:36.535459+00', NULL, NULL, NULL, NULL),
	('2dbde7dc-c05b-4f08-a303-ca3488122aa8', '581bafb3-ffe1-4d21-816a-1cd6a26b5ba8', 'c1ee0017-9c0b-4ef8-bb6d-6bb9bd380b00', 'nc', 'Encontro pertences pessoais no setor.', '2026-04-23 18:35:12.658981+00', '2026-04-23 18:45:40.254372+00', NULL, NULL, NULL, NULL),
	('f76d8695-0b61-4b7d-b0eb-5c11fc919d3d', '79821a47-fd13-4de9-a9d1-4bf23648042a', 'c1ee0001-9c0b-4ef8-bb6d-6bb9bd380b00', 'nc', 'Piso e parede precisando de limpeza geral', '2026-04-23 18:07:43.407956+00', '2026-04-23 18:47:11.346734+00', NULL, NULL, NULL, NULL),
	('0841c3a0-6c91-45bc-b14b-be49e4633098', '79821a47-fd13-4de9-a9d1-4bf23648042a', 'c1ee0008-9c0b-4ef8-bb6d-6bb9bd380b00', 'nc', 'Em visita no dia 23/04, a planilha não  estava totalmente preenchida', '2026-04-23 18:09:05.958527+00', '2026-04-23 18:47:11.646048+00', NULL, NULL, NULL, NULL),
	('dd948f23-8fc8-46f4-8563-af3c6c7bcaf0', '79821a47-fd13-4de9-a9d1-4bf23648042a', 'c1ee0032-9c0b-4ef8-bb6d-6bb9bd380b00', 'nc', 'Vencidos', '2026-04-23 18:14:17.602648+00', '2026-04-23 18:47:12.004652+00', NULL, NULL, NULL, NULL),
	('a4372311-2a12-4732-a8db-fcbbc20c68a0', '79821a47-fd13-4de9-a9d1-4bf23648042a', 'c1ee0013-9c0b-4ef8-bb6d-6bb9bd380b00', 'nc', 'Em visita no dia 23/04 a planilha não estava totalmente preenchida', '2026-04-23 18:09:43.552903+00', '2026-04-23 18:47:12.300641+00', NULL, NULL, NULL, NULL),
	('169190e8-b219-4dcf-9bf2-a8cf71e2d439', '4bb108ed-6365-48df-8620-f5dc447d308a', 'c1ee0013-9c0b-4ef8-bb6d-6bb9bd380b00', 'conforme', NULL, '2026-04-29 12:21:05.497356+00', '2026-04-29 12:30:54.97652+00', NULL, NULL, NULL, NULL),
	('b852faca-3270-4a81-9ae2-88e21835b994', '4bb108ed-6365-48df-8620-f5dc447d308a', 'c1ee0030-9c0b-4ef8-bb6d-6bb9bd380b00', 'conforme', NULL, '2026-04-29 12:24:56.858405+00', '2026-04-29 12:31:06.38984+00', NULL, NULL, NULL, NULL),
	('9c338713-9662-42fc-87af-6b1d9b0647a9', '4bb108ed-6365-48df-8620-f5dc447d308a', 'c1ee0032-9c0b-4ef8-bb6d-6bb9bd380b00', 'nc', 'lsof -i -P -n | grep LISTEN | awk ''{print $9, $1, $2}'' | sort', '2026-04-29 12:25:01.371067+00', '2026-04-29 12:31:07.584698+00', NULL, 'lsof -i -P -n | grep LISTEN | awk ''{print $9, $1, $2}'' | sort', NULL, NULL),
	('e96bdadd-a2c7-41d9-990e-9ecf5388e641', '449f7661-1c48-4000-807a-493f74660774', 'c1ee0003-9c0b-4ef8-bb6d-6bb9bd380b00', 'na', NULL, '2026-04-29 15:27:52.916692+00', '2026-04-29 15:28:19.529625+00', NULL, NULL, '2026-05-13', NULL),
	('e4248185-6566-4357-8d76-348cfcea1411', '449f7661-1c48-4000-807a-493f74660774', 'c1ee0005-9c0b-4ef8-bb6d-6bb9bd380b00', 'conforme', NULL, '2026-04-29 15:28:08.381976+00', '2026-04-29 15:28:20.171233+00', NULL, NULL, NULL, NULL),
	('10dc32a3-e226-44e5-aace-697cf40fa4d6', '449f7661-1c48-4000-807a-493f74660774', 'c1ee0007-9c0b-4ef8-bb6d-6bb9bd380b00', 'conforme', NULL, '2026-04-29 15:28:13.575965+00', '2026-04-29 15:28:21.576283+00', NULL, NULL, NULL, NULL),
	('8d7c0461-8f73-4f75-8cc7-34f30024eacf', '449f7661-1c48-4000-807a-493f74660774', 'c1ee0008-9c0b-4ef8-bb6d-6bb9bd380b00', 'conforme', NULL, '2026-04-29 15:28:15.424041+00', '2026-04-29 15:28:22.310856+00', NULL, NULL, NULL, NULL),
	('640cd5cb-7290-4e08-89a0-ac2a98109600', '1274ff95-df92-4d35-b794-0b851b6a099b', 'c1ee0005-9c0b-4ef8-bb6d-6bb9bd380b00', 'nc', 'Ralos próximo câmara de lixo e câmara de queijo sem sistema abre e fecha assim como em copa e piso superior.
Banheiro femenino colaboradores ausente.', '2026-04-28 19:38:34.065498+00', '2026-04-28 20:15:37.251665+00', NULL, NULL, NULL, NULL),
	('f5048d19-a129-4def-b4ab-d62a8037b7bf', '1274ff95-df92-4d35-b794-0b851b6a099b', 'c1ee0006-9c0b-4ef8-bb6d-6bb9bd380b00', 'nc', 'Na cozinha em momentos de fluxo ocorre muita contaminação cruzada.', '2026-04-28 19:41:45.980734+00', '2026-04-28 20:15:37.594683+00', NULL, NULL, NULL, NULL),
	('2051027f-6e41-4360-87b1-aa02e4e135ca', '1274ff95-df92-4d35-b794-0b851b6a099b', 'c1ee0027-9c0b-4ef8-bb6d-6bb9bd380b00', 'conforme', NULL, '2026-04-28 20:11:45.58289+00', '2026-04-28 20:15:45.637942+00', NULL, NULL, NULL, NULL),
	('bc9fc0cd-daa2-4c44-9d4e-7db2440b9040', '1274ff95-df92-4d35-b794-0b851b6a099b', 'c1ee0028-9c0b-4ef8-bb6d-6bb9bd380b00', 'conforme', NULL, '2026-04-28 20:11:51.654404+00', '2026-04-28 20:15:45.948759+00', NULL, NULL, NULL, NULL),
	('dbd864cc-23a1-4531-afb3-9c2966df82cb', '84bc67c9-adb9-495e-8108-2e883b8b11c4', 'c1ee0032-9c0b-4ef8-bb6d-6bb9bd380b00', 'conforme', NULL, '2026-04-29 19:18:49.762811+00', '2026-04-29 20:04:53.930197+00', NULL, NULL, NULL, NULL),
	('33a95247-4361-4ddc-8d9f-239d5e2cbff0', 'd93aa2db-f094-4a24-9e76-71e30c8f4361', 'c1ee0026-9c0b-4ef8-bb6d-6bb9bd380b00', 'conforme', NULL, '2026-04-30 16:56:04.21145+00', '2026-04-30 17:11:16.800401+00', NULL, NULL, NULL, NULL),
	('e905c813-610c-41f7-9efb-555a87b6373e', '84bc67c9-adb9-495e-8108-2e883b8b11c4', 'c1ee0017-9c0b-4ef8-bb6d-6bb9bd380b00', 'nc', 'Armazenamento seco limpo e organizado 
Acompanho recebimento dos produtos vindo pela Logística e observo 
- Produtos colocados em contato direto com o chão
- Produtos vindos em caixas de madeira e de papelão 
- Produtos sendo entregues sem identificação (Bolinho Pétit Gateu)
- Produtos em sacolas de Mercado (hortifruti)', '2026-04-29 19:00:34.380726+00', '2026-04-29 20:04:48.07139+00', NULL, NULL, NULL, NULL),
	('42eed16f-7fbf-4db1-8602-10813bb417d4', '84bc67c9-adb9-495e-8108-2e883b8b11c4', 'c1ee0031-9c0b-4ef8-bb6d-6bb9bd380b00', 'nc', 'Todos com ASO vencido', '2026-04-29 19:18:32.81698+00', '2026-04-29 20:04:53.556391+00', NULL, NULL, NULL, NULL),
	('34661c42-6cbe-4326-a708-eefa21b5c63b', 'd93aa2db-f094-4a24-9e76-71e30c8f4361', 'c1ee0030-9c0b-4ef8-bb6d-6bb9bd380b00', 'conforme', NULL, '2026-04-30 16:56:22.824884+00', '2026-04-30 17:11:19.245439+00', NULL, 'Aplico regras de higiene ao colaborador Jonathan dos Santos Cruz', NULL, NULL),
	('c998bfd9-5d29-4c19-9c12-1a9ffff9baea', '7374c257-0c0a-4833-8a61-74f7074e15f9', 'c1ee0019-9c0b-4ef8-bb6d-6bb9bd380b00', 'conforme', NULL, '2026-04-29 20:29:22.448719+00', '2026-04-30 22:39:00.319293+00', NULL, NULL, NULL, NULL),
	('9962b273-77f0-42bf-b601-7f2d6787b28c', '7374c257-0c0a-4833-8a61-74f7074e15f9', 'c1ee0027-9c0b-4ef8-bb6d-6bb9bd380b00', 'conforme', NULL, '2026-04-29 20:31:29.83127+00', '2026-04-30 22:39:35.397762+00', NULL, NULL, NULL, NULL),
	('5c722b10-5055-43ea-9d67-44594d5632b9', '7374c257-0c0a-4833-8a61-74f7074e15f9', 'c1ee0004-9c0b-4ef8-bb6d-6bb9bd380b00', 'conforme', NULL, '2026-04-29 19:59:19.945295+00', '2026-04-30 22:39:37.552534+00', NULL, 'Há somente janelas no salão de distribuição.
Não possui tela milimétrica', NULL, NULL),
	('3e88364c-9e79-4937-b00c-1114af046a0c', '7374c257-0c0a-4833-8a61-74f7074e15f9', 'c1ee0028-9c0b-4ef8-bb6d-6bb9bd380b00', 'conforme', NULL, '2026-04-29 20:31:38.563976+00', '2026-04-30 22:39:36.062257+00', NULL, NULL, NULL, NULL),
	('b7adea4c-68b5-43e1-bdde-acd589a05ffa', '7374c257-0c0a-4833-8a61-74f7074e15f9', 'c1ee0026-9c0b-4ef8-bb6d-6bb9bd380b00', 'conforme', NULL, '2026-04-29 20:31:24.390039+00', '2026-04-30 22:39:34.624283+00', NULL, NULL, NULL, NULL),
	('0a29d509-7f7a-41c1-be5f-1399aebedfd1', 'd93aa2db-f094-4a24-9e76-71e30c8f4361', 'c1ee0038-9c0b-4ef8-bb6d-6bb9bd380b00', 'na', NULL, '2026-04-30 17:01:20.755327+00', '2026-04-30 17:11:22.596514+00', NULL, NULL, NULL, NULL),
	('09a29963-ecd6-4a48-b922-ca1a0bcb924e', '7374c257-0c0a-4833-8a61-74f7074e15f9', 'c1ee0002-9c0b-4ef8-bb6d-6bb9bd380b00', 'conforme', NULL, '2026-04-29 19:59:05.496257+00', '2026-04-30 22:38:59.745004+00', NULL, NULL, NULL, NULL),
	('c873dd1e-a259-434b-801a-640709f363f4', 'd93aa2db-f094-4a24-9e76-71e30c8f4361', 'c1ee0009-9c0b-4ef8-bb6d-6bb9bd380b00', 'nc', 'Filtro e geladeira em desuso e com acúmulo de sujidades.
Oriento higienização das prateleiras da câmara fria e de congelados.', '2026-04-30 16:43:00.789438+00', '2026-04-30 17:11:10.568015+00', NULL, NULL, NULL, NULL),
	('a64ddc8b-71e3-4a8c-9a7a-15f31421a146', 'd93aa2db-f094-4a24-9e76-71e30c8f4361', 'c1ee0022-9c0b-4ef8-bb6d-6bb9bd380b00', 'conforme', NULL, '2026-04-30 16:55:24.680184+00', '2026-04-30 17:11:13.919901+00', NULL, NULL, NULL, NULL),
	('fe309178-e723-4077-9bb6-04ea15e67476', '7374c257-0c0a-4833-8a61-74f7074e15f9', 'c1ee0024-9c0b-4ef8-bb6d-6bb9bd380b00', 'nc', 'Encontro diversos produtos sem identificação e ou etiqueta com preenchimento incompleto e errado.', '2026-04-29 20:30:19.144189+00', '2026-04-30 22:39:04.263914+00', NULL, 'Ainda muitos produtos com etiqueta vencida', NULL, NULL),
	('14c0fe18-db63-4aac-a421-de2181cadab8', '7374c257-0c0a-4833-8a61-74f7074e15f9', 'c1ee0025-9c0b-4ef8-bb6d-6bb9bd380b00', 'nc', 'Mussarela em contato direto com pano perfex azul', '2026-04-29 20:31:19.432095+00', '2026-04-30 22:39:31.516415+00', NULL, NULL, NULL, NULL),
	('6f00a5e9-a745-47e7-96b2-5295afe329a3', 'e5819bf1-8a4e-4d7c-8b36-cc550bc6fedc', 'c1ee0001-9c0b-4ef8-bb6d-6bb9bd380b00', 'nc', 'Piso do banheiro precisa de atenção.', '2026-05-04 13:36:46.876836+00', '2026-05-04 14:06:46.658873+00', NULL, NULL, NULL, NULL),
	('9e03c299-e0bd-4eba-80f2-9c9780045167', 'e5819bf1-8a4e-4d7c-8b36-cc550bc6fedc', 'c1ee0023-9c0b-4ef8-bb6d-6bb9bd380b00', 'conforme', NULL, '2026-05-04 13:48:55.975964+00', '2026-05-04 14:06:46.205166+00', NULL, NULL, NULL, NULL),
	('90a65002-5f53-4781-94e8-2c74a889f07e', '79821a47-fd13-4de9-a9d1-4bf23648042a', 'c1ee0017-9c0b-4ef8-bb6d-6bb9bd380b00', 'conforme', NULL, '2026-04-23 18:11:54.45782+00', '2026-04-23 18:11:54.45782+00', NULL, NULL, NULL, NULL),
	('b60c4195-7188-4aed-b0bb-b44a67e5e925', '79821a47-fd13-4de9-a9d1-4bf23648042a', 'c1ee0018-9c0b-4ef8-bb6d-6bb9bd380b00', 'conforme', NULL, '2026-04-23 18:12:02.954308+00', '2026-04-23 18:12:02.954308+00', NULL, NULL, NULL, NULL),
	('c007997d-f507-4390-b84a-c88dda717985', '79821a47-fd13-4de9-a9d1-4bf23648042a', 'c1ee0019-9c0b-4ef8-bb6d-6bb9bd380b00', 'conforme', NULL, '2026-04-23 18:12:06.875276+00', '2026-04-23 18:12:06.875276+00', NULL, NULL, NULL, NULL),
	('65b73503-601b-4c0c-b331-dbd2c133e851', '79821a47-fd13-4de9-a9d1-4bf23648042a', 'c1ee0020-9c0b-4ef8-bb6d-6bb9bd380b00', 'conforme', NULL, '2026-04-23 18:12:23.569281+00', '2026-04-23 18:12:23.569281+00', NULL, NULL, NULL, NULL),
	('4b849a11-49e9-4251-9737-3133be91e5b0', '79821a47-fd13-4de9-a9d1-4bf23648042a', 'c1ee0021-9c0b-4ef8-bb6d-6bb9bd380b00', 'conforme', NULL, '2026-04-23 18:12:27.741424+00', '2026-04-23 18:12:27.741424+00', NULL, NULL, NULL, NULL),
	('490e37fa-7cec-4d3d-9b63-0f08d75a8e64', '79821a47-fd13-4de9-a9d1-4bf23648042a', 'c1ee0024-9c0b-4ef8-bb6d-6bb9bd380b00', 'conforme', NULL, '2026-04-23 18:12:48.113188+00', '2026-04-23 18:12:48.113188+00', NULL, NULL, NULL, NULL),
	('a8c72d00-9026-4fd5-9ecd-4375456bc38c', '79821a47-fd13-4de9-a9d1-4bf23648042a', 'c1ee0027-9c0b-4ef8-bb6d-6bb9bd380b00', 'conforme', NULL, '2026-04-23 18:13:06.198105+00', '2026-04-23 18:13:06.198105+00', NULL, NULL, NULL, NULL),
	('eb2668d0-7d90-41f8-98f0-98260c1f1529', '79821a47-fd13-4de9-a9d1-4bf23648042a', 'c1ee0028-9c0b-4ef8-bb6d-6bb9bd380b00', 'conforme', NULL, '2026-04-23 18:13:10.189977+00', '2026-04-23 18:13:10.189977+00', NULL, NULL, NULL, NULL),
	('98037d76-e09e-4531-88c8-edbae8d400ca', '79821a47-fd13-4de9-a9d1-4bf23648042a', 'c1ee0029-9c0b-4ef8-bb6d-6bb9bd380b00', 'conforme', NULL, '2026-04-23 18:13:21.725787+00', '2026-04-23 18:13:21.725787+00', NULL, NULL, NULL, NULL),
	('95f143ab-5e3e-4682-af07-82ec1d54fc0d', '0a970c4c-0330-4b80-9560-56d1a6829182', 'c1ee0038-9c0b-4ef8-bb6d-6bb9bd380b00', 'conforme', NULL, '2026-04-23 18:11:38.957911+00', '2026-04-23 18:23:41.250879+00', NULL, 'Coifa instalada em 04/2026.', NULL, NULL),
	('fe48078e-062b-4b2e-b73a-d286aed95193', '0a970c4c-0330-4b80-9560-56d1a6829182', 'c1ee0039-9c0b-4ef8-bb6d-6bb9bd380b00', 'conforme', NULL, '2026-04-23 18:11:59.825948+00', '2026-04-23 18:23:41.573611+00', NULL, 'Validade 03/2026', NULL, NULL),
	('12f6d0e4-e825-425f-bd13-16fb27ecb52d', '0a970c4c-0330-4b80-9560-56d1a6829182', 'c1ee0040-9c0b-4ef8-bb6d-6bb9bd380b00', 'conforme', NULL, '2026-04-23 18:12:22.872913+00', '2026-04-23 18:23:41.934629+00', NULL, 'Verificar', NULL, NULL),
	('d70df508-10f4-4ae1-96ad-347dbe6bd906', '0a970c4c-0330-4b80-9560-56d1a6829182', 'c1ee0041-9c0b-4ef8-bb6d-6bb9bd380b00', 'conforme', NULL, '2026-04-23 18:12:29.502449+00', '2026-04-23 18:23:42.270385+00', NULL, 'Verificar', NULL, NULL),
	('eff2fe9c-dc10-412b-9ac1-554ff1ce0163', '0a970c4c-0330-4b80-9560-56d1a6829182', 'c1ee0042-9c0b-4ef8-bb6d-6bb9bd380b00', 'conforme', NULL, '2026-04-23 18:12:39.41626+00', '2026-04-23 18:23:42.638931+00', NULL, 'Verificar', NULL, NULL),
	('7ba18b9b-a252-4e50-a684-326d42a2bd69', '93ef12b4-7531-4114-a4f3-aaa555d42a52', 'c1ee0013-9c0b-4ef8-bb6d-6bb9bd380b00', 'nc', 'teste', '2026-04-23 19:03:38.750207+00', '2026-04-23 23:39:13.730227+00', NULL, NULL, NULL, NULL),
	('b9403342-754a-475c-b5ca-7b9519e528d2', 'bdfbdffa-25b5-4532-906c-7f4576aa916d', 'c1ee0020-9c0b-4ef8-bb6d-6bb9bd380b00', 'conforme', NULL, '2026-04-24 01:23:04.90546+00', '2026-04-24 01:25:50.145136+00', NULL, NULL, NULL, NULL),
	('293c12f8-45bb-499d-8cab-e4649df6fef7', '581bafb3-ffe1-4d21-816a-1cd6a26b5ba8', 'c1ee0018-9c0b-4ef8-bb6d-6bb9bd380b00', 'conforme', NULL, '2026-04-23 18:35:54.62449+00', '2026-04-23 18:35:54.62449+00', NULL, NULL, NULL, NULL),
	('a7890958-888c-48d5-acb6-625690b4d9ec', '581bafb3-ffe1-4d21-816a-1cd6a26b5ba8', 'c1ee0023-9c0b-4ef8-bb6d-6bb9bd380b00', 'conforme', NULL, '2026-04-23 18:36:59.870115+00', '2026-04-23 18:36:59.870115+00', NULL, NULL, NULL, NULL),
	('b6a6ca55-b6b4-4b07-af75-c3b58f0ee8b9', 'bd32c131-09ae-4c79-97fd-69dd8dcf3806', 'c1ee0031-9c0b-4ef8-bb6d-6bb9bd380b00', 'conforme', NULL, '2026-04-24 16:56:03.909149+00', '2026-04-24 16:58:11.485446+00', NULL, NULL, NULL, NULL),
	('5c4866da-fcdf-440a-97f2-a4bcb16cde92', 'bd32c131-09ae-4c79-97fd-69dd8dcf3806', 'c1ee0036-9c0b-4ef8-bb6d-6bb9bd380b00', 'conforme', NULL, '2026-04-24 16:56:11.198581+00', '2026-04-24 16:58:13.518694+00', NULL, NULL, NULL, NULL),
	('81d7ab66-0b87-4587-92fa-4c8705b65744', '79821a47-fd13-4de9-a9d1-4bf23648042a', 'c1ee0026-9c0b-4ef8-bb6d-6bb9bd380b00', 'nc', 'Não tem funcionaria fixa na cozinha', '2026-04-23 18:13:01.993412+00', '2026-04-23 18:47:12.604173+00', NULL, NULL, NULL, NULL),
	('81d21e0d-bb1c-4830-b270-5800d7a0cc60', '79821a47-fd13-4de9-a9d1-4bf23648042a', 'c1ee0030-9c0b-4ef8-bb6d-6bb9bd380b00', 'nc', 'Sem funcionaria fixa na cozinha', '2026-04-23 18:13:27.420105+00', '2026-04-23 18:47:12.934511+00', NULL, NULL, NULL, NULL),
	('a546e2f5-0f12-4fe6-8a91-79f130d8c76c', 'bd32c131-09ae-4c79-97fd-69dd8dcf3806', 'c1ee0040-9c0b-4ef8-bb6d-6bb9bd380b00', 'conforme', NULL, '2026-04-24 16:56:17.085332+00', '2026-04-24 16:58:14.984795+00', NULL, NULL, NULL, NULL),
	('b1e8bdd3-3110-4259-9377-30b4008e7836', '825f68f4-5a51-4861-b1f2-cf46fe8ac852', 'c1ee0011-9c0b-4ef8-bb6d-6bb9bd380b00', 'conforme', NULL, '2026-04-24 15:07:08.872972+00', '2026-04-24 15:27:58.324644+00', NULL, NULL, NULL, NULL),
	('1f9470a9-c0f8-4e8b-b660-2e5f840ee942', '825f68f4-5a51-4861-b1f2-cf46fe8ac852', 'c1ee0023-9c0b-4ef8-bb6d-6bb9bd380b00', 'conforme', NULL, '2026-04-24 15:14:47.508107+00', '2026-04-24 15:27:58.709742+00', NULL, NULL, NULL, NULL),
	('313618b4-6612-4ff1-9888-d53832c7d7b8', '825f68f4-5a51-4861-b1f2-cf46fe8ac852', 'c1ee0037-9c0b-4ef8-bb6d-6bb9bd380b00', 'na', NULL, '2026-04-24 15:21:21.079169+00', '2026-04-24 15:27:59.083982+00', NULL, NULL, NULL, NULL),
	('a3d1fe0d-b93c-432d-8439-1b4c6aafac10', '825f68f4-5a51-4861-b1f2-cf46fe8ac852', 'c1ee0041-9c0b-4ef8-bb6d-6bb9bd380b00', 'conforme', NULL, '2026-04-24 15:22:15.631722+00', '2026-04-24 15:27:59.437423+00', NULL, NULL, NULL, NULL),
	('eefe2190-0281-4f72-9af8-4b787e57748f', 'c662d9fe-ee16-4e21-9b83-3ec499f50ca2', 'c1ee0036-9c0b-4ef8-bb6d-6bb9bd380b00', 'conforme', NULL, '2026-04-24 16:39:42.847837+00', '2026-04-24 16:43:35.249329+00', NULL, NULL, NULL, NULL),
	('02a8bd4e-e94c-4605-9278-133bc028bfd0', 'c662d9fe-ee16-4e21-9b83-3ec499f50ca2', 'c1ee0041-9c0b-4ef8-bb6d-6bb9bd380b00', 'conforme', NULL, '2026-04-24 16:39:56.152044+00', '2026-04-24 16:43:38.012358+00', NULL, NULL, NULL, NULL),
	('d65ccf8d-149b-461c-ad71-acbb2f9e8c93', '1274ff95-df92-4d35-b794-0b851b6a099b', 'c1ee0035-9c0b-4ef8-bb6d-6bb9bd380b00', 'conforme', NULL, '2026-04-28 20:12:33.547377+00', '2026-04-28 20:15:48.46894+00', NULL, 'Vence em 06/2026.', NULL, NULL),
	('351dd822-8479-4357-9679-3c8d68dc91cf', '1274ff95-df92-4d35-b794-0b851b6a099b', 'c1ee0036-9c0b-4ef8-bb6d-6bb9bd380b00', 'conforme', NULL, '2026-04-28 20:12:53.488153+00', '2026-04-28 20:15:49.024884+00', NULL, 'Vence 09/2026.', NULL, NULL),
	('cb986b95-cd0d-4a1b-97f0-5087fec3b8c6', '4bb108ed-6365-48df-8620-f5dc447d308a', 'c1ee0014-9c0b-4ef8-bb6d-6bb9bd380b00', 'conforme', NULL, '2026-04-29 12:21:08.568374+00', '2026-04-29 12:30:55.523303+00', NULL, NULL, NULL, NULL),
	('b25effb5-93b5-4fae-9f75-5d292c33a402', '4bb108ed-6365-48df-8620-f5dc447d308a', 'c1ee0037-9c0b-4ef8-bb6d-6bb9bd380b00', 'conforme', NULL, '2026-04-29 12:26:34.369397+00', '2026-04-29 12:31:10.175154+00', NULL, 'lsof -i -P -n | grep LISTEN | awk ''{print $9, $1, $2}'' | sort', NULL, NULL),
	('594a826c-35e9-490e-9451-04446d99b393', '66b495bc-4311-4809-90c6-a8b149f70302', 'c1ee0030-9c0b-4ef8-bb6d-6bb9bd380b00', 'conforme', NULL, '2026-04-27 13:15:25.100604+00', '2026-04-27 13:22:56.330886+00', NULL, NULL, NULL, NULL),
	('138692f5-8c94-4de1-95de-a63feb2b2147', '66b495bc-4311-4809-90c6-a8b149f70302', 'c1ee0031-9c0b-4ef8-bb6d-6bb9bd380b00', 'conforme', NULL, '2026-04-27 13:15:27.686079+00', '2026-04-27 13:22:56.68315+00', NULL, NULL, NULL, NULL),
	('68e16ccf-6bec-42d6-bfae-763e6dec99ed', '66b495bc-4311-4809-90c6-a8b149f70302', 'c1ee0032-9c0b-4ef8-bb6d-6bb9bd380b00', 'conforme', NULL, '2026-04-27 13:15:29.703683+00', '2026-04-27 13:22:57.018187+00', NULL, NULL, NULL, NULL),
	('0ece62ab-3cf7-4a91-9430-80f641716009', '66b495bc-4311-4809-90c6-a8b149f70302', 'c1ee0033-9c0b-4ef8-bb6d-6bb9bd380b00', 'conforme', NULL, '2026-04-27 13:15:31.951266+00', '2026-04-27 13:22:57.364036+00', NULL, 'Certificado anexado à pasta de documentos.
Realizado: 25/04/26 Validade: 10/05/26', NULL, NULL),
	('10fee641-3857-4194-a078-e37025d0e603', '4bb108ed-6365-48df-8620-f5dc447d308a', 'c1ee0039-9c0b-4ef8-bb6d-6bb9bd380b00', 'na', NULL, '2026-04-29 12:26:46.693852+00', '2026-04-29 12:31:11.347231+00', NULL, 'lsof -i -P -n | grep LISTEN | awk ''{print $9, $1, $2}'' | sort', NULL, NULL),
	('f33ed5af-af06-44f1-ab4b-90d46de3f914', '4bb108ed-6365-48df-8620-f5dc447d308a', 'c1ee0040-9c0b-4ef8-bb6d-6bb9bd380b00', 'nc', 'lsof -i -P -n | grep LISTEN | awk ''{print $9, $1, $2}'' | sort', '2026-04-29 12:26:54.414568+00', '2026-04-29 12:31:11.940774+00', NULL, 'lsof -i -P -n | grep LISTEN | awk ''{print $9, $1, $2}'' | sort', NULL, NULL),
	('9c06bc68-9d8f-459a-a42e-24c3e3499519', '1274ff95-df92-4d35-b794-0b851b6a099b', 'c1ee0007-9c0b-4ef8-bb6d-6bb9bd380b00', 'conforme', NULL, '2026-04-28 19:44:54.88359+00', '2026-04-28 20:15:37.987209+00', NULL, 'Porém a pia é compartilhada com a pia de lavagem de panelas.', NULL, NULL),
	('51723834-55c5-4997-9817-f8165ac4d8a1', '1274ff95-df92-4d35-b794-0b851b6a099b', 'c1ee0026-9c0b-4ef8-bb6d-6bb9bd380b00', 'conforme', NULL, '2026-04-28 20:11:41.836165+00', '2026-04-28 20:15:45.31258+00', NULL, NULL, NULL, NULL),
	('4569a1bd-4d49-4dd7-8ce7-96c52b69ccb0', '1274ff95-df92-4d35-b794-0b851b6a099b', 'c1ee0030-9c0b-4ef8-bb6d-6bb9bd380b00', 'conforme', NULL, '2026-04-28 20:12:13.412595+00', '2026-04-28 20:15:46.619871+00', NULL, NULL, NULL, NULL),
	('786ba319-9132-4491-ac61-6389bbda7e2a', '1274ff95-df92-4d35-b794-0b851b6a099b', 'c1ee0031-9c0b-4ef8-bb6d-6bb9bd380b00', 'conforme', NULL, '2026-04-28 20:12:18.537534+00', '2026-04-28 20:15:47.169272+00', NULL, NULL, NULL, NULL),
	('f61c06b1-e003-4e1c-b3a5-b5b62a9c7f93', '1274ff95-df92-4d35-b794-0b851b6a099b', 'c1ee0032-9c0b-4ef8-bb6d-6bb9bd380b00', 'conforme', NULL, '2026-04-28 20:12:21.378895+00', '2026-04-28 20:15:47.488395+00', NULL, NULL, NULL, NULL),
	('12d78479-cf83-4387-9506-98c0ad7eda94', '1274ff95-df92-4d35-b794-0b851b6a099b', 'c1ee0033-9c0b-4ef8-bb6d-6bb9bd380b00', 'conforme', NULL, '2026-04-28 20:12:24.523019+00', '2026-04-28 20:15:47.81523+00', NULL, NULL, NULL, NULL),
	('fc0019bb-a751-46dc-ac52-beb9fc71d16b', '1274ff95-df92-4d35-b794-0b851b6a099b', 'c1ee0034-9c0b-4ef8-bb6d-6bb9bd380b00', 'conforme', NULL, '2026-04-28 20:12:27.289617+00', '2026-04-28 20:15:48.129467+00', NULL, NULL, NULL, NULL),
	('62930d16-5826-4345-8ec3-fa34d3e93137', '505b9ed0-91f9-46bf-b12e-45050c262c5e', 'c1ee0005-9c0b-4ef8-bb6d-6bb9bd380b00', 'conforme', NULL, '2026-04-29 13:19:01.961166+00', '2026-04-29 13:35:44.316154+00', NULL, NULL, NULL, NULL),
	('cee87307-79f7-4cd2-92d6-38b237a84aaf', '84bc67c9-adb9-495e-8108-2e883b8b11c4', 'c1ee0033-9c0b-4ef8-bb6d-6bb9bd380b00', 'conforme', NULL, '2026-04-29 19:18:59.172623+00', '2026-04-29 20:04:54.319931+00', NULL, NULL, NULL, NULL),
	('afa8691a-46f1-4459-8f92-4c9edff6e233', '505b9ed0-91f9-46bf-b12e-45050c262c5e', 'c1ee0002-9c0b-4ef8-bb6d-6bb9bd380b00', 'conforme', NULL, '2026-04-29 13:18:53.041544+00', '2026-04-29 13:35:40.124541+00', NULL, NULL, NULL, NULL),
	('a23ea8ed-36d0-4003-ae5f-a0ac4ccb8b32', '505b9ed0-91f9-46bf-b12e-45050c262c5e', 'c1ee0003-9c0b-4ef8-bb6d-6bb9bd380b00', 'conforme', NULL, '2026-04-29 13:18:55.51174+00', '2026-04-29 13:35:40.906213+00', NULL, NULL, NULL, NULL),
	('c17f3941-f6b8-44b5-beff-7efe74128e9c', '505b9ed0-91f9-46bf-b12e-45050c262c5e', 'c1ee0004-9c0b-4ef8-bb6d-6bb9bd380b00', 'conforme', NULL, '2026-04-29 13:18:58.265054+00', '2026-04-29 13:35:41.447021+00', NULL, NULL, NULL, NULL),
	('c90a4e15-5fcd-4b18-b951-f8280cbb3c97', '505b9ed0-91f9-46bf-b12e-45050c262c5e', 'c1ee0006-9c0b-4ef8-bb6d-6bb9bd380b00', 'conforme', NULL, '2026-04-29 13:19:04.202591+00', '2026-04-29 13:35:46.893561+00', NULL, NULL, NULL, NULL),
	('b852b9c7-c8ac-40ec-ba9c-0b28fd070889', '505b9ed0-91f9-46bf-b12e-45050c262c5e', 'c1ee0007-9c0b-4ef8-bb6d-6bb9bd380b00', 'conforme', NULL, '2026-04-29 13:19:08.819328+00', '2026-04-29 13:35:47.905192+00', NULL, NULL, NULL, NULL),
	('513d2185-699c-4c19-b01a-85f1dffa99af', '505b9ed0-91f9-46bf-b12e-45050c262c5e', 'c1ee0008-9c0b-4ef8-bb6d-6bb9bd380b00', 'conforme', NULL, '2026-04-29 13:19:11.419711+00', '2026-04-29 13:35:48.413622+00', NULL, NULL, NULL, NULL),
	('2da75fa3-b37b-4235-8e6f-290bb9a77d37', '7374c257-0c0a-4833-8a61-74f7074e15f9', 'c1ee0003-9c0b-4ef8-bb6d-6bb9bd380b00', 'conforme', NULL, '2026-04-29 19:59:13.553035+00', '2026-04-30 22:39:36.921403+00', NULL, NULL, NULL, NULL),
	('8e9c6184-a9a6-4ca4-a0ae-88d8643270e6', '84bc67c9-adb9-495e-8108-2e883b8b11c4', 'c1ee0001-9c0b-4ef8-bb6d-6bb9bd380b00', 'nc', 'Piso das câmaras quebrados
Teto do estoque de bebida com mofo', '2026-04-29 18:37:52.424542+00', '2026-04-29 20:04:39.773852+00', NULL, NULL, NULL, NULL),
	('a7c02e8b-a0ee-4dc4-89ee-3b95dd99490e', '84bc67c9-adb9-495e-8108-2e883b8b11c4', 'c1ee0018-9c0b-4ef8-bb6d-6bb9bd380b00', 'conforme', NULL, '2026-04-29 19:00:40.495118+00', '2026-04-29 20:04:48.463923+00', NULL, NULL, NULL, NULL),
	('f7c29ed7-c6ae-444a-93da-5243da1e3804', '84bc67c9-adb9-495e-8108-2e883b8b11c4', 'c1ee0034-9c0b-4ef8-bb6d-6bb9bd380b00', 'conforme', NULL, '2026-04-29 19:19:02.848786+00', '2026-04-29 20:04:54.730358+00', NULL, NULL, NULL, NULL),
	('8034fd51-5b96-4d05-b800-1adf2f94df28', '7374c257-0c0a-4833-8a61-74f7074e15f9', 'c1ee0023-9c0b-4ef8-bb6d-6bb9bd380b00', 'conforme', NULL, '2026-04-29 20:30:14.326591+00', '2026-04-30 22:39:38.892643+00', NULL, NULL, NULL, NULL),
	('6e695ff1-dc1d-4f1b-ace8-8fc56c378879', '7374c257-0c0a-4833-8a61-74f7074e15f9', 'c1ee0022-9c0b-4ef8-bb6d-6bb9bd380b00', 'conforme', NULL, '2026-04-29 20:30:05.08337+00', '2026-04-30 22:39:38.430754+00', NULL, NULL, NULL, NULL),
	('b0caabf1-e96a-4741-bc1f-525440a4777e', '7374c257-0c0a-4833-8a61-74f7074e15f9', 'c1ee0021-9c0b-4ef8-bb6d-6bb9bd380b00', 'conforme', NULL, '2026-04-29 20:30:00.426462+00', '2026-04-30 22:39:37.98942+00', NULL, NULL, NULL, NULL),
	('560c4859-6cc7-4b94-a72f-259b7be80000', '79821a47-fd13-4de9-a9d1-4bf23648042a', 'c1ee0023-9c0b-4ef8-bb6d-6bb9bd380b00', 'conforme', NULL, '2026-04-23 18:12:43.182883+00', '2026-04-23 18:12:43.182883+00', NULL, NULL, NULL, NULL),
	('c5491abb-a14c-41c0-9376-4b0b81314653', '79821a47-fd13-4de9-a9d1-4bf23648042a', 'c1ee0025-9c0b-4ef8-bb6d-6bb9bd380b00', 'conforme', NULL, '2026-04-23 18:12:53.121322+00', '2026-04-23 18:12:53.121322+00', NULL, NULL, NULL, NULL),
	('3fc9d7f6-7da8-46e9-8c46-98a4a04f67ea', '0a970c4c-0330-4b80-9560-56d1a6829182', 'c1ee0043-9c0b-4ef8-bb6d-6bb9bd380b00', 'conforme', NULL, '2026-04-23 18:13:07.707462+00', '2026-04-23 18:23:42.970936+00', NULL, 'AVCB - verificar
Atestado de estanqueidade - Validade: 08/04/2027', NULL, NULL),
	('e3c94ca7-4772-44cd-bcc3-7765fd5b61c0', '581bafb3-ffe1-4d21-816a-1cd6a26b5ba8', 'c1ee0019-9c0b-4ef8-bb6d-6bb9bd380b00', 'conforme', NULL, '2026-04-23 18:35:56.391551+00', '2026-04-23 18:35:56.391551+00', NULL, NULL, NULL, NULL),
	('3e42ff4f-f9b8-4f0c-a1f7-93dcdb7f24aa', '93ef12b4-7531-4114-a4f3-aaa555d42a52', 'c1ee0003-9c0b-4ef8-bb6d-6bb9bd380b00', 'conforme', NULL, '2026-04-23 21:50:13.815442+00', '2026-04-23 23:39:14.074545+00', NULL, NULL, NULL, NULL),
	('eff7e3f9-ec9d-4df2-ae07-62f53c1248e2', '93ef12b4-7531-4114-a4f3-aaa555d42a52', 'c1ee0039-9c0b-4ef8-bb6d-6bb9bd380b00', 'nc', 'teste 2', '2026-04-23 21:50:36.067828+00', '2026-04-23 23:39:14.422137+00', NULL, NULL, NULL, NULL),
	('ef87f7d7-ef4c-475f-be4c-234cee93ae0a', '93ef12b4-7531-4114-a4f3-aaa555d42a52', 'c1ee0038-9c0b-4ef8-bb6d-6bb9bd380b00', 'conforme', NULL, '2026-04-23 21:50:42.234432+00', '2026-04-23 23:39:14.998014+00', NULL, NULL, NULL, NULL),
	('8e66d3ea-abad-43fa-b78e-90819105af66', '93ef12b4-7531-4114-a4f3-aaa555d42a52', 'c1ee0035-9c0b-4ef8-bb6d-6bb9bd380b00', 'conforme', NULL, '2026-04-23 21:50:46.693811+00', '2026-04-23 23:39:15.358209+00', NULL, NULL, NULL, NULL),
	('61ef09a1-15b6-4534-b9d5-5b58a49235d7', 'bd32c131-09ae-4c79-97fd-69dd8dcf3806', 'c1ee0033-9c0b-4ef8-bb6d-6bb9bd380b00', 'conforme', NULL, '2026-04-24 16:56:06.870219+00', '2026-04-24 16:58:12.356695+00', NULL, NULL, NULL, NULL),
	('0a0bc0d3-091b-4250-beb3-92f9c249f846', 'bd32c131-09ae-4c79-97fd-69dd8dcf3806', 'c1ee0038-9c0b-4ef8-bb6d-6bb9bd380b00', 'conforme', NULL, '2026-04-24 16:56:13.805876+00', '2026-04-24 16:58:14.258666+00', NULL, NULL, NULL, NULL),
	('079be2f7-0deb-4171-a1ad-ddef7968dbcf', 'bd32c131-09ae-4c79-97fd-69dd8dcf3806', 'c1ee0042-9c0b-4ef8-bb6d-6bb9bd380b00', 'conforme', NULL, '2026-04-24 16:56:19.715858+00', '2026-04-24 16:58:15.734488+00', NULL, NULL, NULL, NULL),
	('71b643e6-333b-47e4-a57f-5fae177d0fec', '825f68f4-5a51-4861-b1f2-cf46fe8ac852', 'c1ee0012-9c0b-4ef8-bb6d-6bb9bd380b00', 'nc', 'Pendente. Envio o link para compra.', '2026-04-24 15:07:12.840677+00', '2026-04-24 15:27:59.79614+00', NULL, NULL, NULL, NULL),
	('a0842724-b086-4925-b639-c5901ddf131e', '825f68f4-5a51-4861-b1f2-cf46fe8ac852', 'c1ee0025-9c0b-4ef8-bb6d-6bb9bd380b00', 'nc', 'Reoriento manter produtos protegidos adequadamente', '2026-04-24 15:15:57.921357+00', '2026-04-24 15:28:00.121871+00', NULL, NULL, NULL, NULL),
	('d813ff7d-6312-472e-b95e-e5ea3f6cb0b8', '825f68f4-5a51-4861-b1f2-cf46fe8ac852', 'c1ee0026-9c0b-4ef8-bb6d-6bb9bd380b00', 'conforme', NULL, '2026-04-24 15:16:21.331974+00', '2026-04-24 15:28:00.450264+00', NULL, NULL, NULL, NULL),
	('aca6306f-2544-4485-9acc-07a779be8ddc', '825f68f4-5a51-4861-b1f2-cf46fe8ac852', 'c1ee0038-9c0b-4ef8-bb6d-6bb9bd380b00', 'conforme', NULL, '2026-04-24 15:21:25.528529+00', '2026-04-24 15:28:00.788438+00', NULL, NULL, NULL, NULL),
	('62344965-62f4-4a0e-8756-e0820152acda', '93ef12b4-7531-4114-a4f3-aaa555d42a52', 'c1ee0034-9c0b-4ef8-bb6d-6bb9bd380b00', 'conforme', NULL, '2026-04-23 21:50:48.018027+00', '2026-04-23 23:39:15.96425+00', NULL, NULL, NULL, NULL),
	('391e1211-a7c0-43f0-bf8f-56f69e12ea01', '93ef12b4-7531-4114-a4f3-aaa555d42a52', 'c1ee0029-9c0b-4ef8-bb6d-6bb9bd380b00', 'conforme', NULL, '2026-04-23 21:50:55.232493+00', '2026-04-23 23:39:16.366746+00', NULL, NULL, NULL, NULL),
	('31477f73-27e0-458b-abd9-80bd03c9c0f3', '93ef12b4-7531-4114-a4f3-aaa555d42a52', 'c1ee0019-9c0b-4ef8-bb6d-6bb9bd380b00', 'conforme', NULL, '2026-04-23 21:51:44.728352+00', '2026-04-23 23:39:16.724547+00', NULL, NULL, NULL, NULL),
	('2af2b771-3428-4be8-bd75-33df5fef404f', '93ef12b4-7531-4114-a4f3-aaa555d42a52', 'c1ee0020-9c0b-4ef8-bb6d-6bb9bd380b00', 'conforme', NULL, '2026-04-23 21:51:58.613888+00', '2026-04-23 23:39:17.132139+00', NULL, NULL, NULL, NULL),
	('445563bf-6425-458c-a25b-db8110a2c5f6', '5e1ba177-69c7-424f-915f-db1bb8b37e4b', 'c1ee0001-9c0b-4ef8-bb6d-6bb9bd380b00', 'nc', NULL, '2026-04-24 01:36:35.004371+00', '2026-04-24 01:36:35.004371+00', NULL, NULL, NULL, NULL),
	('07f5b5b8-5b89-4e47-8958-ef5a7a0e9dbc', 'c662d9fe-ee16-4e21-9b83-3ec499f50ca2', 'c1ee0031-9c0b-4ef8-bb6d-6bb9bd380b00', 'conforme', NULL, '2026-04-24 16:39:30.566985+00', '2026-04-24 16:43:31.69525+00', NULL, NULL, NULL, NULL),
	('23c55286-91ce-4b1e-9049-69cd1605517a', 'd93aa2db-f094-4a24-9e76-71e30c8f4361', 'c1ee0029-9c0b-4ef8-bb6d-6bb9bd380b00', 'conforme', NULL, '2026-04-30 16:56:18.510338+00', '2026-04-30 17:11:18.749234+00', NULL, NULL, NULL, NULL),
	('a46fa34d-e386-4c34-8a3d-919f4dc0d2b7', 'd93aa2db-f094-4a24-9e76-71e30c8f4361', 'c1ee0037-9c0b-4ef8-bb6d-6bb9bd380b00', 'nc', 'Filtro não funciona.', '2026-04-30 17:01:25.405766+00', '2026-04-30 17:11:23.043883+00', NULL, NULL, NULL, NULL),
	('04542b2e-08fa-4b9e-8cb1-5f39efcd500e', '7374c257-0c0a-4833-8a61-74f7074e15f9', 'c1ee0031-9c0b-4ef8-bb6d-6bb9bd380b00', 'nc', 'ASOs vencidos 
Pendência do ASO impresso de alguns colaboradores', '2026-04-29 20:46:05.790431+00', '2026-04-30 22:38:43.465672+00', NULL, 'A maioria dos funcionários não possui o ASO na unidade.
Na validade tem somente da funcionária Bruna.', NULL, NULL),
	('1db89b42-221b-49b3-aaad-1f71245064d5', '66b495bc-4311-4809-90c6-a8b149f70302', 'c1ee0034-9c0b-4ef8-bb6d-6bb9bd380b00', 'conforme', NULL, '2026-04-27 13:16:06.9586+00', '2026-04-27 13:22:57.670893+00', NULL, NULL, NULL, NULL),
	('44e4c8ad-dace-49f3-bba1-26b3971be42f', '66b495bc-4311-4809-90c6-a8b149f70302', 'c1ee0035-9c0b-4ef8-bb6d-6bb9bd380b00', 'conforme', NULL, '2026-04-27 13:16:08.830409+00', '2026-04-27 13:22:58.034103+00', NULL, 'Realizado: 22/12/25 Validade: 22/06/26', NULL, NULL),
	('fae49ee5-02fe-4a74-bdae-067f1de989de', '84bc67c9-adb9-495e-8108-2e883b8b11c4', 'c1ee0002-9c0b-4ef8-bb6d-6bb9bd380b00', 'conforme', NULL, '2026-04-29 18:45:00.608499+00', '2026-04-29 20:04:40.445526+00', NULL, NULL, NULL, NULL),
	('14da986e-8eb4-49ab-913c-206b983be472', '84bc67c9-adb9-495e-8108-2e883b8b11c4', 'c1ee0019-9c0b-4ef8-bb6d-6bb9bd380b00', 'conforme', NULL, '2026-04-29 19:00:45.892299+00', '2026-04-29 20:04:48.935885+00', NULL, NULL, NULL, NULL),
	('9ccaf128-5c2d-487b-aa8d-5791c19372ce', '84bc67c9-adb9-495e-8108-2e883b8b11c4', 'c1ee0038-9c0b-4ef8-bb6d-6bb9bd380b00', 'conforme', NULL, '2026-04-29 19:29:31.981705+00', '2026-04-29 20:04:55.065475+00', NULL, 'Feito em 26/03/2026', NULL, NULL),
	('e59a504a-9a4e-4141-adb9-1f9dcabbba21', '1274ff95-df92-4d35-b794-0b851b6a099b', 'c1ee0008-9c0b-4ef8-bb6d-6bb9bd380b00', 'conforme', NULL, '2026-04-28 19:49:11.797921+00', '2026-04-28 20:15:38.480586+00', NULL, NULL, NULL, NULL),
	('58e748bf-aa78-4fca-9a7a-34fe80abea7d', '1274ff95-df92-4d35-b794-0b851b6a099b', 'c1ee0029-9c0b-4ef8-bb6d-6bb9bd380b00', 'conforme', NULL, '2026-04-28 20:12:08.626824+00', '2026-04-28 20:15:46.26204+00', NULL, NULL, NULL, NULL),
	('c26c71ed-3978-4dac-b0f6-1ec9629e94a2', '7374c257-0c0a-4833-8a61-74f7074e15f9', 'c1ee0005-9c0b-4ef8-bb6d-6bb9bd380b00', 'nc', 'Precisa ajustar as grelhas dos ralos da área de produção', '2026-04-29 19:59:27.531398+00', '2026-04-30 22:39:39.337585+00', NULL, 'Atenção as telas milimétricas dos ralos, que precisam estar bem ajustadas.', NULL, NULL),
	('5487f967-0bb2-480d-85d6-d7db9d37cb1e', '7374c257-0c0a-4833-8a61-74f7074e15f9', 'c1ee0029-9c0b-4ef8-bb6d-6bb9bd380b00', 'conforme', NULL, '2026-04-29 20:44:59.785184+00', '2026-04-30 22:39:39.862409+00', NULL, 'Em fase de elaboração.', NULL, NULL),
	('29af51c2-e244-4246-89ac-e6901733e0c1', '4bb108ed-6365-48df-8620-f5dc447d308a', 'c1ee0010-9c0b-4ef8-bb6d-6bb9bd380b00', 'conforme', NULL, '2026-04-29 12:21:24.585443+00', '2026-04-29 12:30:56.070988+00', NULL, NULL, NULL, NULL),
	('cdc97ab5-4ef8-485b-838f-5068def6bdd7', '4bb108ed-6365-48df-8620-f5dc447d308a', 'c1ee0041-9c0b-4ef8-bb6d-6bb9bd380b00', 'conforme', NULL, '2026-04-29 12:27:44.977395+00', '2026-04-29 12:31:12.551113+00', NULL, NULL, NULL, NULL),
	('3ca6f0be-10af-4c84-82ef-cdb71c41d8a6', '505b9ed0-91f9-46bf-b12e-45050c262c5e', 'c1ee0009-9c0b-4ef8-bb6d-6bb9bd380b00', 'nc', 'Oriento higienização da fritadeira, geladeira, microondas e gavetas da cozinha.', '2026-04-29 13:19:18.499156+00', '2026-04-29 13:23:27.070894+00', NULL, NULL, NULL, NULL),
	('6892de0f-1344-4ee7-a168-082eb5b73164', 'e5819bf1-8a4e-4d7c-8b36-cc550bc6fedc', 'c1ee0039-9c0b-4ef8-bb6d-6bb9bd380b00', 'conforme', NULL, '2026-05-04 13:57:42.06128+00', '2026-05-04 14:06:51.480743+00', NULL, NULL, '2027-03-31', NULL),
	('538c84bd-278a-47cd-9070-79a958625391', 'e5819bf1-8a4e-4d7c-8b36-cc550bc6fedc', 'c1ee0031-9c0b-4ef8-bb6d-6bb9bd380b00', 'conforme', NULL, '2026-05-04 13:51:13.924646+00', '2026-05-04 14:06:50.837769+00', NULL, 'Próximo vencimento 08/2026.', NULL, NULL),
	('0797d225-8782-4821-a76e-c729abe46a5d', 'e5819bf1-8a4e-4d7c-8b36-cc550bc6fedc', 'c1ee0041-9c0b-4ef8-bb6d-6bb9bd380b00', 'nc', 'Arquivado protocolo de renovação', '2026-05-04 13:58:59.116359+00', '2026-05-04 14:06:52.081877+00', NULL, NULL, '2026-04-01', NULL),
	('5921e824-fbf7-42f5-9b1b-346d4edaa6ae', 'e5819bf1-8a4e-4d7c-8b36-cc550bc6fedc', 'c1ee0033-9c0b-4ef8-bb6d-6bb9bd380b00', 'conforme', NULL, '2026-05-04 13:53:07.102595+00', '2026-05-04 14:06:53.066046+00', NULL, NULL, '2026-05-08', NULL),
	('e87c53eb-8a11-4651-97b8-e6b55353ab5d', 'd93aa2db-f094-4a24-9e76-71e30c8f4361', 'c1ee0010-9c0b-4ef8-bb6d-6bb9bd380b00', 'nc', 'Utensílios em desuso e com sujidades.', '2026-04-30 16:44:38.578825+00', '2026-04-30 17:11:11.157842+00', NULL, NULL, NULL, NULL),
	('6d515728-f5e5-4a18-8007-6c390e67baf1', 'd93aa2db-f094-4a24-9e76-71e30c8f4361', 'c1ee0024-9c0b-4ef8-bb6d-6bb9bd380b00', 'nc', 'Oriento identificação, Jailson realizou adequação.', '2026-04-30 16:55:33.847116+00', '2026-04-30 17:11:15.207802+00', NULL, NULL, NULL, NULL),
	('4aaf298a-66f7-4ea3-89dd-105295bdf440', 'd93aa2db-f094-4a24-9e76-71e30c8f4361', 'c1ee0027-9c0b-4ef8-bb6d-6bb9bd380b00', 'conforme', NULL, '2026-04-30 16:56:06.454626+00', '2026-04-30 17:11:17.66939+00', NULL, NULL, NULL, NULL),
	('dc4ff847-114c-4b06-9bd6-68afbb368939', 'd93aa2db-f094-4a24-9e76-71e30c8f4361', 'c1ee0028-9c0b-4ef8-bb6d-6bb9bd380b00', 'conforme', NULL, '2026-04-30 16:56:10.945175+00', '2026-04-30 17:11:18.220755+00', NULL, NULL, NULL, NULL),
	('488d37d1-2ecf-44ab-806e-3e65f6a636c2', 'e5819bf1-8a4e-4d7c-8b36-cc550bc6fedc', 'c1ee0005-9c0b-4ef8-bb6d-6bb9bd380b00', 'nc', 'Reoriento manter os ralos fechados.', '2026-05-04 13:39:36.93866+00', '2026-05-04 14:06:51.194037+00', NULL, NULL, NULL, NULL),
	('ffb15a50-de81-4080-947e-30a3dc8a8e24', 'e5819bf1-8a4e-4d7c-8b36-cc550bc6fedc', 'c1ee0010-9c0b-4ef8-bb6d-6bb9bd380b00', 'conforme', NULL, '2026-05-04 13:43:17.18637+00', '2026-05-04 14:06:53.419553+00', NULL, 'Observo melhora na limpeza.', '2026-05-04', NULL),
	('3ed216a2-e62c-4286-aa81-eea3f7f0abf2', 'e5819bf1-8a4e-4d7c-8b36-cc550bc6fedc', 'c1ee0036-9c0b-4ef8-bb6d-6bb9bd380b00', 'conforme', NULL, '2026-05-04 13:55:10.364581+00', '2026-05-04 14:06:49.619811+00', NULL, NULL, '2026-10-16', NULL),
	('eb45baa0-43ce-49f5-9552-4604f2162fec', 'e5819bf1-8a4e-4d7c-8b36-cc550bc6fedc', 'c1ee0038-9c0b-4ef8-bb6d-6bb9bd380b00', 'conforme', NULL, '2026-05-04 13:55:54.085553+00', '2026-05-04 14:06:50.102921+00', NULL, NULL, '2026-06-26', NULL),
	('e31442de-d632-4731-b8b6-ba3e080b963e', 'e5819bf1-8a4e-4d7c-8b36-cc550bc6fedc', 'c1ee0040-9c0b-4ef8-bb6d-6bb9bd380b00', 'conforme', NULL, '2026-05-04 13:58:35.44128+00', '2026-05-04 14:06:51.784989+00', NULL, NULL, '2027-03-20', NULL),
	('08b6057d-2088-4a0f-a6d2-71244ec515f0', 'e5819bf1-8a4e-4d7c-8b36-cc550bc6fedc', 'c1ee0015-9c0b-4ef8-bb6d-6bb9bd380b00', 'nc', 'Planilhas incompletas, referente ao mês de abril.', '2026-05-04 13:44:57.755717+00', '2026-05-04 14:06:49.044918+00', NULL, NULL, NULL, NULL),
	('b4bc2665-a399-4973-a337-5b316a39fe0a', 'e5819bf1-8a4e-4d7c-8b36-cc550bc6fedc', 'c1ee0024-9c0b-4ef8-bb6d-6bb9bd380b00', 'nc', 'Encontro diversos produtos com etiqueta vencida.', '2026-05-04 13:49:01.559491+00', '2026-05-04 14:06:50.487273+00', NULL, NULL, NULL, NULL),
	('e4dcfebe-96f9-41cb-be69-e7edce68f1dc', 'e5819bf1-8a4e-4d7c-8b36-cc550bc6fedc', 'c1ee0042-9c0b-4ef8-bb6d-6bb9bd380b00', 'nc', 'Em processo de renovação, protocolo arquivado.', '2026-05-04 14:00:34.208688+00', '2026-05-04 14:06:52.409268+00', NULL, NULL, '2026-04-01', NULL),
	('d05e68c7-f405-46ec-be38-441abf3d0ea9', 'e5819bf1-8a4e-4d7c-8b36-cc550bc6fedc', 'c1ee0043-9c0b-4ef8-bb6d-6bb9bd380b00', 'conforme', NULL, '2026-05-04 14:01:35.600107+00', '2026-05-04 14:06:52.744968+00', NULL, NULL, '2028-07-07', NULL),
	('9696e72a-89ee-4b91-87be-c0523249f21e', 'e5819bf1-8a4e-4d7c-8b36-cc550bc6fedc', 'c1ee0009-9c0b-4ef8-bb6d-6bb9bd380b00', 'nc', 'Encontro freezer do atendimento com gelo acumulado e sacolas plásticas, reoriento. Melhorar e manter a limpeza da geladeira da produção. Torneira da pia do atendimento sem o registro.', '2026-05-04 13:41:41.538816+00', '2026-05-04 14:06:47.257735+00', NULL, NULL, NULL, NULL),
	('d7708404-9f27-4ab4-a78f-822dc4927255', '007e677f-7fa6-4fc2-b126-633263a57603', NULL, 'na', NULL, '2026-05-04 15:11:36.801185+00', '2026-05-04 15:12:43.434051+00', NULL, NULL, NULL, 'b4cc6516-da5e-4c4d-9b7f-cfab54af5541'),
	('8f5c3e0d-ed65-4be3-9f7b-b98dc0db08a2', '007e677f-7fa6-4fc2-b126-633263a57603', NULL, 'conforme', NULL, '2026-05-04 15:12:13.900582+00', '2026-05-04 15:12:45.444744+00', NULL, NULL, NULL, 'dbc65282-1de5-4264-915d-786fe9fbfedc'),
	('289b0ac7-5a9a-4eb9-9d22-59618170f4f3', '007e677f-7fa6-4fc2-b126-633263a57603', NULL, 'nc', 'nao conforme', '2026-05-04 15:11:20.274729+00', '2026-05-04 15:12:42.564453+00', NULL, 'plano de acao', NULL, '6c0d3927-ba12-402c-8696-b7acefb03d5a'),
	('9f12a7af-3a36-42d0-bcf7-b046976400f1', '0a970c4c-0330-4b80-9560-56d1a6829182', 'c1ee0007-9c0b-4ef8-bb6d-6bb9bd380b00', 'nc', 'Pendente instalar saboneteira e papeleira na pia da cozinha.', '2026-04-23 18:00:48.824765+00', '2026-04-23 18:23:30.435346+00', NULL, NULL, NULL, NULL),
	('76a4f5e9-19a3-46bf-84bb-080a9c5fb254', '79821a47-fd13-4de9-a9d1-4bf23648042a', 'c1ee0034-9c0b-4ef8-bb6d-6bb9bd380b00', 'conforme', NULL, '2026-04-23 18:14:54.8198+00', '2026-04-23 18:36:08.861959+00', NULL, NULL, NULL, NULL),
	('a98307bc-db62-47b4-8d11-8489e70def37', '79821a47-fd13-4de9-a9d1-4bf23648042a', 'c1ee0033-9c0b-4ef8-bb6d-6bb9bd380b00', 'conforme', NULL, '2026-04-23 18:15:23.783286+00', '2026-04-23 18:15:23.783286+00', NULL, NULL, NULL, NULL),
	('02717021-7087-4297-b112-5067bae1fb00', '79821a47-fd13-4de9-a9d1-4bf23648042a', 'c1ee0035-9c0b-4ef8-bb6d-6bb9bd380b00', 'conforme', NULL, '2026-04-23 18:15:32.417185+00', '2026-04-23 18:15:32.417185+00', NULL, NULL, NULL, NULL),
	('ec17b547-d9a9-4c86-b0e6-afac044c81ef', '93ef12b4-7531-4114-a4f3-aaa555d42a52', 'c1ee0043-9c0b-4ef8-bb6d-6bb9bd380b00', 'conforme', NULL, '2026-04-23 21:50:24.771585+00', '2026-04-23 23:39:17.453945+00', NULL, NULL, NULL, NULL),
	('d706a81f-60cd-49ce-81fd-104fe4269c64', '79821a47-fd13-4de9-a9d1-4bf23648042a', 'c1ee0036-9c0b-4ef8-bb6d-6bb9bd380b00', 'na', NULL, '2026-04-23 18:15:44.749817+00', '2026-04-23 18:15:44.749817+00', NULL, NULL, NULL, NULL),
	('27e38a6d-f883-426f-96e2-d2ba72d56237', '79821a47-fd13-4de9-a9d1-4bf23648042a', 'c1ee0037-9c0b-4ef8-bb6d-6bb9bd380b00', 'conforme', NULL, '2026-04-23 18:15:50.814938+00', '2026-04-23 18:15:50.814938+00', NULL, NULL, NULL, NULL),
	('e6eb8b77-4d74-4456-8d1e-ab6969f0de11', '93ef12b4-7531-4114-a4f3-aaa555d42a52', 'c1ee0042-9c0b-4ef8-bb6d-6bb9bd380b00', 'conforme', NULL, '2026-04-23 21:50:26.191525+00', '2026-04-23 23:39:17.887506+00', NULL, NULL, NULL, NULL),
	('6c2669f7-8804-47cf-a93c-2042292f8e7e', '93ef12b4-7531-4114-a4f3-aaa555d42a52', 'c1ee0040-9c0b-4ef8-bb6d-6bb9bd380b00', 'nc', 'teste', '2026-04-23 21:50:29.056125+00', '2026-04-23 23:39:18.22793+00', NULL, NULL, NULL, NULL),
	('66895062-5730-4c34-b4a5-cf9f2f2c6a0d', '79821a47-fd13-4de9-a9d1-4bf23648042a', 'c1ee0038-9c0b-4ef8-bb6d-6bb9bd380b00', 'conforme', NULL, '2026-04-23 18:16:11.053656+00', '2026-04-23 18:16:11.053656+00', NULL, NULL, NULL, NULL),
	('ae522393-f85a-4417-9783-80d47f438b10', '79821a47-fd13-4de9-a9d1-4bf23648042a', 'c1ee0039-9c0b-4ef8-bb6d-6bb9bd380b00', 'conforme', NULL, '2026-04-23 18:16:18.037492+00', '2026-04-23 18:16:18.037492+00', NULL, NULL, NULL, NULL),
	('b858575d-3ad5-4348-a092-227e59fabf07', '93ef12b4-7531-4114-a4f3-aaa555d42a52', 'c1ee0033-9c0b-4ef8-bb6d-6bb9bd380b00', 'conforme', NULL, '2026-04-23 21:50:49.696564+00', '2026-04-23 23:39:18.58585+00', NULL, NULL, NULL, NULL),
	('10f27892-3a2b-4b89-95dc-9d55b4efd134', '93ef12b4-7531-4114-a4f3-aaa555d42a52', 'c1ee0031-9c0b-4ef8-bb6d-6bb9bd380b00', 'conforme', NULL, '2026-04-23 21:50:52.754668+00', '2026-04-23 23:39:18.957098+00', NULL, NULL, NULL, NULL),
	('1c7d6c22-e191-4f39-8472-309b7ee47fe8', '581bafb3-ffe1-4d21-816a-1cd6a26b5ba8', 'c1ee0020-9c0b-4ef8-bb6d-6bb9bd380b00', 'nc', 'Pendente instalar saboneteira e papeleira na pia da cozinha', '2026-04-23 18:36:17.797839+00', '2026-04-23 18:45:41.63579+00', NULL, NULL, NULL, NULL),
	('f3446cb3-2cb6-4077-9667-32cd92c84a3a', '93ef12b4-7531-4114-a4f3-aaa555d42a52', 'c1ee0030-9c0b-4ef8-bb6d-6bb9bd380b00', 'conforme', NULL, '2026-04-23 21:50:54.117621+00', '2026-04-23 23:39:19.856926+00', NULL, NULL, NULL, NULL),
	('42c8eb16-7ac1-4d47-8cb9-a6f8ac48af90', '79821a47-fd13-4de9-a9d1-4bf23648042a', 'c1ee0040-9c0b-4ef8-bb6d-6bb9bd380b00', 'nc', 'Vencido', '2026-04-23 18:16:23.766091+00', '2026-04-23 18:47:13.235717+00', NULL, NULL, NULL, NULL),
	('96d6c93c-4a86-4754-9b85-6f9c0190f798', '93ef12b4-7531-4114-a4f3-aaa555d42a52', 'c1ee0009-9c0b-4ef8-bb6d-6bb9bd380b00', 'conforme', NULL, '2026-04-23 21:51:19.276432+00', '2026-04-23 23:39:20.2658+00', NULL, NULL, NULL, NULL),
	('08990bcc-edcd-4437-b21c-b220f7317765', '93ef12b4-7531-4114-a4f3-aaa555d42a52', 'c1ee0010-9c0b-4ef8-bb6d-6bb9bd380b00', 'conforme', NULL, '2026-04-23 21:51:21.964143+00', '2026-04-23 23:39:20.635641+00', NULL, NULL, NULL, NULL),
	('48389958-3eb0-44e8-aee8-b6e5b60b9034', '93ef12b4-7531-4114-a4f3-aaa555d42a52', 'c1ee0011-9c0b-4ef8-bb6d-6bb9bd380b00', 'conforme', NULL, '2026-04-23 21:51:23.819145+00', '2026-04-23 23:39:20.973803+00', NULL, NULL, NULL, NULL),
	('8ed2c567-531a-4989-a51d-207d6fd44074', '93ef12b4-7531-4114-a4f3-aaa555d42a52', 'c1ee0012-9c0b-4ef8-bb6d-6bb9bd380b00', 'conforme', NULL, '2026-04-23 21:51:25.183285+00', '2026-04-23 23:39:21.341142+00', NULL, 'sdfsdfsdf', NULL, NULL),
	('19136f3b-391e-44e6-b06c-208423d59b81', '93ef12b4-7531-4114-a4f3-aaa555d42a52', 'c1ee0014-9c0b-4ef8-bb6d-6bb9bd380b00', 'na', NULL, '2026-04-23 21:51:29.620412+00', '2026-04-23 23:39:21.733292+00', NULL, NULL, NULL, NULL),
	('5944759e-0d4b-45c5-be26-fa0f5f37b6ff', 'bd32c131-09ae-4c79-97fd-69dd8dcf3806', 'c1ee0001-9c0b-4ef8-bb6d-6bb9bd380b00', 'conforme', NULL, '2026-04-24 16:51:14.469474+00', '2026-04-24 16:58:09.335131+00', NULL, NULL, NULL, NULL),
	('8f441d17-108b-4ce9-8536-e552b0aa70eb', 'bd32c131-09ae-4c79-97fd-69dd8dcf3806', 'c1ee0007-9c0b-4ef8-bb6d-6bb9bd380b00', 'conforme', NULL, '2026-04-24 16:51:23.483282+00', '2026-04-24 16:58:09.779179+00', NULL, NULL, NULL, NULL),
	('b927e27d-7bad-418b-8cb8-0d034389e92a', 'bd32c131-09ae-4c79-97fd-69dd8dcf3806', 'c1ee0011-9c0b-4ef8-bb6d-6bb9bd380b00', 'conforme', NULL, '2026-04-24 16:51:36.124962+00', '2026-04-24 16:58:10.198288+00', NULL, NULL, NULL, NULL),
	('738f5618-1aa2-4525-8ae1-ca36c7f90a07', '825f68f4-5a51-4861-b1f2-cf46fe8ac852', 'c1ee0013-9c0b-4ef8-bb6d-6bb9bd380b00', 'nc', 'Planilha implantada no sushi bar, registro somente da geladeira que possui termostato. Pendente termômetro.', '2026-04-24 15:07:31.643121+00', '2026-04-24 15:28:01.111447+00', NULL, NULL, NULL, NULL),
	('79c98cf4-7c84-4424-9ba1-76d80e7d97f9', '825f68f4-5a51-4861-b1f2-cf46fe8ac852', 'c1ee0027-9c0b-4ef8-bb6d-6bb9bd380b00', 'nc', 'Recomendo o uso de touca para áreas de manipulação.', '2026-04-24 15:16:25.094475+00', '2026-04-24 15:28:01.474401+00', NULL, NULL, NULL, NULL),
	('30a62302-9739-4c99-8745-18a2997e0896', '825f68f4-5a51-4861-b1f2-cf46fe8ac852', 'c1ee0039-9c0b-4ef8-bb6d-6bb9bd380b00', 'nc', 'Não possui', '2026-04-24 15:21:48.583166+00', '2026-04-24 15:28:01.850149+00', NULL, NULL, NULL, NULL),
	('3673fcd4-3d09-4a12-9f5f-8f8649e20471', '66b495bc-4311-4809-90c6-a8b149f70302', 'c1ee0036-9c0b-4ef8-bb6d-6bb9bd380b00', 'conforme', NULL, '2026-04-27 13:17:08.530111+00', '2026-04-27 13:22:58.387128+00', NULL, 'Realizado: 04/03/26 Validade: 04/09/26', NULL, NULL),
	('731f9446-dd87-49fc-b68d-4da6e033ae8e', '84bc67c9-adb9-495e-8108-2e883b8b11c4', 'c1ee0024-9c0b-4ef8-bb6d-6bb9bd380b00', 'nc', 'Bolos na câmara congelada sem identificação 
Pimenta tabasco do salão com etiqueta vencida
Gergelim e pode de (talvez frutas vermelhas) sem identificação 
Sorvete sem identificação', '2026-04-29 19:04:44.111422+00', '2026-04-29 20:04:50.755923+00', NULL, NULL, NULL, NULL),
	('eb7dad13-6fc6-463b-ac81-6fe2e0ad4d06', '505b9ed0-91f9-46bf-b12e-45050c262c5e', 'c1ee0029-9c0b-4ef8-bb6d-6bb9bd380b00', 'conforme', NULL, '2026-04-29 13:28:15.118346+00', '2026-04-29 13:28:15.118346+00', NULL, NULL, NULL, NULL),
	('2a02c971-5a99-4503-8835-ca9c5af94702', '93ef12b4-7531-4114-a4f3-aaa555d42a52', 'c1ee0017-9c0b-4ef8-bb6d-6bb9bd380b00', 'conforme', NULL, '2026-04-23 21:51:46.142239+00', '2026-04-23 23:39:22.141168+00', NULL, NULL, NULL, NULL),
	('4aa4688d-375a-4ae6-acb7-562736a8f670', '93ef12b4-7531-4114-a4f3-aaa555d42a52', 'c1ee0023-9c0b-4ef8-bb6d-6bb9bd380b00', 'conforme', NULL, '2026-04-23 21:52:02.507022+00', '2026-04-23 23:39:22.51433+00', NULL, NULL, NULL, NULL),
	('da4cad66-dc90-46a4-86c2-0200d8365748', '93ef12b4-7531-4114-a4f3-aaa555d42a52', 'c1ee0024-9c0b-4ef8-bb6d-6bb9bd380b00', 'conforme', NULL, '2026-04-23 21:52:04.370636+00', '2026-04-23 23:39:22.876242+00', NULL, NULL, NULL, NULL),
	('ef6f7e59-5724-45dd-994f-1e199810139c', '93ef12b4-7531-4114-a4f3-aaa555d42a52', 'c1ee0027-9c0b-4ef8-bb6d-6bb9bd380b00', 'conforme', NULL, '2026-04-23 21:52:14.578837+00', '2026-04-23 23:39:23.231367+00', NULL, NULL, NULL, NULL),
	('95a7ac95-a142-4d4c-bf26-f7e2e4a56c26', '93ef12b4-7531-4114-a4f3-aaa555d42a52', 'c1ee0028-9c0b-4ef8-bb6d-6bb9bd380b00', 'na', NULL, '2026-04-23 21:52:16.086665+00', '2026-04-23 23:39:23.582303+00', NULL, NULL, NULL, NULL),
	('5a9ae03a-0725-42ee-a806-6539fbfaf15c', '6f10303a-6ca7-4a24-9037-c0d68d6bc3a9', 'c1ee0001-9c0b-4ef8-bb6d-6bb9bd380b00', 'nc', NULL, '2026-04-20 18:41:38.375253+00', '2026-04-24 01:51:08.819942+00', NULL, NULL, NULL, NULL),
	('d522ad19-3eb9-433b-9008-8ea4cc7824c1', '505b9ed0-91f9-46bf-b12e-45050c262c5e', 'c1ee0023-9c0b-4ef8-bb6d-6bb9bd380b00', 'conforme', NULL, '2026-04-29 13:24:49.73617+00', '2026-04-29 13:29:54.199909+00', NULL, NULL, NULL, NULL),
	('16990075-aa10-48b9-927c-51b89bbd0960', '505b9ed0-91f9-46bf-b12e-45050c262c5e', 'c1ee0024-9c0b-4ef8-bb6d-6bb9bd380b00', 'nc', 'Cozinha: Cebola, legumes e edamomo sem identificação.', '2026-04-29 13:25:09.611841+00', '2026-04-29 13:29:54.514888+00', NULL, NULL, NULL, NULL),
	('4e1b5e59-f7cc-4071-b0a6-34c102321127', '1274ff95-df92-4d35-b794-0b851b6a099b', 'c1ee0009-9c0b-4ef8-bb6d-6bb9bd380b00', 'nc', 'Câmaras borracha desgastada, geladeiras cozinha borrachas desgastada,freezer 3 área de apoio bastante enferrujado.
Em copa geladeira 8 ausência proteção do motor, geladeira 6 borracha ressecada.', '2026-04-28 19:52:53.898695+00', '2026-04-28 20:15:38.872349+00', NULL, NULL, NULL, NULL),
	('de6aad2a-868d-439f-bd8e-8e478a5cbd96', '1274ff95-df92-4d35-b794-0b851b6a099b', 'c1ee0037-9c0b-4ef8-bb6d-6bb9bd380b00', 'conforme', NULL, '2026-04-28 20:13:16.258471+00', '2026-04-28 20:15:49.332925+00', NULL, NULL, NULL, NULL),
	('8b8ad2a5-2e33-4b25-8e64-736a46ff5bb6', '1274ff95-df92-4d35-b794-0b851b6a099b', 'c1ee0038-9c0b-4ef8-bb6d-6bb9bd380b00', 'conforme', NULL, '2026-04-28 20:13:23.736212+00', '2026-04-28 20:15:49.679685+00', NULL, NULL, NULL, NULL),
	('c8f760f8-d383-436f-a32b-ad6708617d40', '1274ff95-df92-4d35-b794-0b851b6a099b', 'c1ee0039-9c0b-4ef8-bb6d-6bb9bd380b00', 'conforme', NULL, '2026-04-28 20:13:31.559306+00', '2026-04-28 20:15:50.031528+00', NULL, NULL, NULL, NULL),
	('1d991cc5-93c9-43b1-81e7-5dbf48e5e888', '1274ff95-df92-4d35-b794-0b851b6a099b', 'c1ee0040-9c0b-4ef8-bb6d-6bb9bd380b00', 'conforme', NULL, '2026-04-28 20:13:37.988222+00', '2026-04-28 20:15:50.341813+00', NULL, NULL, NULL, NULL),
	('c8c81daa-2e96-4886-b415-cb5c4dd38468', '1274ff95-df92-4d35-b794-0b851b6a099b', 'c1ee0041-9c0b-4ef8-bb6d-6bb9bd380b00', 'conforme', NULL, '2026-04-28 20:13:43.910614+00', '2026-04-28 20:15:50.886246+00', NULL, NULL, NULL, NULL),
	('12e85aaf-bcc4-4460-bd17-289497a96472', '1274ff95-df92-4d35-b794-0b851b6a099b', 'c1ee0042-9c0b-4ef8-bb6d-6bb9bd380b00', 'conforme', NULL, '2026-04-28 20:13:48.377954+00', '2026-04-28 20:15:51.227536+00', NULL, NULL, NULL, NULL),
	('b413d8af-4d0a-41df-8bd1-edaffc44161f', '1274ff95-df92-4d35-b794-0b851b6a099b', 'c1ee0043-9c0b-4ef8-bb6d-6bb9bd380b00', 'conforme', NULL, '2026-04-28 20:13:51.630227+00', '2026-04-28 20:15:51.553089+00', NULL, NULL, NULL, NULL),
	('5df53bc4-1a1c-4e78-9362-f8e2ac7115a7', '4bb108ed-6365-48df-8620-f5dc447d308a', 'c1ee0016-9c0b-4ef8-bb6d-6bb9bd380b00', 'conforme', NULL, '2026-04-29 12:22:24.053493+00', '2026-04-29 12:30:56.601362+00', NULL, NULL, NULL, NULL),
	('0c962f7a-0bb0-436e-90f0-fb31a4565a9c', '4bb108ed-6365-48df-8620-f5dc447d308a', 'c1ee0017-9c0b-4ef8-bb6d-6bb9bd380b00', 'na', NULL, '2026-04-29 12:22:28.863223+00', '2026-04-29 12:30:57.726092+00', NULL, NULL, NULL, NULL),
	('ed962156-656b-47c6-ba25-667dfafbe09b', '4bb108ed-6365-48df-8620-f5dc447d308a', 'c1ee0042-9c0b-4ef8-bb6d-6bb9bd380b00', 'conforme', NULL, '2026-04-29 12:27:47.708478+00', '2026-04-29 12:31:13.138263+00', NULL, NULL, NULL, NULL),
	('c9680838-6471-4e42-a73e-f1c2fdb31267', '505b9ed0-91f9-46bf-b12e-45050c262c5e', 'c1ee0010-9c0b-4ef8-bb6d-6bb9bd380b00', 'conforme', NULL, '2026-04-29 13:22:26.979762+00', '2026-04-29 13:23:27.600383+00', NULL, NULL, NULL, NULL),
	('1a2ab61b-b89e-4218-a885-a26a031ccbcf', '84bc67c9-adb9-495e-8108-2e883b8b11c4', 'c1ee0006-9c0b-4ef8-bb6d-6bb9bd380b00', 'conforme', NULL, '2026-04-29 18:46:04.406379+00', '2026-04-29 20:04:42.750432+00', NULL, NULL, NULL, NULL),
	('a46e7c53-ef76-40b3-abe9-1cdb252cbad8', '84bc67c9-adb9-495e-8108-2e883b8b11c4', 'c1ee0039-9c0b-4ef8-bb6d-6bb9bd380b00', 'conforme', NULL, '2026-04-29 19:30:27.150117+00', '2026-04-29 20:04:55.434774+00', NULL, 'Manutenção em 01/2026', NULL, NULL),
	('d68c1e9d-4a10-4840-ba16-be0ccbb1d0c5', '84bc67c9-adb9-495e-8108-2e883b8b11c4', 'c1ee0020-9c0b-4ef8-bb6d-6bb9bd380b00', 'na', NULL, '2026-04-29 19:03:49.606907+00', '2026-04-29 20:04:49.290134+00', NULL, NULL, NULL, NULL),
	('0d167d75-2da9-4513-9c9e-12887c1c63e5', '84bc67c9-adb9-495e-8108-2e883b8b11c4', 'c1ee0003-9c0b-4ef8-bb6d-6bb9bd380b00', 'conforme', NULL, '2026-04-29 18:45:06.964868+00', '2026-04-29 20:04:41.275668+00', NULL, NULL, NULL, NULL),
	('1701a0c3-53aa-4490-9710-c49935c506ea', '7374c257-0c0a-4833-8a61-74f7074e15f9', 'c1ee0030-9c0b-4ef8-bb6d-6bb9bd380b00', 'conforme', NULL, '2026-04-29 20:45:21.311944+00', '2026-04-30 22:39:40.871786+00', NULL, NULL, NULL, NULL),
	('62288b18-3195-42d3-9aef-c5df996b824d', 'd93aa2db-f094-4a24-9e76-71e30c8f4361', 'c1ee0040-9c0b-4ef8-bb6d-6bb9bd380b00', 'nc', 'Vencido.', '2026-04-30 17:03:21.156267+00', '2026-04-30 17:11:23.48484+00', NULL, NULL, '2025-01-17', NULL),
	('b5934137-3f56-4f98-a721-bd25d838884f', '7374c257-0c0a-4833-8a61-74f7074e15f9', 'c1ee0006-9c0b-4ef8-bb6d-6bb9bd380b00', 'conforme', NULL, '2026-04-29 20:04:06.359274+00', '2026-04-30 22:39:40.316593+00', NULL, NULL, NULL, NULL),
	('08bc26da-9895-4b7b-9b85-f5d5a41f1d2b', 'd93aa2db-f094-4a24-9e76-71e30c8f4361', 'c1ee0011-9c0b-4ef8-bb6d-6bb9bd380b00', 'nc', 'Bancadas amassadas', '2026-04-30 16:45:22.222567+00', '2026-04-30 17:11:11.804597+00', NULL, NULL, NULL, NULL),
	('736479af-95b2-4d5c-98e7-84b8d3f4eb1e', 'd93aa2db-f094-4a24-9e76-71e30c8f4361', 'c1ee0025-9c0b-4ef8-bb6d-6bb9bd380b00', 'conforme', NULL, '2026-04-30 16:56:00.53466+00', '2026-04-30 17:11:16.393395+00', NULL, NULL, NULL, NULL),
	('8c36e143-aacb-4747-a53e-07c13d82eb95', 'e5819bf1-8a4e-4d7c-8b36-cc550bc6fedc', 'c1ee0011-9c0b-4ef8-bb6d-6bb9bd380b00', 'conforme', NULL, '2026-05-04 13:43:45.333174+00', '2026-05-04 14:06:53.76368+00', NULL, NULL, NULL, NULL),
	('3ea6b70e-ea37-4133-9918-412fd139a678', '007e677f-7fa6-4fc2-b126-633263a57603', NULL, 'conforme', NULL, '2026-05-04 15:11:12.421412+00', '2026-05-04 15:12:39.554329+00', NULL, NULL, '2026-05-05', '6da49858-52be-45a0-9d73-b07c275f2fda'),
	('5edf6bd2-b685-48f3-8324-4a754e33d650', '007e677f-7fa6-4fc2-b126-633263a57603', NULL, 'conforme', NULL, '2026-05-04 15:11:38.570522+00', '2026-05-04 15:12:44.038033+00', NULL, NULL, '2026-05-29', '8a93234c-e884-4287-99f2-6a21641d2ffd'),
	('656e5930-29e6-4f93-9120-c66d5084f304', '007e677f-7fa6-4fc2-b126-633263a57603', NULL, 'conforme', NULL, '2026-05-04 15:12:03.059861+00', '2026-05-04 15:12:44.575215+00', NULL, NULL, NULL, '8ac856cd-cfee-49f6-951c-117bfd81338e'),
	('8749cb4d-af06-4991-98c4-e918320c1529', '007e677f-7fa6-4fc2-b126-633263a57603', NULL, 'nc', 'nao conforme', '2026-05-04 15:12:05.228353+00', '2026-05-04 15:12:44.986985+00', NULL, NULL, NULL, 'b47863c4-1e49-4910-a0c5-73da79811597');


--
-- Data for Name: checklist_fill_pdf_exports; Type: TABLE DATA; Schema: public; Owner: postgres
--

INSERT INTO "public"."checklist_fill_pdf_exports" ("id", "user_id", "session_id", "status", "storage_path", "error_message", "created_at", "updated_at", "version_number", "superseded_at", "superseded_by_version") VALUES
	('851e361e-e825-4007-9c6d-5ed327791e98', '0ac5a0c3-00ba-4fa6-bacd-fc7f653e101f', '0a970c4c-0330-4b80-9560-56d1a6829182', 'failed', NULL, 'new row violates row-level security policy', '2026-04-23 18:25:52.624635+00', '2026-04-29 23:35:42.056459+00', 1, NULL, NULL),
	('0a4b519e-8cb0-4619-b69b-17794f7f5fb2', '633db554-b037-4e40-8c4f-575337dbfded', '7374c257-0c0a-4833-8a61-74f7074e15f9', 'ready', '633db554-b037-4e40-8c4f-575337dbfded/7374c257-0c0a-4833-8a61-74f7074e15f9/0a4b519e-8cb0-4619-b69b-17794f7f5fb2.pdf', NULL, '2026-04-29 22:14:59.731418+00', '2026-04-30 22:41:03.303377+00', 3, '2026-04-29 23:36:01.756+00', 4),
	('56d7b19b-a776-4bb1-9496-83545b059859', '633db554-b037-4e40-8c4f-575337dbfded', '7374c257-0c0a-4833-8a61-74f7074e15f9', 'ready', '633db554-b037-4e40-8c4f-575337dbfded/7374c257-0c0a-4833-8a61-74f7074e15f9/56d7b19b-a776-4bb1-9496-83545b059859.pdf', NULL, '2026-04-29 22:12:36.099973+00', '2026-04-30 22:41:03.303377+00', 2, '2026-04-29 23:36:01.756+00', 4),
	('7da790a8-7f26-4063-bad0-2838da0f6ad6', '0ac5a0c3-00ba-4fa6-bacd-fc7f653e101f', '7374c257-0c0a-4833-8a61-74f7074e15f9', 'ready', '633db554-b037-4e40-8c4f-575337dbfded/7374c257-0c0a-4833-8a61-74f7074e15f9/7da790a8-7f26-4063-bad0-2838da0f6ad6.pdf', NULL, '2026-04-29 20:55:57.843751+00', '2026-04-30 22:41:03.303377+00', 1, '2026-04-29 23:36:01.756+00', 4),
	('b1176e8e-3497-44fe-8631-e01da412e7b6', '0ac5a0c3-00ba-4fa6-bacd-fc7f653e101f', '0a970c4c-0330-4b80-9560-56d1a6829182', 'failed', NULL, 'new row violates row-level security policy', '2026-04-23 18:26:00.765378+00', '2026-04-29 23:35:42.056459+00', 2, NULL, NULL),
	('49394f00-6ee8-4be3-8227-1d6529f0ff41', '633db554-b037-4e40-8c4f-575337dbfded', '0a970c4c-0330-4b80-9560-56d1a6829182', 'ready', '633db554-b037-4e40-8c4f-575337dbfded/0a970c4c-0330-4b80-9560-56d1a6829182/49394f00-6ee8-4be3-8227-1d6529f0ff41.pdf', NULL, '2026-04-23 19:09:47.606699+00', '2026-04-29 23:35:42.056459+00', 3, NULL, NULL),
	('02c57d86-61cb-4c76-b92f-5c5e140c5eb3', '6b78b890-8def-4de8-895f-af18a9b4a0d1', '1274ff95-df92-4d35-b794-0b851b6a099b', 'ready', '633db554-b037-4e40-8c4f-575337dbfded/1274ff95-df92-4d35-b794-0b851b6a099b/02c57d86-61cb-4c76-b92f-5c5e140c5eb3.pdf', NULL, '2026-04-28 20:15:56.155896+00', '2026-04-29 23:35:42.056459+00', 1, NULL, NULL),
	('5cad3039-d7a7-4fce-bf64-33565cbf1f21', '633db554-b037-4e40-8c4f-575337dbfded', '3e1aeda0-0d7a-4137-9512-a54a91d53536', 'ready', '633db554-b037-4e40-8c4f-575337dbfded/3e1aeda0-0d7a-4137-9512-a54a91d53536/5cad3039-d7a7-4fce-bf64-33565cbf1f21.pdf', NULL, '2026-04-22 18:15:14.505875+00', '2026-04-29 23:35:42.056459+00', 1, NULL, NULL),
	('d769372e-8060-4b4b-8193-39631e961767', '05487a66-8616-4a69-b20f-363fde46bf5b', '3e1aeda0-0d7a-4137-9512-a54a91d53536', 'ready', '633db554-b037-4e40-8c4f-575337dbfded/3e1aeda0-0d7a-4137-9512-a54a91d53536/d769372e-8060-4b4b-8193-39631e961767.pdf', NULL, '2026-04-23 19:52:53.808372+00', '2026-04-29 23:35:42.056459+00', 2, NULL, NULL),
	('86449b36-dc72-4196-8b48-40ef5a45ae3c', '05487a66-8616-4a69-b20f-363fde46bf5b', '3e1aeda0-0d7a-4137-9512-a54a91d53536', 'ready', '633db554-b037-4e40-8c4f-575337dbfded/3e1aeda0-0d7a-4137-9512-a54a91d53536/86449b36-dc72-4196-8b48-40ef5a45ae3c.pdf', NULL, '2026-04-23 22:01:13.399885+00', '2026-04-29 23:35:42.056459+00', 3, NULL, NULL),
	('4ebd2dd2-f972-48eb-ae16-2fce20428cab', '05487a66-8616-4a69-b20f-363fde46bf5b', '3e1aeda0-0d7a-4137-9512-a54a91d53536', 'ready', '633db554-b037-4e40-8c4f-575337dbfded/3e1aeda0-0d7a-4137-9512-a54a91d53536/4ebd2dd2-f972-48eb-ae16-2fce20428cab.pdf', NULL, '2026-04-29 02:16:40.220565+00', '2026-04-29 23:35:42.056459+00', 4, NULL, NULL),
	('6d6a415c-3fa7-454f-9f8e-53d5948cf5c2', '633db554-b037-4e40-8c4f-575337dbfded', '4bb108ed-6365-48df-8620-f5dc447d308a', 'ready', '633db554-b037-4e40-8c4f-575337dbfded/4bb108ed-6365-48df-8620-f5dc447d308a/6d6a415c-3fa7-454f-9f8e-53d5948cf5c2.pdf', NULL, '2026-04-29 12:31:46.471657+00', '2026-04-29 23:35:42.056459+00', 1, NULL, NULL),
	('1d62f452-b80e-47ae-b00a-d8b96c9b9bf6', 'd2c0ae27-29b6-49fd-ba6b-0d3362ac6444', '66b495bc-4311-4809-90c6-a8b149f70302', 'ready', '633db554-b037-4e40-8c4f-575337dbfded/66b495bc-4311-4809-90c6-a8b149f70302/1d62f452-b80e-47ae-b00a-d8b96c9b9bf6.pdf', NULL, '2026-04-27 13:23:08.23857+00', '2026-04-29 23:35:42.056459+00', 1, NULL, NULL),
	('8c66e1be-e087-4686-812b-a5476d6f3ac9', '633db554-b037-4e40-8c4f-575337dbfded', '6ac2d5ee-31a6-4b61-9d4f-439ca9102a7f', 'ready', '633db554-b037-4e40-8c4f-575337dbfded/6ac2d5ee-31a6-4b61-9d4f-439ca9102a7f/8c66e1be-e087-4686-812b-a5476d6f3ac9.pdf', NULL, '2026-04-08 19:31:31.770729+00', '2026-04-29 23:35:42.056459+00', 1, NULL, NULL),
	('35042279-7dcb-49e6-bf9a-b3fe8aa623ed', '633db554-b037-4e40-8c4f-575337dbfded', '6ac2d5ee-31a6-4b61-9d4f-439ca9102a7f', 'ready', '633db554-b037-4e40-8c4f-575337dbfded/6ac2d5ee-31a6-4b61-9d4f-439ca9102a7f/35042279-7dcb-49e6-bf9a-b3fe8aa623ed.pdf', NULL, '2026-04-23 19:49:36.554395+00', '2026-04-29 23:35:42.056459+00', 2, NULL, NULL),
	('ef476c0c-46c1-4890-8abf-63ed7840d467', 'ece7e15e-25ba-4fa7-8186-082e1ac7b490', '79821a47-fd13-4de9-a9d1-4bf23648042a', 'failed', NULL, 'new row violates row-level security policy', '2026-04-23 18:48:33.09293+00', '2026-04-29 23:35:42.056459+00', 1, NULL, NULL),
	('9e168ca1-9099-40e8-a5fc-ae45c8aec856', 'ece7e15e-25ba-4fa7-8186-082e1ac7b490', '79821a47-fd13-4de9-a9d1-4bf23648042a', 'failed', NULL, 'new row violates row-level security policy', '2026-04-23 18:48:45.960045+00', '2026-04-29 23:35:42.056459+00', 2, NULL, NULL),
	('d6ac3efb-503a-4efc-a6e5-415c797449d5', '633db554-b037-4e40-8c4f-575337dbfded', '79821a47-fd13-4de9-a9d1-4bf23648042a', 'ready', '633db554-b037-4e40-8c4f-575337dbfded/79821a47-fd13-4de9-a9d1-4bf23648042a/d6ac3efb-503a-4efc-a6e5-415c797449d5.pdf', NULL, '2026-04-23 19:04:05.880067+00', '2026-04-29 23:35:42.056459+00', 3, NULL, NULL),
	('15007dea-67d7-4c98-a019-9f4bf3d2803b', 'ece7e15e-25ba-4fa7-8186-082e1ac7b490', '79821a47-fd13-4de9-a9d1-4bf23648042a', 'failed', NULL, 'new row violates row-level security policy', '2026-04-23 19:13:15.662091+00', '2026-04-29 23:35:42.056459+00', 4, NULL, NULL),
	('58afce3f-7350-4e16-adf6-b0fd3b0190b0', 'ece7e15e-25ba-4fa7-8186-082e1ac7b490', '79821a47-fd13-4de9-a9d1-4bf23648042a', 'failed', NULL, 'new row violates row-level security policy', '2026-04-23 19:13:18.930311+00', '2026-04-29 23:35:42.056459+00', 5, NULL, NULL),
	('077ae3ad-cd18-4eaa-a35a-95ab930bbd15', 'ece7e15e-25ba-4fa7-8186-082e1ac7b490', '79821a47-fd13-4de9-a9d1-4bf23648042a', 'failed', NULL, 'new row violates row-level security policy', '2026-04-23 19:14:58.627744+00', '2026-04-29 23:35:42.056459+00', 6, NULL, NULL),
	('3b3e9719-b188-4245-a35a-346951cddf01', '633db554-b037-4e40-8c4f-575337dbfded', '79821a47-fd13-4de9-a9d1-4bf23648042a', 'ready', '633db554-b037-4e40-8c4f-575337dbfded/79821a47-fd13-4de9-a9d1-4bf23648042a/3b3e9719-b188-4245-a35a-346951cddf01.pdf', NULL, '2026-04-23 19:16:41.650319+00', '2026-04-29 23:35:42.056459+00', 7, NULL, NULL),
	('3022db22-4e5c-4d0c-9fdf-b0cb74adc084', '633db554-b037-4e40-8c4f-575337dbfded', '79821a47-fd13-4de9-a9d1-4bf23648042a', 'ready', '633db554-b037-4e40-8c4f-575337dbfded/79821a47-fd13-4de9-a9d1-4bf23648042a/3022db22-4e5c-4d0c-9fdf-b0cb74adc084.pdf', NULL, '2026-04-23 19:19:09.802767+00', '2026-04-29 23:35:42.056459+00', 8, NULL, NULL),
	('36a60d5b-b49c-4b34-a745-125e94a4373f', '633db554-b037-4e40-8c4f-575337dbfded', '7dc794d9-dadd-4390-8fed-a2d451f13d1e', 'ready', '633db554-b037-4e40-8c4f-575337dbfded/7dc794d9-dadd-4390-8fed-a2d451f13d1e/36a60d5b-b49c-4b34-a745-125e94a4373f.pdf', NULL, '2026-04-29 13:12:05.021629+00', '2026-04-29 23:35:42.056459+00', 1, NULL, NULL),
	('2dc2fb38-532d-40dd-8754-decf71762630', '633db554-b037-4e40-8c4f-575337dbfded', '7dc794d9-dadd-4390-8fed-a2d451f13d1e', 'ready', '633db554-b037-4e40-8c4f-575337dbfded/7dc794d9-dadd-4390-8fed-a2d451f13d1e/2dc2fb38-532d-40dd-8754-decf71762630.pdf', NULL, '2026-04-29 13:29:41.207667+00', '2026-04-29 23:35:42.056459+00', 2, NULL, NULL),
	('16452aa0-37bb-440c-a76d-ad78fcf9704b', '0ac5a0c3-00ba-4fa6-bacd-fc7f653e101f', '825f68f4-5a51-4861-b1f2-cf46fe8ac852', 'ready', '633db554-b037-4e40-8c4f-575337dbfded/825f68f4-5a51-4861-b1f2-cf46fe8ac852/16452aa0-37bb-440c-a76d-ad78fcf9704b.pdf', NULL, '2026-04-24 15:28:10.039352+00', '2026-04-29 23:35:42.056459+00', 1, NULL, NULL),
	('30549d37-772f-48b8-a27a-877965a77266', '0ac5a0c3-00ba-4fa6-bacd-fc7f653e101f', '825f68f4-5a51-4861-b1f2-cf46fe8ac852', 'ready', '633db554-b037-4e40-8c4f-575337dbfded/825f68f4-5a51-4861-b1f2-cf46fe8ac852/30549d37-772f-48b8-a27a-877965a77266.pdf', NULL, '2026-04-28 12:21:23.987267+00', '2026-04-29 23:35:42.056459+00', 2, NULL, NULL),
	('9024340c-7f58-43a6-8c41-feaf99d689c0', '904a0dd8-09de-44c0-b4c9-053ef0fabb37', '84bc67c9-adb9-495e-8108-2e883b8b11c4', 'ready', '633db554-b037-4e40-8c4f-575337dbfded/84bc67c9-adb9-495e-8108-2e883b8b11c4/9024340c-7f58-43a6-8c41-feaf99d689c0.pdf', NULL, '2026-04-29 20:05:04.150609+00', '2026-04-29 23:35:42.056459+00', 1, NULL, NULL),
	('d1c0f2c5-d3b2-4723-94ce-c0d0f617d21a', '05487a66-8616-4a69-b20f-363fde46bf5b', '93ef12b4-7531-4114-a4f3-aaa555d42a52', 'ready', '633db554-b037-4e40-8c4f-575337dbfded/93ef12b4-7531-4114-a4f3-aaa555d42a52/d1c0f2c5-d3b2-4723-94ce-c0d0f617d21a.pdf', NULL, '2026-04-23 23:39:59.122536+00', '2026-04-29 23:35:42.056459+00', 1, NULL, NULL),
	('68300f0e-342d-4789-bb56-c415207bba66', '05487a66-8616-4a69-b20f-363fde46bf5b', '93ef12b4-7531-4114-a4f3-aaa555d42a52', 'ready', '633db554-b037-4e40-8c4f-575337dbfded/93ef12b4-7531-4114-a4f3-aaa555d42a52/68300f0e-342d-4789-bb56-c415207bba66.pdf', NULL, '2026-04-27 11:29:57.005294+00', '2026-04-29 23:35:42.056459+00', 2, NULL, NULL),
	('d5b2d396-8887-4a9b-a58f-d30ac2081f89', '633db554-b037-4e40-8c4f-575337dbfded', 'bd32c131-09ae-4c79-97fd-69dd8dcf3806', 'ready', '633db554-b037-4e40-8c4f-575337dbfded/bd32c131-09ae-4c79-97fd-69dd8dcf3806/d5b2d396-8887-4a9b-a58f-d30ac2081f89.pdf', NULL, '2026-04-24 16:58:26.944323+00', '2026-04-29 23:35:42.056459+00', 1, NULL, NULL),
	('22bd1eba-9e3c-48ce-958c-abbc83a536da', '633db554-b037-4e40-8c4f-575337dbfded', 'bd32c131-09ae-4c79-97fd-69dd8dcf3806', 'ready', '633db554-b037-4e40-8c4f-575337dbfded/bd32c131-09ae-4c79-97fd-69dd8dcf3806/22bd1eba-9e3c-48ce-958c-abbc83a536da.pdf', NULL, '2026-04-24 17:56:58.259083+00', '2026-04-29 23:35:42.056459+00', 2, NULL, NULL),
	('5d5a83d6-24b5-42b7-8ac5-4c26c24cff10', '633db554-b037-4e40-8c4f-575337dbfded', 'bd32c131-09ae-4c79-97fd-69dd8dcf3806', 'ready', '633db554-b037-4e40-8c4f-575337dbfded/bd32c131-09ae-4c79-97fd-69dd8dcf3806/5d5a83d6-24b5-42b7-8ac5-4c26c24cff10.pdf', NULL, '2026-04-25 01:24:16.496888+00', '2026-04-29 23:35:42.056459+00', 3, NULL, NULL),
	('262058eb-df23-466f-9102-feb6c7e679b8', '633db554-b037-4e40-8c4f-575337dbfded', 'bd32c131-09ae-4c79-97fd-69dd8dcf3806', 'ready', '633db554-b037-4e40-8c4f-575337dbfded/bd32c131-09ae-4c79-97fd-69dd8dcf3806/262058eb-df23-466f-9102-feb6c7e679b8.pdf', NULL, '2026-04-26 02:07:05.961973+00', '2026-04-29 23:35:42.056459+00', 4, NULL, NULL),
	('d4b79e06-e8e1-4ded-956b-863143a2c3bd', '633db554-b037-4e40-8c4f-575337dbfded', 'bd32c131-09ae-4c79-97fd-69dd8dcf3806', 'ready', '633db554-b037-4e40-8c4f-575337dbfded/bd32c131-09ae-4c79-97fd-69dd8dcf3806/d4b79e06-e8e1-4ded-956b-863143a2c3bd.pdf', NULL, '2026-04-26 02:16:35.197829+00', '2026-04-29 23:35:42.056459+00', 5, NULL, NULL),
	('c652172b-88df-416b-8f9e-b90f388bd512', '633db554-b037-4e40-8c4f-575337dbfded', 'bd32c131-09ae-4c79-97fd-69dd8dcf3806', 'ready', '633db554-b037-4e40-8c4f-575337dbfded/bd32c131-09ae-4c79-97fd-69dd8dcf3806/c652172b-88df-416b-8f9e-b90f388bd512.pdf', NULL, '2026-04-26 02:18:24.994942+00', '2026-04-29 23:35:42.056459+00', 6, NULL, NULL),
	('b60b6c0a-58b1-430e-aaf0-e56343f84191', '633db554-b037-4e40-8c4f-575337dbfded', 'c662d9fe-ee16-4e21-9b83-3ec499f50ca2', 'ready', '633db554-b037-4e40-8c4f-575337dbfded/c662d9fe-ee16-4e21-9b83-3ec499f50ca2/b60b6c0a-58b1-430e-aaf0-e56343f84191.pdf', NULL, '2026-04-24 16:43:48.012183+00', '2026-04-29 23:35:42.056459+00', 1, NULL, NULL),
	('e6f3d6d8-7031-482b-9f6f-99f39462b86d', '05487a66-8616-4a69-b20f-363fde46bf5b', 'c662d9fe-ee16-4e21-9b83-3ec499f50ca2', 'ready', '633db554-b037-4e40-8c4f-575337dbfded/c662d9fe-ee16-4e21-9b83-3ec499f50ca2/e6f3d6d8-7031-482b-9f6f-99f39462b86d.pdf', NULL, '2026-04-26 23:27:25.325543+00', '2026-04-29 23:35:42.056459+00', 2, NULL, NULL),
	('e8c433d3-3e6e-451c-94de-5501fe1dc7be', '633db554-b037-4e40-8c4f-575337dbfded', 'c8c67ecd-b14c-4793-8e05-8bb7c3c48d54', 'ready', '633db554-b037-4e40-8c4f-575337dbfded/c8c67ecd-b14c-4793-8e05-8bb7c3c48d54/e8c433d3-3e6e-451c-94de-5501fe1dc7be.pdf', NULL, '2026-04-04 16:17:18.002144+00', '2026-04-29 23:35:42.056459+00', 1, NULL, NULL),
	('e198ea30-9516-4e99-856d-3c757d104728', '633db554-b037-4e40-8c4f-575337dbfded', 'ca9a9f10-f2c2-4bde-a154-ac162502f18b', 'ready', '633db554-b037-4e40-8c4f-575337dbfded/ca9a9f10-f2c2-4bde-a154-ac162502f18b/e198ea30-9516-4e99-856d-3c757d104728.pdf', NULL, '2026-04-22 17:48:11.880836+00', '2026-04-29 23:35:42.056459+00', 1, NULL, NULL),
	('dfc9dcd2-642a-46fe-81e9-568b948d2a4e', '633db554-b037-4e40-8c4f-575337dbfded', 'ca9a9f10-f2c2-4bde-a154-ac162502f18b', 'ready', '633db554-b037-4e40-8c4f-575337dbfded/ca9a9f10-f2c2-4bde-a154-ac162502f18b/dfc9dcd2-642a-46fe-81e9-568b948d2a4e.pdf', NULL, '2026-04-22 17:50:57.447398+00', '2026-04-29 23:35:42.056459+00', 2, NULL, NULL),
	('067d2771-223a-4df4-8b9e-86645affeb96', '633db554-b037-4e40-8c4f-575337dbfded', 'ca9a9f10-f2c2-4bde-a154-ac162502f18b', 'ready', '633db554-b037-4e40-8c4f-575337dbfded/ca9a9f10-f2c2-4bde-a154-ac162502f18b/067d2771-223a-4df4-8b9e-86645affeb96.pdf', NULL, '2026-04-22 17:54:31.427538+00', '2026-04-29 23:35:42.056459+00', 3, NULL, NULL),
	('f7993f2a-077d-4af7-b018-c0ba20e8324e', '633db554-b037-4e40-8c4f-575337dbfded', 'ca9a9f10-f2c2-4bde-a154-ac162502f18b', 'ready', '633db554-b037-4e40-8c4f-575337dbfded/ca9a9f10-f2c2-4bde-a154-ac162502f18b/f7993f2a-077d-4af7-b018-c0ba20e8324e.pdf', NULL, '2026-04-22 17:58:24.660499+00', '2026-04-29 23:35:42.056459+00', 4, NULL, NULL),
	('283d4b83-a884-481f-a5f0-1c461d10c1fb', 'd2c0ae27-29b6-49fd-ba6b-0d3362ac6444', 'd53f03bb-5eaf-4f4c-8fe0-1a427bc43fc3', 'failed', NULL, 'new row violates row-level security policy', '2026-04-22 14:01:21.841873+00', '2026-04-29 23:35:42.056459+00', 1, NULL, NULL),
	('08bc9e4b-79a5-4485-a739-f3559d75b4f3', 'd2c0ae27-29b6-49fd-ba6b-0d3362ac6444', 'd53f03bb-5eaf-4f4c-8fe0-1a427bc43fc3', 'failed', NULL, 'new row violates row-level security policy', '2026-04-22 14:02:22.412694+00', '2026-04-29 23:35:42.056459+00', 2, NULL, NULL),
	('8b6ed91f-c7bf-4338-8b58-f99e57525cf9', '633db554-b037-4e40-8c4f-575337dbfded', 'd53f03bb-5eaf-4f4c-8fe0-1a427bc43fc3', 'ready', '633db554-b037-4e40-8c4f-575337dbfded/d53f03bb-5eaf-4f4c-8fe0-1a427bc43fc3/8b6ed91f-c7bf-4338-8b58-f99e57525cf9.pdf', NULL, '2026-04-22 18:32:35.204151+00', '2026-04-29 23:35:42.056459+00', 3, NULL, NULL),
	('b50a651b-8ff2-4cdf-acbf-42d5072da64b', 'd2c0ae27-29b6-49fd-ba6b-0d3362ac6444', 'd93aa2db-f094-4a24-9e76-71e30c8f4361', 'ready', '633db554-b037-4e40-8c4f-575337dbfded/d93aa2db-f094-4a24-9e76-71e30c8f4361/b50a651b-8ff2-4cdf-acbf-42d5072da64b.pdf', NULL, '2026-04-30 17:12:23.355847+00', '2026-04-30 17:12:26.617176+00', 1, NULL, NULL),
	('c1011fc7-975a-42f1-94f6-f67ef4c1b5c5', '904a0dd8-09de-44c0-b4c9-053ef0fabb37', '7374c257-0c0a-4833-8a61-74f7074e15f9', 'ready', '633db554-b037-4e40-8c4f-575337dbfded/7374c257-0c0a-4833-8a61-74f7074e15f9/c1011fc7-975a-42f1-94f6-f67ef4c1b5c5.pdf', NULL, '2026-04-30 22:40:58.152724+00', '2026-04-30 22:41:03.245508+00', 4, NULL, NULL),
	('d0ecc456-c0ac-4e60-9931-77988db0e896', '0ac5a0c3-00ba-4fa6-bacd-fc7f653e101f', 'e5819bf1-8a4e-4d7c-8b36-cc550bc6fedc', 'ready', '633db554-b037-4e40-8c4f-575337dbfded/e5819bf1-8a4e-4d7c-8b36-cc550bc6fedc/d0ecc456-c0ac-4e60-9931-77988db0e896.pdf', NULL, '2026-05-04 14:08:04.05937+00', '2026-05-04 14:08:08.420659+00', 1, NULL, NULL),
	('d6f6e3fc-a2ee-4bd6-852c-054c484adec1', '904a0dd8-09de-44c0-b4c9-053ef0fabb37', '7dc794d9-dadd-4390-8fed-a2d451f13d1e', 'ready', '633db554-b037-4e40-8c4f-575337dbfded/7dc794d9-dadd-4390-8fed-a2d451f13d1e/d6f6e3fc-a2ee-4bd6-852c-054c484adec1.pdf', NULL, '2026-05-04 15:09:41.223731+00', '2026-05-04 15:09:42.759139+00', 3, NULL, NULL),
	('581cccc7-1a38-4ddf-8725-3e0dd74892f4', '904a0dd8-09de-44c0-b4c9-053ef0fabb37', '007e677f-7fa6-4fc2-b126-633263a57603', 'ready', '633db554-b037-4e40-8c4f-575337dbfded/007e677f-7fa6-4fc2-b126-633263a57603/581cccc7-1a38-4ddf-8725-3e0dd74892f4.pdf', NULL, '2026-05-04 15:12:49.023115+00', '2026-05-04 15:12:50.659947+00', 1, NULL, NULL),
	('0dd7b2a2-5aff-46df-962b-91e979a6ef8c', '0ac5a0c3-00ba-4fa6-bacd-fc7f653e101f', 'e5819bf1-8a4e-4d7c-8b36-cc550bc6fedc', 'ready', '633db554-b037-4e40-8c4f-575337dbfded/e5819bf1-8a4e-4d7c-8b36-cc550bc6fedc/0dd7b2a2-5aff-46df-962b-91e979a6ef8c.pdf', NULL, '2026-05-04 15:20:17.94604+00', '2026-05-04 15:20:22.459379+00', 2, NULL, NULL);


--
-- Data for Name: checklist_fill_session_reopen_events; Type: TABLE DATA; Schema: public; Owner: postgres
--

INSERT INTO "public"."checklist_fill_session_reopen_events" ("id", "session_id", "owner_user_id", "reopened_by_user_id", "reopened_by_label", "reopened_by_role", "justification", "previous_approved_at", "previous_score_percentage", "created_at") VALUES
	('b3ba8ce3-5afa-4609-ad8b-adb43bd38bda', '7374c257-0c0a-4833-8a61-74f7074e15f9', '633db554-b037-4e40-8c4f-575337dbfded', '904a0dd8-09de-44c0-b4c9-053ef0fabb37', 'Carina Xavier', 'gestao', 'necessario preencher novamente 1 item', '2026-04-29 20:55:26.933+00', 68.29, '2026-04-29 23:36:01.68236+00');


--
-- Data for Name: client_contracts; Type: TABLE DATA; Schema: public; Owner: postgres
--



--
-- Data for Name: client_custom_segments; Type: TABLE DATA; Schema: public; Owner: postgres
--

INSERT INTO "public"."client_custom_segments" ("id", "owner_user_id", "label", "created_at") VALUES
	('1c2600c0-0eb6-4267-a9db-3ac596c03e9a', '633db554-b037-4e40-8c4f-575337dbfded', 'Categoria Adicional', '2026-04-20 19:44:06.773258+00');


--
-- Data for Name: client_exam_documents; Type: TABLE DATA; Schema: public; Owner: postgres
--



--
-- Data for Name: consent_records; Type: TABLE DATA; Schema: public; Owner: postgres
--



--
-- Data for Name: contract_templates; Type: TABLE DATA; Schema: public; Owner: postgres
--

INSERT INTO "public"."contract_templates" ("id", "owner_user_id", "title", "description", "body_html", "is_active", "created_at", "updated_at") VALUES
	('c3dcc76e-acca-4323-99f3-0a59f06aa113', NULL, 'Contrato de Prestação de Serviços — Padrão', 'Modelo básico de contrato nutricional para clientes PF ou PJ.', '<h1>CONTRATO DE PRESTAÇÃO DE SERVIÇOS NUTRICIONAIS</h1>
<p><strong>CONTRATANTE:</strong> {{client_name}}</p>
<p><strong>CONTRATADA:</strong> {{professional_name}} — CRN {{professional_crn}}</p>
<h2>1. Objeto</h2>
<p>Prestação de serviços de consultoria nutricional conforme acordado entre as partes.</p>
<h2>2. Vigência</h2>
<p>De <strong>{{contract_start}}</strong> a <strong>{{contract_end}}</strong>.</p>
<h2>3. Valor e Forma de Pagamento</h2>
<p>{{billing_recurrence}} — {{monthly_amount}}</p>
<h2>4. Rescisão</h2>
<p>Qualquer parte pode rescindir com aviso prévio de 30 dias.</p>
<p style="margin-top:48px;">Data: {{date}}</p>
<p>_______________________________&nbsp;&nbsp;&nbsp;&nbsp;&nbsp;&nbsp;_______________________________</p>
<p>{{professional_name}}&nbsp;&nbsp;&nbsp;&nbsp;&nbsp;&nbsp;&nbsp;&nbsp;&nbsp;&nbsp;&nbsp;&nbsp;&nbsp;&nbsp;&nbsp;{{client_name}}</p>', true, '2026-04-09 00:04:45.876018+00', '2026-04-09 00:04:45.876018+00'),
	('2e1aefb3-7e82-4680-bc2d-8d6bece22bc7', NULL, 'Contrato de Acompanhamento Nutricional — Recorrente', 'Modelo para serviços com recorrência mensal ou anual.', '<h1>CONTRATO DE ACOMPANHAMENTO NUTRICIONAL</h1>
<p><strong>Profissional:</strong> {{professional_name}} (CRN {{professional_crn}})</p>
<p><strong>Cliente:</strong> {{client_name}}</p>
<p><strong>Início:</strong> {{contract_start}} &nbsp;|&nbsp; <strong>Fim:</strong> {{contract_end}}</p>
<p><strong>Modalidade:</strong> {{billing_recurrence}} — {{monthly_amount}}</p>
<h2>Condições Gerais</h2>
<p>O presente contrato regula a prestação de serviços nutricionais de acordo com as normas do CFN e CRN competente.</p>
<p style="margin-top:48px;">{{date}}</p>
<p>Assinatura do Profissional: _______________________________</p>
<p>Assinatura do Cliente: _______________________________</p>', true, '2026-04-09 00:04:45.876018+00', '2026-04-09 00:04:45.876018+00');


--
-- Data for Name: degustacao_config; Type: TABLE DATA; Schema: public; Owner: postgres
--

INSERT INTO "public"."degustacao_config" ("id", "feature_key", "enabled", "label", "updated_at", "updated_by") VALUES
	('7fc80e3f-e51e-4f77-8402-18b40359f5bd', 'feature_portal_externo', false, 'Portal externo para pacientes', '2026-05-04 14:34:48.597744+00', NULL),
	('6e532a65-04a7-450a-9308-c2edf4164063', 'feature_pdf_export', true, 'Exportação de PDF de dossiês', '2026-05-04 14:34:48.597744+00', NULL),
	('48ecd184-f55f-44f1-b3a2-276a9fec8f52', 'feature_csv_import', false, 'Importação de dados via CSV', '2026-05-04 14:34:48.597744+00', NULL),
	('609392c4-a6b5-463a-bf1d-d033c2f021c0', 'feature_api_access', false, 'Acesso à API / tokens', '2026-05-04 14:34:48.597744+00', NULL);


--
-- Data for Name: establishment_compliance_deadlines; Type: TABLE DATA; Schema: public; Owner: postgres
--



--
-- Data for Name: pop_templates; Type: TABLE DATA; Schema: public; Owner: postgres
--

INSERT INTO "public"."pop_templates" ("id", "establishment_type", "name", "description", "body", "position") VALUES
	('83a37a7d-7759-4c5b-b8a5-4d6129b93c1b', 'escola', 'Recebimento e armazenamento de gêneros alimentícios', 'Fluxo básico para escolas — ajuste ao seu PNAE / cozinha.', '
1. Objetivo
Garantir que alimentos recebidos estejam conformes e armazenados com segurança.

2. Recebimento
- Conferir nota fiscal, validade, aspecto e temperatura (quando aplicável).
- Registrar não conformidades e acionar fornecedor se necessário.

3. Armazenamento
- Separar cru / cozido / limpeza; etiquetar com data de recebimento.
- Respeitar cadeia de frio.

4. Registos
- Manter registos de temperatura e descarte quando aplicável.
', 1),
	('357bb8cd-2955-4f87-b77a-7bbdb5c3746e', 'hospital', 'Manipulação e distribuição de dieta hospitalar', 'Base para UAN / nutrição clínica — personalize por setor.', '
1. Objetivo
Padronizar manipulação e distribuição de dietas com segurança.

2. Antes da manipulação
- Higienizar mãos; usar uniforme e touca.
- Verificar prescrição e tipo de dieta.

3. Manipulação
- Evitar contaminação cruzada; usar utensílios adequados por dieta.
- Etiquetar bandejas com leito / tipo de dieta.

4. Distribuição
- Respeitar horários; registrar sobras e devoluções conforme protocolo local.
', 1),
	('70c0ff3c-b2b6-4fc1-ac64-de2ff428ee51', 'clinica', 'Higienização de superfícies e materiais — clínica', 'Checklist enxuto para áreas assistenciais.', '
1. Objetivo
Reduzir risco de infecção em superfícies de contacto frequente.

2. Frequência
- Definir por área (sala, receção, WC) conforme risco.

3. Procedimento
- Usar solução e tempo de contacto aprovados.
- De cima para baixo, limpo para sujo.

4. Registo
- Assinar checklist ou registo digital quando exigido.
', 1),
	('a810e941-8fc2-4955-94d2-33be6033fa1d', 'lar_idosos', 'Serviço de refeições e auxílio na alimentação', 'Lar / ILPI — adaptar às necessidades dos residentes.', '
1. Objetivo
Garantir refeições seguras e respeito às restrições individuais.

2. Preparação
- Conferir cardápio e restrições (textura, alergénios, medicamentos).

3. Serviço
- Identificar residente; confirmar tipo de dieta servida.

4. Observações
- Registar recusas, quedas de apetite ou queixas para equipa de saúde.
', 1),
	('82b8422b-bf80-404b-8698-fec1bc1074db', 'empresa', 'Cantina / refeitório corporativo — boas práticas', 'Base para empresa / refeitório colectivo.', '
1. Objetivo
Assegurar segurança alimentar no self-service ou serviço assistido.

2. Exposição e conservação
- Manter cadeia de frio/quente; rotacionar lotes (FIFO).

3. Utensílios e postos
- Talheres e bandejas higienizados; postos de mão limpa identificados.

4. Queixas
- Canal para reportar incidentes; registo para melhoria contínua.
', 1);


--
-- Data for Name: establishment_pops; Type: TABLE DATA; Schema: public; Owner: postgres
--

INSERT INTO "public"."establishment_pops" ("id", "establishment_id", "title", "source_template_id", "created_at", "updated_at") VALUES
	('ffd634af-b9a5-4289-8dda-1bac3c25fcc8', '4e407cf0-ed82-4f4b-afbb-61cdedefdfba', 'Recebimento e armazenamento de gêneros alimentícios', '83a37a7d-7759-4c5b-b8a5-4d6129b93c1b', '2026-04-06 11:19:48.422401+00', '2026-04-06 11:20:49.237548+00'),
	('6a251379-a282-49f3-ad1f-adf59a14fda9', '825c1377-211d-435f-b188-48dd165143f4', 'Cantina / refeitório corporativo — boas práticas', '82b8422b-bf80-404b-8698-fec1bc1074db', '2026-04-16 17:15:08.424464+00', '2026-04-16 17:15:08.424464+00');


--
-- Data for Name: external_portal_users; Type: TABLE DATA; Schema: public; Owner: postgres
--



--
-- Data for Name: external_access_permissions; Type: TABLE DATA; Schema: public; Owner: postgres
--



--
-- Data for Name: financial_charges; Type: TABLE DATA; Schema: public; Owner: postgres
--

INSERT INTO "public"."financial_charges" ("id", "owner_user_id", "client_id", "description", "amount_cents", "due_date", "status", "paid_at", "created_at", "updated_at") VALUES
	('a672c39e-9db9-400d-9e65-1f27fcb5b50d', '633db554-b037-4e40-8c4f-575337dbfded', 'c62a0a25-0bed-4438-a86a-4089194860c3', 'Mensalidade', 100, '2026-04-02', 'open', NULL, '2026-04-04 21:44:42.529627+00', '2026-04-04 21:44:42.529627+00'),
	('fbd277fd-b960-4023-b3e2-9c6a06e0b4da', '633db554-b037-4e40-8c4f-575337dbfded', '320a13b3-e96d-4215-96b1-5957dd131731', 'avaliação nutricional', 50000, '2026-05-12', 'open', NULL, '2026-04-04 21:45:02.502455+00', '2026-04-04 21:45:02.502455+00'),
	('d96415c0-49a6-42d6-93c1-cbef7b3b6ffb', '633db554-b037-4e40-8c4f-575337dbfded', '81988c7c-82b0-41a7-8440-7536a02f9398', 'Consulta', 20000, '2026-04-02', 'paid', '2026-04-04 21:45:20.524+00', '2026-04-04 21:45:18.194589+00', '2026-04-04 21:45:20.586411+00'),
	('db80a65b-d0f4-4c7f-b64a-351d87cbba77', '633db554-b037-4e40-8c4f-575337dbfded', '4a82d5da-1806-491c-83e2-0adca81a5c78', 'textando um texto mais longo para ver como se comporta no layout, pois sempre é testado com texto curto lorem inpsum', 20000, '2026-04-29', 'open', NULL, '2026-04-06 19:20:09.090303+00', '2026-04-06 19:20:09.090303+00');


--
-- Data for Name: patient_adult_nutrition_assessments; Type: TABLE DATA; Schema: public; Owner: postgres
--



--
-- Data for Name: patient_geriatric_assessments; Type: TABLE DATA; Schema: public; Owner: postgres
--

INSERT INTO "public"."patient_geriatric_assessments" ("id", "patient_id", "recorded_at", "patient_group", "has_amputation", "amputation_segment_pct", "age_years", "cb_cm", "dct_mm", "cp_cm", "aj_cm", "weight_real_kg", "cmb_cm", "estimated_weight_kg", "estimated_height_m", "bmi", "kcal_per_kg", "energy_needs_kcal", "ptn_per_kg", "protein_needs_g", "nutritional_risk", "nutritional_diagnosis", "clinical_notes", "created_at") VALUES
	('fea1099b-1737-4d36-8562-c08d4ab361d1', '3567fa3c-cbc5-4bfa-b506-695b5bc3fa16', '2026-04-09 00:04:56.040732+00', 'mulher_branca', false, NULL, 94, 23.00, 8.00, NULL, 48.50, NULL, 20.49, 48.99, 1.511, 21.47, 30.0, 1469.8, 1.20, 58.8, NULL, NULL, NULL, '2026-04-09 00:04:56.040732+00'),
	('faa8e363-066f-4605-8cc2-4bb19d34bdc1', '3567fa3c-cbc5-4bfa-b506-695b5bc3fa16', '2026-04-09 00:06:40.166793+00', 'mulher_branca', false, NULL, 94, NULL, NULL, NULL, NULL, NULL, NULL, NULL, NULL, NULL, NULL, NULL, NULL, NULL, NULL, NULL, NULL, '2026-04-09 00:06:40.166793+00'),
	('7741f398-4522-440a-972b-4219d853d583', '3567fa3c-cbc5-4bfa-b506-695b5bc3fa16', '2026-04-09 00:07:56.443382+00', 'mulher_branca', false, NULL, 94, 23.00, 8.00, 27.00, 48.50, NULL, 20.49, 48.99, 1.511, 21.47, 30.0, 1469.8, 1.20, 58.8, 'c_rn', 'SRD-19', NULL, '2026-04-09 00:07:56.443382+00');


--
-- Data for Name: patient_nutrition_assessments; Type: TABLE DATA; Schema: public; Owner: postgres
--

INSERT INTO "public"."patient_nutrition_assessments" ("id", "patient_id", "recorded_at", "height_cm", "weight_kg", "waist_cm", "activity_level", "diet_notes", "clinical_notes", "goals") VALUES
	('c28d211f-3975-494a-a2e8-4858abed2b3b', '3567fa3c-cbc5-4bfa-b506-695b5bc3fa16', '2026-04-03 21:33:43.628371+00', 177.00, 100.00, 60.00, 'moderate', NULL, NULL, NULL),
	('8ead88bc-df0e-41fa-aa93-89c8ba9906b4', '3567fa3c-cbc5-4bfa-b506-695b5bc3fa16', '2026-04-03 21:34:16.502035+00', 177.00, 96.00, 55.00, 'high', NULL, NULL, NULL),
	('809ee187-6237-4d08-b5a9-9d0ec97b4d0f', '3567fa3c-cbc5-4bfa-b506-695b5bc3fa16', '2026-04-08 19:23:07.009494+00', 176.00, 60.00, 48.00, 'sedentary', 'Recomendar fazer exercicios 3x pro semana', NULL, 'ganho de massa muscular');


--
-- Data for Name: patient_parental_consents; Type: TABLE DATA; Schema: public; Owner: postgres
--



--
-- Data for Name: platform_announcements; Type: TABLE DATA; Schema: public; Owner: postgres
--



--
-- Data for Name: pop_versions; Type: TABLE DATA; Schema: public; Owner: postgres
--

INSERT INTO "public"."pop_versions" ("id", "pop_id", "version_number", "title", "body", "created_at") VALUES
	('ba0d0403-917f-4969-8a83-82b8b8562706', 'ffd634af-b9a5-4289-8dda-1bac3c25fcc8', 1, 'Recebimento e armazenamento de gêneros alimentícios', '
1. Objetivo
Garantir que alimentos recebidos estejam conformes e armazenados com segurança.

2. Recebimento
- Conferir nota fiscal, validade, aspecto e temperatura (quando aplicável).
- Registrar não conformidades e acionar fornecedor se necessário.

3. Armazenamento
- Separar cru / cozido / limpeza; etiquetar com data de recebimento.
- Respeitar cadeia de frio.

4. Registos
- Manter registos de temperatura e descarte quando aplicável.
', '2026-04-06 11:19:48.661506+00'),
	('6b0ab1a9-2570-4ccd-b19a-56907d59ed6f', 'ffd634af-b9a5-4289-8dda-1bac3c25fcc8', 2, 'Recebimento e armazenamento de gêneros alimentícios', '
1. Objetivo
Garantir que alimentos recebidos estejam conformes e armazenados com segurança.

2. Recebimento
- Conferir nota fiscal, validade, aspecto e temperatura (quando aplicável).
- Registrar não conformidades e acionar fornecedor se necessário.

3. Armazenamento
- Separar cru / cozido / limpeza; etiquetar com data de recebimento.
- Respeitar cadeia de frio.

4. Registos
- Manter registos de temperatura e descarte quando aplicável.
', '2026-04-06 11:20:00.780247+00'),
	('7d8ebe0c-62d6-4df3-85d6-578f526a6ef6', 'ffd634af-b9a5-4289-8dda-1bac3c25fcc8', 3, 'Recebimento e armazenamento de gêneros alimentícios', '
1. Objetivo
Garantir que alimentos recebidos estejam conformes e armazenados com segurança.

2. Recebimento
- Conferir nota fiscal, validade, aspecto e temperatura (quando aplicável).
- Registrar não conformidades e acionar fornecedor se necessário.

3. Armazenamento
- Separar cru / cozido / limpeza; etiquetar com data de recebimento.
- Respeitar cadeia de frio.

4. Registos
- Manter registos de temperatura e descarte quando aplicável.

5. ', '2026-04-06 11:20:22.984932+00'),
	('2c3b833b-f0d3-425e-b919-571ae68c1a36', 'ffd634af-b9a5-4289-8dda-1bac3c25fcc8', 4, 'Recebimento e armazenamento de gêneros alimentícios', '
1. Objetivo
Garantir que alimentos recebidos estejam conformes e armazenados com segurança.

2. Recebimento
- Conferir nota fiscal, validade, aspecto e temperatura (quando aplicável).
- Registrar não conformidades e acionar fornecedor se necessário.

3. Armazenamento
- Separar cru / cozido / limpeza; etiquetar com data de recebimento.
- Respeitar cadeia de frio.

4. Registos
- Manter registos de temperatura e descarte quando aplicável.

5. ', '2026-04-06 11:20:49.058939+00'),
	('8d5d2626-f742-440c-b31d-9038350c1c56', '6a251379-a282-49f3-ad1f-adf59a14fda9', 1, 'Cantina / refeitório corporativo — boas práticas', '
1. Objetivo
Assegurar segurança alimentar no self-service ou serviço assistido.

2. Exposição e conservação
- Manter cadeia de frio/quente; rotacionar lotes (FIFO).

3. Utensílios e postos
- Talheres e bandejas higienizados; postos de mão limpa identificados.

4. Queixas
- Canal para reportar incidentes; registo para melhoria contínua.
', '2026-04-16 17:15:08.562663+00');


--
-- Data for Name: professional_raw_materials; Type: TABLE DATA; Schema: public; Owner: postgres
--

INSERT INTO "public"."professional_raw_materials" ("id", "owner_user_id", "name", "price_unit", "unit_price_brl", "notes", "created_at", "updated_at") VALUES
	('d32dd864-6354-4cc8-807e-c1f94226dcee', '633db554-b037-4e40-8c4f-575337dbfded', 'Arroz', 'kg', 17.0000, NULL, '2026-04-06 10:24:41.03312+00', '2026-04-06 10:24:41.03312+00');


--
-- Data for Name: profiles; Type: TABLE DATA; Schema: public; Owner: postgres
--

INSERT INTO "public"."profiles" ("id", "user_id", "full_name", "crn", "updated_at", "role", "timezone", "onboarding_completed_at", "work_context", "plan_slug", "plan_expires_at", "is_suspended", "suspended_reason", "lgpd_blocked_at", "lgpd_blocked_reason", "lgpd_blocked_until", "lgpd_blocked_by", "lgpd_unblocked_at", "lgpd_unblocked_by", "lgpd_cancel_token_hash", "lgpd_cancel_token_expires_at", "phone", "photo_storage_path", "tenant_logo_storage_path", "trial_started_at", "last_active_at", "acquisition_source", "created_at") VALUES
	('0ad14c47-f11d-4f1e-925c-80367f4f476d', '0ac5a0c3-00ba-4fa6-bacd-fc7f653e101f', 'Bruna Ribeiro', '', '2026-04-17 18:23:49.37+00', 'user', 'Europe/Lisbon', '2026-04-17 18:23:49.37+00', 'institutional', 'free', NULL, false, NULL, NULL, NULL, NULL, NULL, NULL, NULL, NULL, NULL, NULL, NULL, NULL, NULL, NULL, NULL, '2026-05-04 14:34:49.136138+00'),
	('ce794032-7dc0-443c-b595-270b9a8224ac', 'd2c0ae27-29b6-49fd-ba6b-0d3362ac6444', 'Raiane Pimenta', '', '2026-04-17 21:44:00.35+00', 'user', 'Europe/Lisbon', '2026-04-17 21:44:00.35+00', 'institutional', 'free', NULL, false, NULL, NULL, NULL, NULL, NULL, NULL, NULL, NULL, NULL, NULL, NULL, NULL, NULL, NULL, NULL, '2026-05-04 14:34:49.136138+00'),
	('4ea9b41b-fa90-407d-9628-a19836c7f51f', '6b78b890-8def-4de8-895f-af18a9b4a0d1', 'Meire', '', '2026-04-20 14:31:55.229+00', 'user', 'Europe/Lisbon', '2026-04-20 14:31:55.229+00', 'institutional', 'free', NULL, false, NULL, NULL, NULL, NULL, NULL, NULL, NULL, NULL, NULL, NULL, NULL, NULL, NULL, NULL, NULL, '2026-05-04 14:34:49.136138+00'),
	('5f8ab776-13dc-4650-ae7e-f340dcd4c25e', '05487a66-8616-4a69-b20f-363fde46bf5b', 'Cristiane', '345666', '2026-04-30 00:18:38.525+00', 'user', 'Europe/Lisbon', '2026-04-20 12:17:32.756+00', 'institutional', 'free', NULL, false, NULL, NULL, NULL, NULL, NULL, NULL, NULL, NULL, NULL, NULL, NULL, NULL, NULL, NULL, NULL, '2026-05-04 14:34:49.136138+00'),
	('0401a00a-6dba-4d28-a0c7-bedf55eab00a', '904a0dd8-09de-44c0-b4c9-053ef0fabb37', 'Carina Xavier', 'CRN-3 20044', '2026-04-30 21:06:49.012+00', 'user', 'Europe/Lisbon', '2026-04-28 15:41:13.467+00', 'institutional', 'free', NULL, false, NULL, NULL, NULL, NULL, NULL, NULL, NULL, NULL, NULL, '(11) 99494-6440', NULL, NULL, NULL, NULL, NULL, '2026-05-04 14:34:49.136138+00'),
	('70a0edf6-7e4c-4aa3-b2e4-3505e9268c3b', 'ece7e15e-25ba-4fa7-8186-082e1ac7b490', 'THATIANA GOMES TRUDES', 'CRN-3 27.994', '2026-04-30 22:00:56.712+00', 'user', 'America/Sao_Paulo', '2026-04-17 21:40:24.963+00', 'institutional', 'free', NULL, false, NULL, NULL, NULL, NULL, NULL, NULL, NULL, NULL, NULL, '(11) 96953-4532', NULL, NULL, NULL, NULL, NULL, '2026-05-04 14:34:49.136138+00'),
	('60e89ba1-0616-4df6-a6a7-7fce7df97dd9', '633db554-b037-4e40-8c4f-575337dbfded', 'Diego Sanches', '344654', '2026-04-30 23:42:01.292+00', 'super_admin', 'America/Sao_Paulo', '2026-04-06 20:06:11.08361+00', NULL, 'free', NULL, false, NULL, NULL, NULL, NULL, NULL, NULL, NULL, NULL, NULL, '(11) 44444-4444', '633db554-b037-4e40-8c4f-575337dbfded/profile_4b67b8c2-11e0-456d-8b19-f770729840a8.png', '633db554-b037-4e40-8c4f-575337dbfded/logo_dd1034e1-c1f9-4d88-8d19-2dd69a0c0608.jpg', NULL, NULL, NULL, '2026-05-04 14:34:49.136138+00');


--
-- Data for Name: subscription_events; Type: TABLE DATA; Schema: public; Owner: postgres
--



--
-- Data for Name: subscription_plans; Type: TABLE DATA; Schema: public; Owner: postgres
--

INSERT INTO "public"."subscription_plans" ("id", "name", "slug", "description", "price_monthly_cents", "price_annual_cents", "max_clients", "max_establishments", "max_team_members", "max_patients", "max_storage_mb", "feature_portal_externo", "feature_pdf_export", "feature_csv_import", "feature_api_access", "is_active", "created_at", "updated_at", "trial_days") VALUES
	('dac27ca2-3e4c-4bb2-8cfd-4c6cc112bd23', 'Gratuito', 'free', 'Para começar — sem cartão de crédito', 0, NULL, 3, 1, 0, 10, 200, false, true, false, false, true, '2026-04-09 00:04:45.990023+00', '2026-04-09 00:04:45.990023+00', 0),
	('83667a9d-7a73-44e6-9d2c-d3154e027117', 'Starter', 'starter', 'Para profissionais autônomos', 4900, NULL, 15, 3, 1, 50, 1000, false, true, true, false, true, '2026-04-09 00:04:45.990023+00', '2026-04-09 00:04:45.990023+00', 0),
	('f49b54b2-b6c0-4756-b325-90e826a8865e', 'Pro', 'pro', 'Para consultórios e equipes pequenas', 9900, NULL, 50, 10, 5, 200, 5000, true, true, true, false, true, '2026-04-09 00:04:45.990023+00', '2026-04-09 00:04:45.990023+00', 0),
	('f4211df7-8142-4ac5-a095-dcef34e3c86e', 'Enterprise', 'enterprise', 'Sob consulta — sem limites', 0, NULL, -1, -1, -1, -1, -1, true, true, true, false, true, '2026-04-09 00:04:45.990023+00', '2026-04-09 00:04:45.990023+00', 0);


--
-- Data for Name: taco_reference_foods; Type: TABLE DATA; Schema: public; Owner: postgres
--

INSERT INTO "public"."taco_reference_foods" ("id", "taco_code", "name", "kcal_per_100g", "protein_g_per_100g", "carb_g_per_100g", "lipid_g_per_100g", "fiber_g_per_100g") VALUES
	('0291ac48-1d26-4c25-9ff7-5f916b02a915', 'TACO-MVP-001', 'Arroz branco cozido', 128.0000, 2.5000, 28.0000, 0.2000, 0.3000),
	('1f3b705b-1cbe-462d-a3a6-d5d16bfaeb9f', 'TACO-MVP-002', 'Arroz integral cozido', 124.0000, 2.6000, 25.8000, 1.0000, 1.8000),
	('afa32929-3d07-490e-943e-01ba2b9f2bad', 'TACO-MVP-003', 'Feijão carioca cozido', 76.0000, 4.5000, 13.6000, 0.5000, 4.8000),
	('18a2f763-0848-4675-aa54-aa90f8ecd76e', 'TACO-MVP-004', 'Feijão preto cozido', 77.0000, 4.5000, 14.0000, 0.5000, 4.5000),
	('0d0bc3f6-b82a-4da5-9f6f-3f967e8a1785', 'TACO-MVP-005', 'Macarrão cozido (sem óleo)', 158.0000, 5.8000, 30.9000, 0.9000, 1.8000),
	('4c87fb22-3a26-42d9-afd6-02c236098233', 'TACO-MVP-006', 'Batata cozida', 52.0000, 1.2000, 11.9000, 0.1000, 1.8000),
	('f40cf7fb-7464-411c-8115-5c3b0fb35bce', 'TACO-MVP-007', 'Batata doce cozida', 86.0000, 1.6000, 20.1000, 0.1000, 2.7000),
	('32dfb89f-5d5c-499e-ad9c-ab7c58669376', 'TACO-MVP-008', 'Mandioca cozida', 125.0000, 0.6000, 30.1000, 0.3000, 1.9000),
	('b1be60c3-d70a-4077-aa12-0204d9428273', 'TACO-MVP-009', 'Cenoura cozida', 35.0000, 0.8000, 8.2000, 0.2000, 2.3000),
	('9b60b7dc-0534-43d8-b4ac-d8b052b41fa7', 'TACO-MVP-010', 'Brócolos cozidos', 35.0000, 2.8000, 7.2000, 0.4000, 3.3000),
	('10a2437e-edda-40c7-a1c3-03af0d139e58', 'TACO-MVP-011', 'Couve manteiga refogada', 51.0000, 2.7000, 6.1000, 0.7000, 2.8000),
	('20e39a5d-dfc6-486b-9e7a-3db0c20c528d', 'TACO-MVP-012', 'Tomate cru', 15.0000, 1.1000, 3.1000, 0.2000, 1.2000),
	('42b730ab-979c-4360-9a93-caabb993c55c', 'TACO-MVP-013', 'Alface americana', 14.0000, 1.4000, 2.9000, 0.2000, 1.7000),
	('4ca9fb79-2c50-42ff-897c-278d6c0cb6ef', 'TACO-MVP-014', 'Banana prata', 98.0000, 1.3000, 26.0000, 0.1000, 2.0000),
	('00695859-9d66-40f2-a5b0-c2a43c5aabaa', 'TACO-MVP-015', 'Maçã com casca', 63.0000, 0.3000, 16.6000, 0.2000, 2.0000),
	('8332f796-c183-4c84-a0bf-9f148ea6f478', 'TACO-MVP-016', 'Laranja', 45.0000, 0.9000, 11.5000, 0.1000, 2.2000),
	('61e1e929-9761-434c-9034-723bfaa28987', 'TACO-MVP-017', 'Leite integral', 61.0000, 3.1000, 4.6000, 3.3000, 0.0000),
	('7821db87-2ded-4a23-8490-281d05de54df', 'TACO-MVP-018', 'Iogurte natural integral', 61.0000, 3.5000, 4.7000, 3.0000, 0.0000),
	('ab3321d4-c497-4325-82c8-4cae96d2f838', 'TACO-MVP-019', 'Queijo minas frescal', 264.0000, 17.4000, 3.2000, 20.2000, 0.0000),
	('68f5d0cf-3307-4bc4-a735-73f9d0aacee1', 'TACO-MVP-020', 'Ovo de galinha cozido', 146.0000, 13.3000, 0.6000, 9.5000, 0.0000),
	('07cef61d-519e-4442-88d6-ef3c7804dbe5', 'TACO-MVP-021', 'Frango grelhado (peito sem pele)', 159.0000, 32.0000, 0.0000, 3.2000, 0.0000),
	('7596d597-0217-4ec8-8290-19602837ecf8', 'TACO-MVP-022', 'Carne bovina moída cozida (magra)', 212.0000, 26.0000, 0.0000, 11.0000, 0.0000),
	('9db78c85-dbcb-4296-beef-2489f37a300e', 'TACO-MVP-023', 'Atum em conserva (escorrido)', 116.0000, 25.5000, 0.0000, 0.8000, 0.0000),
	('3f346cda-771c-4ec0-87a5-6b20f4b71ea9', 'TACO-MVP-024', 'Sardinha em conserva (escorrida)', 186.0000, 22.0000, 0.0000, 10.0000, 0.0000),
	('4ddb6eb2-e284-43be-ba86-6b08126be311', 'TACO-MVP-025', 'Pão francês', 300.0000, 8.0000, 58.6000, 3.1000, 2.3000),
	('85fc7a48-5bb9-4374-9bb4-c159d68a2301', 'TACO-MVP-026', 'Aveia em flocos', 394.0000, 13.9000, 66.6000, 6.9000, 9.1000),
	('1f7cf4dd-218e-4de0-829e-cb3eeae47587', 'TACO-MVP-027', 'Açúcar refinado', 387.0000, 0.0000, 99.6000, 0.0000, 0.0000),
	('16d681c4-fe98-40fb-8b0c-b6459bfd4384', 'TACO-MVP-028', 'Óleo de soja', 884.0000, 0.0000, 0.0000, 100.0000, 0.0000),
	('70bbc576-1403-4319-8334-8aaf9adc29ce', 'TACO-MVP-029', 'Manteiga', 717.0000, 0.9000, 0.1000, 81.1000, 0.0000),
	('830c5b5a-84e3-45a8-abef-9a4a9b889bba', 'TACO-MVP-030', 'Sal refinado', 0.0000, 0.0000, 0.0000, 0.0000, 0.0000),
	('424aab98-9b89-4b2f-83b3-fcf1fea89fd6', 'TACO-MVP-031', 'Mel', 309.0000, 0.4000, 84.0000, 0.0000, 0.2000),
	('ac3f6484-67a3-48b0-a513-71542f1d88e0', 'TACO-MVP-032', 'Amendoim torrado salgado', 606.0000, 22.5000, 18.7000, 54.0000, 8.0000),
	('d27908b0-9f41-441c-8820-5e75466f1209', 'TACO-MVP-033', 'Castanha de caju', 553.0000, 18.5000, 30.2000, 43.9000, 3.3000),
	('53c5e222-8aee-4f70-b2ca-7ee07ef6bccf', 'TACO-MVP-034', 'Café infuso (sem açúcar)', 2.0000, 0.1000, 0.0000, 0.0000, 0.0000),
	('9facfd6d-639d-468e-ad14-7a68040ded43', 'TACO-MVP-035', 'Polvilho doce', 331.0000, 0.2000, 81.1000, 0.1000, 0.2000);


--
-- Data for Name: technical_recipes; Type: TABLE DATA; Schema: public; Owner: postgres
--

INSERT INTO "public"."technical_recipes" ("id", "establishment_id", "name", "status", "created_at", "updated_at", "portions_yield", "margin_percent", "tax_percent", "is_template", "classification", "sector", "cmv_percent", "client_id", "contexto", "repository_origin_id") VALUES
	('f9800cb1-f2b2-4a0a-a5f9-86c4a47abf07', '4e407cf0-ed82-4f4b-afbb-61cdedefdfba', 'sushi', 'draft', '2026-04-06 10:24:06.57642+00', '2026-04-20 11:40:19.330909+00', 1, 30.0000, 7.0000, false, NULL, NULL, 25.0000, 'c62a0a25-0bed-4438-a86a-4089194860c3', 'ESTABELECIMENTO', NULL),
	('74004c8d-a881-431b-8b6d-5c40ef706f52', '4e407cf0-ed82-4f4b-afbb-61cdedefdfba', 'arroz branco', 'published', '2026-04-11 02:04:55.984612+00', '2026-04-20 11:40:22.951828+00', 1, 0.0000, 0.0000, true, 'prato-principal', NULL, 25.0000, 'c62a0a25-0bed-4438-a86a-4089194860c3', 'ESTABELECIMENTO', NULL);


--
-- Data for Name: technical_recipe_lines; Type: TABLE DATA; Schema: public; Owner: postgres
--

INSERT INTO "public"."technical_recipe_lines" ("id", "recipe_id", "sort_order", "ingredient_name", "quantity", "unit", "notes", "taco_food_id", "raw_material_id", "correction_factor", "cooking_factor") VALUES
	('65d055c5-2825-484f-b6a3-e49a2898c4ff', 'f9800cb1-f2b2-4a0a-a5f9-86c4a47abf07', 0, 'Arroz branco cozido', 100.0000, 'g', NULL, '0291ac48-1d26-4c25-9ff7-5f916b02a915', 'd32dd864-6354-4cc8-807e-c1f94226dcee', 1.0000, 1.0000),
	('cf1e5914-e5e2-4843-ac8f-9009b1fae8a9', '74004c8d-a881-431b-8b6d-5c40ef706f52', 0, 'arroz', 100.0000, 'g', NULL, NULL, NULL, 1.0000, 1.0000);


--
-- Data for Name: technical_recipe_template_favorites; Type: TABLE DATA; Schema: public; Owner: postgres
--



--
-- Data for Name: tenant_feature_overrides; Type: TABLE DATA; Schema: public; Owner: postgres
--



--
-- Data for Name: buckets; Type: TABLE DATA; Schema: storage; Owner: supabase_storage_admin
--

INSERT INTO "storage"."buckets" ("id", "name", "owner", "created_at", "updated_at", "public", "avif_autodetection", "file_size_limit", "allowed_mime_types", "owner_id", "type") VALUES
	('client-exams', 'client-exams', NULL, '2026-04-03 14:19:35.265032+00', '2026-04-03 14:19:35.265032+00', false, false, NULL, NULL, NULL, 'STANDARD'),
	('client-logos', 'client-logos', NULL, '2026-04-04 00:43:58.637394+00', '2026-04-04 00:43:58.637394+00', false, false, NULL, NULL, NULL, 'STANDARD'),
	('checklist-fill-photos', 'checklist-fill-photos', NULL, '2026-04-04 14:58:14.651354+00', '2026-04-04 14:58:14.651354+00', false, false, NULL, NULL, NULL, 'STANDARD'),
	('checklist-dossier-pdfs', 'checklist-dossier-pdfs', NULL, '2026-04-04 16:17:05.897369+00', '2026-04-04 16:17:05.897369+00', false, false, NULL, NULL, NULL, 'STANDARD'),
	('profile-photos', 'profile-photos', NULL, '2026-04-17 02:33:46.324461+00', '2026-04-17 02:33:46.324461+00', false, false, NULL, NULL, NULL, 'STANDARD'),
	('tenant-logos', 'tenant-logos', NULL, '2026-04-24 18:16:44.106061+00', '2026-04-24 18:16:44.106061+00', false, false, 209715200, '{image/png,image/jpeg,image/webp}', NULL, 'STANDARD');


--
-- Data for Name: buckets_analytics; Type: TABLE DATA; Schema: storage; Owner: supabase_storage_admin
--



--
-- Data for Name: buckets_vectors; Type: TABLE DATA; Schema: storage; Owner: supabase_storage_admin
--



--
-- Data for Name: objects; Type: TABLE DATA; Schema: storage; Owner: supabase_storage_admin
--

INSERT INTO "storage"."objects" ("id", "bucket_id", "name", "owner", "created_at", "updated_at", "last_accessed_at", "metadata", "version", "owner_id", "user_metadata") VALUES
	('8aa41cf7-af72-4b14-9012-c783d5bd20db', 'checklist-dossier-pdfs', '633db554-b037-4e40-8c4f-575337dbfded/c8c67ecd-b14c-4793-8e05-8bb7c3c48d54/e8c433d3-3e6e-451c-94de-5501fe1dc7be.pdf', '633db554-b037-4e40-8c4f-575337dbfded', '2026-04-04 16:17:18.852268+00', '2026-04-04 16:17:18.852268+00', '2026-04-04 16:17:18.852268+00', '{"eTag": "\"61456ddf5c4786a89b208903c4ae08aa\"", "size": 2401, "mimetype": "application/pdf", "cacheControl": "max-age=3600", "lastModified": "2026-04-04T16:17:19.000Z", "contentLength": 2401, "httpStatusCode": 200}', '66db377d-dabe-4247-91f0-81d6a3856055', '633db554-b037-4e40-8c4f-575337dbfded', '{}'),
	('1d04ea71-3694-49d0-956b-962321691551', 'checklist-dossier-pdfs', '633db554-b037-4e40-8c4f-575337dbfded/bd32c131-09ae-4c79-97fd-69dd8dcf3806/262058eb-df23-466f-9102-feb6c7e679b8.pdf', '633db554-b037-4e40-8c4f-575337dbfded', '2026-04-26 02:07:07.346068+00', '2026-04-26 02:07:07.346068+00', '2026-04-26 02:07:07.346068+00', '{"eTag": "\"56dcce9f06bf1f06c64bae9143f80cc0\"", "size": 168591, "mimetype": "application/pdf", "cacheControl": "max-age=3600", "lastModified": "2026-04-26T02:07:08.000Z", "contentLength": 168591, "httpStatusCode": 200}', '001ff4ea-fbca-4f46-996f-4f3cb0291ff0', '633db554-b037-4e40-8c4f-575337dbfded', '{}'),
	('67194212-910b-4e01-aee6-bdf259c5ed66', 'checklist-dossier-pdfs', '633db554-b037-4e40-8c4f-575337dbfded/6ac2d5ee-31a6-4b61-9d4f-439ca9102a7f/8c66e1be-e087-4686-812b-a5476d6f3ac9.pdf', '633db554-b037-4e40-8c4f-575337dbfded', '2026-04-08 19:31:32.282165+00', '2026-04-08 19:31:32.282165+00', '2026-04-08 19:31:32.282165+00', '{"eTag": "\"48a9e442caebc833836e03226fc40568\"", "size": 4665, "mimetype": "application/pdf", "cacheControl": "max-age=3600", "lastModified": "2026-04-08T19:31:33.000Z", "contentLength": 4665, "httpStatusCode": 200}', '1d162dcd-e8bd-48db-8e59-2a93d2d31c36', '633db554-b037-4e40-8c4f-575337dbfded', '{}'),
	('6a2dbc1e-e803-4dc1-a54d-9cbc2a0b544e', 'checklist-fill-photos', '633db554-b037-4e40-8c4f-575337dbfded/84bc67c9-adb9-495e-8108-2e883b8b11c4/d5bad424-9204-44d9-8b62-f2a899b012bd.jpg', '904a0dd8-09de-44c0-b4c9-053ef0fabb37', '2026-04-29 19:10:44.286335+00', '2026-04-29 19:10:44.286335+00', '2026-04-29 19:10:44.286335+00', '{"eTag": "\"aca7fa51889e907a6cdd6e2bc6901411\"", "size": 409493, "mimetype": "image/jpeg", "cacheControl": "max-age=3600", "lastModified": "2026-04-29T19:10:45.000Z", "contentLength": 409493, "httpStatusCode": 200}', '4910246d-506b-4ac9-8d52-a68028f5ded6', '904a0dd8-09de-44c0-b4c9-053ef0fabb37', '{}'),
	('61cf5e6e-40b5-4470-ad29-8bb34cc24f28', 'profile-photos', '633db554-b037-4e40-8c4f-575337dbfded/profile_4b67b8c2-11e0-456d-8b19-f770729840a8.png', '633db554-b037-4e40-8c4f-575337dbfded', '2026-04-17 02:45:58.992222+00', '2026-04-17 02:45:58.992222+00', '2026-04-17 02:45:58.992222+00', '{"eTag": "\"e6bcd336b0d7f15e3ede1b14a6eb1a26\"", "size": 222465, "mimetype": "image/png", "cacheControl": "max-age=3600", "lastModified": "2026-04-17T02:45:59.000Z", "contentLength": 222465, "httpStatusCode": 200}', '862322a6-8055-467a-91ed-2919eba4fbcf', '633db554-b037-4e40-8c4f-575337dbfded', '{}'),
	('b3b8e904-d01f-4aa0-9230-56732b4b6440', 'checklist-dossier-pdfs', '633db554-b037-4e40-8c4f-575337dbfded/bd32c131-09ae-4c79-97fd-69dd8dcf3806/d4b79e06-e8e1-4ded-956b-863143a2c3bd.pdf', '633db554-b037-4e40-8c4f-575337dbfded', '2026-04-26 02:16:36.913414+00', '2026-04-26 02:16:36.913414+00', '2026-04-26 02:16:36.913414+00', '{"eTag": "\"d47fabfa032ab16fd4aafc1e41c51f08\"", "size": 168591, "mimetype": "application/pdf", "cacheControl": "max-age=3600", "lastModified": "2026-04-26T02:16:37.000Z", "contentLength": 168591, "httpStatusCode": 200}', '89c2cc61-549a-4891-a3b3-457e131d1324', '633db554-b037-4e40-8c4f-575337dbfded', '{}'),
	('8196e7ed-da54-428c-9ae8-f3723c8f21e7', 'checklist-fill-photos', '633db554-b037-4e40-8c4f-575337dbfded/ca9a9f10-f2c2-4bde-a154-ac162502f18b/7f8b4f3f-15ec-4fdd-ae08-9e59a7cf8930.png', '633db554-b037-4e40-8c4f-575337dbfded', '2026-04-22 16:12:13.465971+00', '2026-04-22 16:12:13.465971+00', '2026-04-22 16:12:13.465971+00', '{"eTag": "\"2a6ac764f9466ac2403864f2e886025a\"", "size": 762454, "mimetype": "image/png", "cacheControl": "max-age=3600", "lastModified": "2026-04-22T16:12:14.000Z", "contentLength": 762454, "httpStatusCode": 200}', '7abe884c-ad56-461f-b9f8-b6c3d3378e5e', '633db554-b037-4e40-8c4f-575337dbfded', '{}'),
	('95b3d186-4651-4d42-8484-30dcc398ace5', 'checklist-fill-photos', '633db554-b037-4e40-8c4f-575337dbfded/e5819bf1-8a4e-4d7c-8b36-cc550bc6fedc/061eb09f-bbbf-48dc-9721-50c3a9ed8f5f.jpg', '0ac5a0c3-00ba-4fa6-bacd-fc7f653e101f', '2026-05-04 13:42:35.219142+00', '2026-05-04 13:42:35.219142+00', '2026-05-04 13:42:35.219142+00', '{"eTag": "\"b16cfeff49e3221bd3b3b4b5b4daa24c\"", "size": 628703, "mimetype": "image/jpeg", "cacheControl": "max-age=3600", "lastModified": "2026-05-04T13:42:36.000Z", "contentLength": 628703, "httpStatusCode": 200}', '3450e512-46c1-42be-a1c7-5c497214d1a0', '0ac5a0c3-00ba-4fa6-bacd-fc7f653e101f', '{}'),
	('f47dc72c-78a3-4d19-9c09-26446d7aea68', 'checklist-fill-photos', '633db554-b037-4e40-8c4f-575337dbfded/ca9a9f10-f2c2-4bde-a154-ac162502f18b/166cdff0-dc78-4a96-9c2c-51eda5f625d0.png', '633db554-b037-4e40-8c4f-575337dbfded', '2026-04-22 17:04:52.083695+00', '2026-04-22 17:04:52.083695+00', '2026-04-22 17:04:52.083695+00', '{"eTag": "\"71dec2a924d97a1721cf66cf22befbc4\"", "size": 133093, "mimetype": "image/png", "cacheControl": "max-age=3600", "lastModified": "2026-04-22T17:04:53.000Z", "contentLength": 133093, "httpStatusCode": 200}', '0de26b7f-0637-4af5-b7e7-b5b0d8bc1228', '633db554-b037-4e40-8c4f-575337dbfded', '{}'),
	('ffa41802-4b46-44ec-a03e-67974c2aa9ca', 'checklist-fill-photos', '633db554-b037-4e40-8c4f-575337dbfded/3e1aeda0-0d7a-4137-9512-a54a91d53536/5a4fae45-9111-43ff-b9a3-e1e3980823ac.png', '633db554-b037-4e40-8c4f-575337dbfded', '2026-04-22 17:27:32.755402+00', '2026-04-22 17:27:32.755402+00', '2026-04-22 17:27:32.755402+00', '{"eTag": "\"2a6ac764f9466ac2403864f2e886025a\"", "size": 762454, "mimetype": "image/png", "cacheControl": "max-age=3600", "lastModified": "2026-04-22T17:27:33.000Z", "contentLength": 762454, "httpStatusCode": 200}', '414be966-7210-46f5-82a0-93624c7ebfc1', '633db554-b037-4e40-8c4f-575337dbfded', '{}'),
	('be2179ec-71a3-4531-bf17-77918b3b8e8f', 'checklist-fill-photos', '633db554-b037-4e40-8c4f-575337dbfded/ca9a9f10-f2c2-4bde-a154-ac162502f18b/fd18a76b-b8ac-4414-b00f-a764b3880504.png', '633db554-b037-4e40-8c4f-575337dbfded', '2026-04-22 17:34:28.989616+00', '2026-04-22 17:34:28.989616+00', '2026-04-22 17:34:28.989616+00', '{"eTag": "\"71dec2a924d97a1721cf66cf22befbc4\"", "size": 133093, "mimetype": "image/png", "cacheControl": "max-age=3600", "lastModified": "2026-04-22T17:34:29.000Z", "contentLength": 133093, "httpStatusCode": 200}', '66564d49-bead-4ead-8422-db0c494e52c7', '633db554-b037-4e40-8c4f-575337dbfded', '{}'),
	('36e1623b-5885-4c25-9b51-c61437d820a0', 'checklist-dossier-pdfs', '633db554-b037-4e40-8c4f-575337dbfded/bd32c131-09ae-4c79-97fd-69dd8dcf3806/c652172b-88df-416b-8f9e-b90f388bd512.pdf', '633db554-b037-4e40-8c4f-575337dbfded', '2026-04-26 02:18:26.422445+00', '2026-04-26 02:18:26.422445+00', '2026-04-26 02:18:26.422445+00', '{"eTag": "\"d2b192a3257edcb8c121f056925f6000\"", "size": 169844, "mimetype": "application/pdf", "cacheControl": "max-age=3600", "lastModified": "2026-04-26T02:18:27.000Z", "contentLength": 169844, "httpStatusCode": 200}', '8c945251-3d45-41e4-b045-8f1d7c50905f', '633db554-b037-4e40-8c4f-575337dbfded', '{}'),
	('5ccc198f-833a-47af-a6c0-c95c50314ce9', 'checklist-fill-photos', '633db554-b037-4e40-8c4f-575337dbfded/ca9a9f10-f2c2-4bde-a154-ac162502f18b/a0eeeebd-f27a-4664-9c5f-f25c9a55c0be.png', '633db554-b037-4e40-8c4f-575337dbfded', '2026-04-22 17:36:17.034807+00', '2026-04-22 17:36:17.034807+00', '2026-04-22 17:36:17.034807+00', '{"eTag": "\"f1a33fa5cd95c843fff00ddf46320cdb\"", "size": 145753, "mimetype": "image/png", "cacheControl": "max-age=3600", "lastModified": "2026-04-22T17:36:17.000Z", "contentLength": 145753, "httpStatusCode": 200}', '4def378a-5e41-4251-9823-41fc884f8d7f', '633db554-b037-4e40-8c4f-575337dbfded', '{}'),
	('e8f3d260-119e-4fad-ae3e-767bc5e7f8a1', 'checklist-fill-photos', '633db554-b037-4e40-8c4f-575337dbfded/1274ff95-df92-4d35-b794-0b851b6a099b/d6da694d-2ee9-46fc-b190-380c0e792fc9.jpg', '6b78b890-8def-4de8-895f-af18a9b4a0d1', '2026-04-28 19:26:24.920449+00', '2026-04-28 19:26:24.920449+00', '2026-04-28 19:26:24.920449+00', '{"eTag": "\"0c44abb7bce21c7db0050933176c4df2\"", "size": 178604, "mimetype": "image/jpeg", "cacheControl": "max-age=3600", "lastModified": "2026-04-28T19:26:25.000Z", "contentLength": 178604, "httpStatusCode": 200}', 'bdaff3b6-e4e7-4e7d-9f65-7a494ad808e4', '6b78b890-8def-4de8-895f-af18a9b4a0d1', '{}'),
	('9459ccc3-d8f3-4cd6-8bae-486a160d7388', 'checklist-fill-photos', '633db554-b037-4e40-8c4f-575337dbfded/ca9a9f10-f2c2-4bde-a154-ac162502f18b/63c49c07-74c4-4e0d-b7d2-84d997cf7419.png', '633db554-b037-4e40-8c4f-575337dbfded', '2026-04-22 17:39:50.105181+00', '2026-04-22 17:39:50.105181+00', '2026-04-22 17:39:50.105181+00', '{"eTag": "\"2a6ac764f9466ac2403864f2e886025a\"", "size": 762454, "mimetype": "image/png", "cacheControl": "max-age=3600", "lastModified": "2026-04-22T17:39:51.000Z", "contentLength": 762454, "httpStatusCode": 200}', 'd1b6e0b0-7d0e-452b-ba59-8a95d6d63edf', '633db554-b037-4e40-8c4f-575337dbfded', '{}'),
	('a65c2acc-fa61-431e-bcf7-c27625f7d920', 'checklist-fill-photos', '633db554-b037-4e40-8c4f-575337dbfded/84bc67c9-adb9-495e-8108-2e883b8b11c4/2cfb56b2-ba5f-4106-9426-3c2cd6a5f14b.jpg', '904a0dd8-09de-44c0-b4c9-053ef0fabb37', '2026-04-29 19:16:20.108779+00', '2026-04-29 19:16:20.108779+00', '2026-04-29 19:16:20.108779+00', '{"eTag": "\"d5cb5f42bf9a2a8712b55c9e96473bd7\"", "size": 510411, "mimetype": "image/jpeg", "cacheControl": "max-age=3600", "lastModified": "2026-04-29T19:16:21.000Z", "contentLength": 510411, "httpStatusCode": 200}', '016bb5e9-47bd-4f58-9930-7b477c74e3d5', '904a0dd8-09de-44c0-b4c9-053ef0fabb37', '{}'),
	('47acfbe7-9e1d-42bd-a8c4-ad283acaa85f', 'checklist-fill-photos', '633db554-b037-4e40-8c4f-575337dbfded/ca9a9f10-f2c2-4bde-a154-ac162502f18b/e331e64a-174e-462a-a03c-65cc7ffa7819.png', '633db554-b037-4e40-8c4f-575337dbfded', '2026-04-22 17:45:06.043298+00', '2026-04-22 17:45:06.043298+00', '2026-04-22 17:45:06.043298+00', '{"eTag": "\"d41a13e888935766db8cdda87e1190ed\"", "size": 269040, "mimetype": "image/png", "cacheControl": "max-age=3600", "lastModified": "2026-04-22T17:45:06.000Z", "contentLength": 269040, "httpStatusCode": 200}', '22bdcfd8-2709-48e1-9d50-e76e047e1824', '633db554-b037-4e40-8c4f-575337dbfded', '{}'),
	('f1b55003-722e-42ba-bdc9-bd749c6378a9', 'checklist-fill-photos', '633db554-b037-4e40-8c4f-575337dbfded/1274ff95-df92-4d35-b794-0b851b6a099b/f0ca8ba9-35a7-4a66-aa36-9596dbe2809e.jpg', '6b78b890-8def-4de8-895f-af18a9b4a0d1', '2026-04-28 19:26:42.117382+00', '2026-04-28 19:26:42.117382+00', '2026-04-28 19:26:42.117382+00', '{"eTag": "\"d1e7b794600ca736696a4951c7b6b7e2\"", "size": 106359, "mimetype": "image/jpeg", "cacheControl": "max-age=3600", "lastModified": "2026-04-28T19:26:43.000Z", "contentLength": 106359, "httpStatusCode": 200}', '3eda218d-9add-474a-9179-1f1c5faa97e8', '6b78b890-8def-4de8-895f-af18a9b4a0d1', '{}'),
	('e351ef3c-10c5-4402-b8e7-ea917abbeae2', 'checklist-dossier-pdfs', '633db554-b037-4e40-8c4f-575337dbfded/ca9a9f10-f2c2-4bde-a154-ac162502f18b/e198ea30-9516-4e99-856d-3c757d104728.pdf', '633db554-b037-4e40-8c4f-575337dbfded', '2026-04-22 17:48:12.174622+00', '2026-04-22 17:48:12.174622+00', '2026-04-22 17:48:12.174622+00', '{"eTag": "\"e8e9aeb5ac5a1fd587f990902b6c0d45\"", "size": 4901, "mimetype": "application/pdf", "cacheControl": "max-age=3600", "lastModified": "2026-04-22T17:48:13.000Z", "contentLength": 4901, "httpStatusCode": 200}', '13adff61-d2df-46a5-8476-1254e374f1a5', '633db554-b037-4e40-8c4f-575337dbfded', '{}'),
	('fac135a0-d28b-45de-bcd6-5175be1e08df', 'checklist-dossier-pdfs', '633db554-b037-4e40-8c4f-575337dbfded/ca9a9f10-f2c2-4bde-a154-ac162502f18b/dfc9dcd2-642a-46fe-81e9-568b948d2a4e.pdf', '633db554-b037-4e40-8c4f-575337dbfded', '2026-04-22 17:50:57.975127+00', '2026-04-22 17:50:57.975127+00', '2026-04-22 17:50:57.975127+00', '{"eTag": "\"c60945906d94bc60e5004b9c9a00dd33\"", "size": 4901, "mimetype": "application/pdf", "cacheControl": "max-age=3600", "lastModified": "2026-04-22T17:50:58.000Z", "contentLength": 4901, "httpStatusCode": 200}', 'facb30a9-b3df-44f4-a577-9f23e0d8b667', '633db554-b037-4e40-8c4f-575337dbfded', '{}'),
	('2ba209a2-8380-4a5e-866a-dee0552091ee', 'checklist-fill-photos', '633db554-b037-4e40-8c4f-575337dbfded/1274ff95-df92-4d35-b794-0b851b6a099b/183b000b-4f5b-4576-b34a-7262753f3631.jpg', '6b78b890-8def-4de8-895f-af18a9b4a0d1', '2026-04-28 19:29:38.852373+00', '2026-04-28 19:29:38.852373+00', '2026-04-28 19:29:38.852373+00', '{"eTag": "\"b86a8aabc66524c3a6cab19c8b3222ed\"", "size": 256123, "mimetype": "image/jpeg", "cacheControl": "max-age=3600", "lastModified": "2026-04-28T19:29:39.000Z", "contentLength": 256123, "httpStatusCode": 200}', 'e154b592-c22f-49aa-943e-2058a1225647', '6b78b890-8def-4de8-895f-af18a9b4a0d1', '{}'),
	('2d1a0bee-a901-4ec5-9cd4-5d4b89c43bce', 'checklist-dossier-pdfs', '633db554-b037-4e40-8c4f-575337dbfded/ca9a9f10-f2c2-4bde-a154-ac162502f18b/067d2771-223a-4df4-8b9e-86645affeb96.pdf', '633db554-b037-4e40-8c4f-575337dbfded', '2026-04-22 17:54:31.883058+00', '2026-04-22 17:54:31.883058+00', '2026-04-22 17:54:31.883058+00', '{"eTag": "\"0f0f0fb91c7f1a4ef9f44e70e4325f6d\"", "size": 5252, "mimetype": "application/pdf", "cacheControl": "max-age=3600", "lastModified": "2026-04-22T17:54:32.000Z", "contentLength": 5252, "httpStatusCode": 200}', '337cf094-61f2-4b66-95a3-e2b6124a90c6', '633db554-b037-4e40-8c4f-575337dbfded', '{}'),
	('888cb71e-2192-4491-897e-e02ccb5fc674', 'checklist-dossier-pdfs', '633db554-b037-4e40-8c4f-575337dbfded/ca9a9f10-f2c2-4bde-a154-ac162502f18b/f7993f2a-077d-4af7-b018-c0ba20e8324e.pdf', '633db554-b037-4e40-8c4f-575337dbfded', '2026-04-22 17:58:28.070369+00', '2026-04-22 17:58:28.070369+00', '2026-04-22 17:58:28.070369+00', '{"eTag": "\"bd2e8ecba3b2242ca134bf7402a04340\"", "size": 5239, "mimetype": "application/pdf", "cacheControl": "max-age=3600", "lastModified": "2026-04-22T17:58:29.000Z", "contentLength": 5239, "httpStatusCode": 200}', '886e0569-2db5-4907-abae-b1058f9f300f', '633db554-b037-4e40-8c4f-575337dbfded', '{}'),
	('08835b6a-900e-4b00-8756-dcab3b9d35e7', 'checklist-fill-photos', '633db554-b037-4e40-8c4f-575337dbfded/3e1aeda0-0d7a-4137-9512-a54a91d53536/0001ba6b-b115-42eb-8387-4be8c436bedf.png', '633db554-b037-4e40-8c4f-575337dbfded', '2026-04-22 18:00:12.2182+00', '2026-04-22 18:00:12.2182+00', '2026-04-22 18:00:12.2182+00', '{"eTag": "\"1938cee21c876d654ba5422892a81c64\"", "size": 837230, "mimetype": "image/png", "cacheControl": "max-age=3600", "lastModified": "2026-04-22T18:00:13.000Z", "contentLength": 837230, "httpStatusCode": 200}', '9a4dacd9-644c-4c39-abda-eb95f6f94cc8', '633db554-b037-4e40-8c4f-575337dbfded', '{}'),
	('c14202c1-1322-4938-b1e6-8c4c44c158a3', 'checklist-dossier-pdfs', '633db554-b037-4e40-8c4f-575337dbfded/c662d9fe-ee16-4e21-9b83-3ec499f50ca2/e6f3d6d8-7031-482b-9f6f-99f39462b86d.pdf', '05487a66-8616-4a69-b20f-363fde46bf5b', '2026-04-26 23:27:26.572562+00', '2026-04-26 23:27:26.572562+00', '2026-04-26 23:27:26.572562+00', '{"eTag": "\"13e303217299de5d4ec8d7b6cbc59285\"", "size": 170065, "mimetype": "application/pdf", "cacheControl": "max-age=3600", "lastModified": "2026-04-26T23:27:27.000Z", "contentLength": 170065, "httpStatusCode": 200}', 'e2694bf3-9262-4189-a6e5-aae78df12366', '05487a66-8616-4a69-b20f-363fde46bf5b', '{}'),
	('b3621698-eab1-4ad8-9f2c-86501ac9c00f', 'checklist-dossier-pdfs', '633db554-b037-4e40-8c4f-575337dbfded/3e1aeda0-0d7a-4137-9512-a54a91d53536/5cad3039-d7a7-4fce-bf64-33565cbf1f21.pdf', '633db554-b037-4e40-8c4f-575337dbfded', '2026-04-22 18:15:19.886029+00', '2026-04-22 18:15:19.886029+00', '2026-04-22 18:15:19.886029+00', '{"eTag": "\"8a95abe64b94dbb10cb13d3d579a9463\"", "size": 842585, "mimetype": "application/pdf", "cacheControl": "max-age=3600", "lastModified": "2026-04-22T18:15:20.000Z", "contentLength": 842585, "httpStatusCode": 200}', 'f145f998-bc40-4b4a-9b5d-5515bb50a789', '633db554-b037-4e40-8c4f-575337dbfded', '{}'),
	('3b242a2b-e7eb-4093-be23-9e825a6ef63c', 'checklist-fill-photos', '633db554-b037-4e40-8c4f-575337dbfded/84bc67c9-adb9-495e-8108-2e883b8b11c4/626c1f3b-a21a-4c1a-a37e-83a4bf10dd60.jpg', '904a0dd8-09de-44c0-b4c9-053ef0fabb37', '2026-04-29 19:30:26.274653+00', '2026-04-29 19:30:26.274653+00', '2026-04-29 19:30:26.274653+00', '{"eTag": "\"720182fe1f0ff22dcdf266d4c179fe69\"", "size": 602024, "mimetype": "image/jpeg", "cacheControl": "max-age=3600", "lastModified": "2026-04-29T19:30:27.000Z", "contentLength": 602024, "httpStatusCode": 200}', 'c21d5362-e4f2-46f6-bd76-4b9b59c5788d', '904a0dd8-09de-44c0-b4c9-053ef0fabb37', '{}'),
	('50507ad7-3067-4720-929d-642bf80df102', 'checklist-dossier-pdfs', '633db554-b037-4e40-8c4f-575337dbfded/d53f03bb-5eaf-4f4c-8fe0-1a427bc43fc3/8b6ed91f-c7bf-4338-8b58-f99e57525cf9.pdf', '633db554-b037-4e40-8c4f-575337dbfded', '2026-04-22 18:32:35.80284+00', '2026-04-22 18:32:35.80284+00', '2026-04-22 18:32:35.80284+00', '{"eTag": "\"d94f2d387a4e111b1846f4afc1894332\"", "size": 6318, "mimetype": "application/pdf", "cacheControl": "max-age=3600", "lastModified": "2026-04-22T18:32:36.000Z", "contentLength": 6318, "httpStatusCode": 200}', '3c8701d4-1bce-4ca4-9d64-60b263b629bf', '633db554-b037-4e40-8c4f-575337dbfded', '{}'),
	('e44aa622-4c5d-4a3f-81dc-b44a02c4f50c', 'checklist-fill-photos', '633db554-b037-4e40-8c4f-575337dbfded/1274ff95-df92-4d35-b794-0b851b6a099b/122511b3-8258-4781-99ee-08afbf8720c8.jpg', '6b78b890-8def-4de8-895f-af18a9b4a0d1', '2026-04-28 19:36:02.225855+00', '2026-04-28 19:36:02.225855+00', '2026-04-28 19:36:02.225855+00', '{"eTag": "\"a72beb18819b9389bb70cd2d8796e700\"", "size": 136158, "mimetype": "image/jpeg", "cacheControl": "max-age=3600", "lastModified": "2026-04-28T19:36:03.000Z", "contentLength": 136158, "httpStatusCode": 200}', 'f412f541-ac3f-4380-a82e-e49ecf58120c', '6b78b890-8def-4de8-895f-af18a9b4a0d1', '{}'),
	('90a24492-86b4-445f-94f1-bccbe9262296', 'checklist-fill-photos', '633db554-b037-4e40-8c4f-575337dbfded/93ef12b4-7531-4114-a4f3-aaa555d42a52/b28e5b94-2e01-4b3d-81dd-7435437316e1.png', '633db554-b037-4e40-8c4f-575337dbfded', '2026-04-22 18:58:45.751521+00', '2026-04-22 18:58:45.751521+00', '2026-04-22 18:58:45.751521+00', '{"eTag": "\"2a6ac764f9466ac2403864f2e886025a\"", "size": 762454, "mimetype": "image/png", "cacheControl": "max-age=3600", "lastModified": "2026-04-22T18:58:46.000Z", "contentLength": 762454, "httpStatusCode": 200}', 'ae0ec3a9-916b-4877-9572-8565806da4fb', '633db554-b037-4e40-8c4f-575337dbfded', '{}'),
	('3a0db9c8-6c5c-45a8-8964-132dbb84a341', 'checklist-fill-photos', '633db554-b037-4e40-8c4f-575337dbfded/5ea9ef96-fda3-44a3-becf-662527f42dac/f22bcd92-c80d-47dd-baa5-4036393ad13c.png', '633db554-b037-4e40-8c4f-575337dbfded', '2026-04-22 20:30:25.431518+00', '2026-04-22 20:30:25.431518+00', '2026-04-22 20:30:25.431518+00', '{"eTag": "\"d41a13e888935766db8cdda87e1190ed\"", "size": 269040, "mimetype": "image/png", "cacheControl": "max-age=3600", "lastModified": "2026-04-22T20:30:26.000Z", "contentLength": 269040, "httpStatusCode": 200}', '97823871-be00-4ad4-a96f-0ef4a719b4ad', '633db554-b037-4e40-8c4f-575337dbfded', '{}'),
	('6ab4005a-4413-4764-8e0a-063dd65d7a30', 'checklist-fill-photos', '633db554-b037-4e40-8c4f-575337dbfded/a9703b99-425f-4858-8b3f-c3a063831335/9dc881a1-9efe-4192-804b-9cad294abba7.png', '633db554-b037-4e40-8c4f-575337dbfded', '2026-04-23 12:31:04.610484+00', '2026-04-23 12:31:04.610484+00', '2026-04-23 12:31:04.610484+00', '{"eTag": "\"d41a13e888935766db8cdda87e1190ed\"", "size": 269040, "mimetype": "image/png", "cacheControl": "max-age=3600", "lastModified": "2026-04-23T12:31:05.000Z", "contentLength": 269040, "httpStatusCode": 200}', '85a339c2-2230-4b8e-964c-8ddb388f4695', '633db554-b037-4e40-8c4f-575337dbfded', '{}'),
	('66577983-f609-40d4-9fe5-d0bfe65b26d9', 'checklist-fill-photos', '633db554-b037-4e40-8c4f-575337dbfded/93ef12b4-7531-4114-a4f3-aaa555d42a52/a3047c8c-d23b-481c-bb11-0054ac7e142f.jpg', '633db554-b037-4e40-8c4f-575337dbfded', '2026-04-23 16:53:40.489645+00', '2026-04-23 16:53:40.489645+00', '2026-04-23 16:53:40.489645+00', '{"eTag": "\"a111847d170a942f6e4f66f78d976b4d\"", "size": 4126146, "mimetype": "image/jpeg", "cacheControl": "max-age=3600", "lastModified": "2026-04-23T16:53:41.000Z", "contentLength": 4126146, "httpStatusCode": 200}', 'b931a6a4-a563-4a48-9f70-503b32f433a8', '633db554-b037-4e40-8c4f-575337dbfded', '{}'),
	('191b4483-8e14-4f46-aa70-e5e810611c21', 'checklist-fill-photos', '633db554-b037-4e40-8c4f-575337dbfded/84bc67c9-adb9-495e-8108-2e883b8b11c4/baccf492-2d8f-4276-be59-10e05b369b34.jpg', '904a0dd8-09de-44c0-b4c9-053ef0fabb37', '2026-04-29 19:30:52.454481+00', '2026-04-29 19:30:52.454481+00', '2026-04-29 19:30:52.454481+00', '{"eTag": "\"0e0a601ab583caae107af9bf2d852b62\"", "size": 510714, "mimetype": "image/jpeg", "cacheControl": "max-age=3600", "lastModified": "2026-04-29T19:30:53.000Z", "contentLength": 510714, "httpStatusCode": 200}', '3e56fe16-5a8d-45f9-90a6-ff95027915ca', '904a0dd8-09de-44c0-b4c9-053ef0fabb37', '{}'),
	('49253ef4-c637-4eb2-87f4-0cddd76780a2', 'checklist-fill-photos', '633db554-b037-4e40-8c4f-575337dbfded/93ef12b4-7531-4114-a4f3-aaa555d42a52/a1c384d9-dad1-40b6-a954-789ce9fcf7e9.jpg', '633db554-b037-4e40-8c4f-575337dbfded', '2026-04-23 16:56:17.964743+00', '2026-04-23 16:56:17.964743+00', '2026-04-23 16:56:17.964743+00', '{"eTag": "\"2e75ba2bae3a061454d4cac6bb411032\"", "size": 1484524, "mimetype": "image/jpeg", "cacheControl": "max-age=3600", "lastModified": "2026-04-23T16:56:18.000Z", "contentLength": 1484524, "httpStatusCode": 200}', 'b332316e-410d-4f4c-bd77-1b0f08ab2f2e', '633db554-b037-4e40-8c4f-575337dbfded', '{}'),
	('0976df77-d684-4279-a765-35ae3cec3aa7', 'checklist-dossier-pdfs', '633db554-b037-4e40-8c4f-575337dbfded/93ef12b4-7531-4114-a4f3-aaa555d42a52/68300f0e-342d-4789-bb56-c415207bba66.pdf', '05487a66-8616-4a69-b20f-363fde46bf5b', '2026-04-27 11:30:00.057197+00', '2026-04-27 11:30:00.057197+00', '2026-04-27 11:30:00.057197+00', '{"eTag": "\"93ff6261f52ff96539a2520d5bcad2bc\"", "size": 1867164, "mimetype": "application/pdf", "cacheControl": "max-age=3600", "lastModified": "2026-04-27T11:30:00.000Z", "contentLength": 1867164, "httpStatusCode": 200}', '726e8fae-8521-403d-b7bf-c0cdd99a9297', '05487a66-8616-4a69-b20f-363fde46bf5b', '{}'),
	('bcf79120-1f8d-4533-a776-90f54ddea472', 'checklist-fill-photos', '633db554-b037-4e40-8c4f-575337dbfded/93ef12b4-7531-4114-a4f3-aaa555d42a52/b078ba5a-8b5b-4258-9089-22d3849e3d1c.png', '633db554-b037-4e40-8c4f-575337dbfded', '2026-04-23 17:29:51.534215+00', '2026-04-23 17:29:51.534215+00', '2026-04-23 17:29:51.534215+00', '{"eTag": "\"98517eaac6e4fcd6a0a980712839dd3d\"", "size": 523438, "mimetype": "image/png", "cacheControl": "max-age=3600", "lastModified": "2026-04-23T17:29:52.000Z", "contentLength": 523438, "httpStatusCode": 200}', '11adcfc5-2434-492e-a6b3-39038b4f472d', '633db554-b037-4e40-8c4f-575337dbfded', '{}'),
	('b4092fdd-c802-460a-8165-425d62f3a389', 'checklist-fill-photos', '633db554-b037-4e40-8c4f-575337dbfded/1274ff95-df92-4d35-b794-0b851b6a099b/8fc6803c-cde3-4f00-a45b-a74c7c688e85.jpg', '6b78b890-8def-4de8-895f-af18a9b4a0d1', '2026-04-28 19:38:31.628683+00', '2026-04-28 19:38:31.628683+00', '2026-04-28 19:38:31.628683+00', '{"eTag": "\"0053f24cfe0404412130858a16987d9d\"", "size": 158668, "mimetype": "image/jpeg", "cacheControl": "max-age=3600", "lastModified": "2026-04-28T19:38:32.000Z", "contentLength": 158668, "httpStatusCode": 200}', 'd8147bee-a626-4398-b1d8-bd673cad8c15', '6b78b890-8def-4de8-895f-af18a9b4a0d1', '{}'),
	('6016712e-cdf6-42ea-b426-be3b08ae10e0', 'checklist-fill-photos', '633db554-b037-4e40-8c4f-575337dbfded/93ef12b4-7531-4114-a4f3-aaa555d42a52/8a475f1f-5c1e-4815-a96c-00fbbca0ffe3.jpg', '633db554-b037-4e40-8c4f-575337dbfded', '2026-04-23 18:18:15.338554+00', '2026-04-23 18:18:15.338554+00', '2026-04-23 18:18:15.338554+00', '{"eTag": "\"79a9dc6e316114ba2d2c85905058a94e\"", "size": 64585, "mimetype": "image/jpeg", "cacheControl": "max-age=3600", "lastModified": "2026-04-23T18:18:16.000Z", "contentLength": 64585, "httpStatusCode": 200}', '58225b45-f6d4-42f5-92ea-3738e37e6100', '633db554-b037-4e40-8c4f-575337dbfded', '{}'),
	('e24e05b8-e804-4033-bb3b-61c942b5baad', 'checklist-fill-photos', '633db554-b037-4e40-8c4f-575337dbfded/93ef12b4-7531-4114-a4f3-aaa555d42a52/1de07b5e-b5b4-4cb9-9e36-ccac3ef5c2df.jpg', '633db554-b037-4e40-8c4f-575337dbfded', '2026-04-23 19:02:28.205685+00', '2026-04-23 19:02:28.205685+00', '2026-04-23 19:02:28.205685+00', '{"eTag": "\"1a8ea2a26e351a20ad46797f84b2c565\"", "size": 587577, "mimetype": "image/jpeg", "cacheControl": "max-age=3600", "lastModified": "2026-04-23T19:02:29.000Z", "contentLength": 587577, "httpStatusCode": 200}', '18f9803d-5e24-4028-bfce-2a045ce0ce81', '633db554-b037-4e40-8c4f-575337dbfded', '{}'),
	('00d08624-c879-4b17-a4ae-ae1b87b361bf', 'checklist-fill-photos', '633db554-b037-4e40-8c4f-575337dbfded/93ef12b4-7531-4114-a4f3-aaa555d42a52/bef3ed43-b946-433c-aaee-2f94d55c3801.jpg', '633db554-b037-4e40-8c4f-575337dbfded', '2026-04-23 19:02:47.321586+00', '2026-04-23 19:02:47.321586+00', '2026-04-23 19:02:47.321586+00', '{"eTag": "\"9d169f8b447708a176f604ece3a97cf0\"", "size": 231283, "mimetype": "image/jpeg", "cacheControl": "max-age=3600", "lastModified": "2026-04-23T19:02:48.000Z", "contentLength": 231283, "httpStatusCode": 200}', '538445db-5b80-44d6-ac9d-b09e5e705d77', '633db554-b037-4e40-8c4f-575337dbfded', '{}'),
	('c735ab37-79cc-4d44-8871-ea7115995cdd', 'checklist-dossier-pdfs', '633db554-b037-4e40-8c4f-575337dbfded/79821a47-fd13-4de9-a9d1-4bf23648042a/d6ac3efb-503a-4efc-a6e5-415c797449d5.pdf', '633db554-b037-4e40-8c4f-575337dbfded', '2026-04-23 19:04:06.191971+00', '2026-04-23 19:04:06.191971+00', '2026-04-23 19:04:06.191971+00', '{"eTag": "\"3a1f2d6f26a10d3cb26823a3629ce35b\"", "size": 5275, "mimetype": "application/pdf", "cacheControl": "max-age=3600", "lastModified": "2026-04-23T19:04:07.000Z", "contentLength": 5275, "httpStatusCode": 200}', '7d8bb505-ac2b-4fec-8ada-220538c60d0c', '633db554-b037-4e40-8c4f-575337dbfded', '{}'),
	('58437b54-59bb-4921-8420-1eb8fedbd9d1', 'checklist-fill-photos', '633db554-b037-4e40-8c4f-575337dbfded/1274ff95-df92-4d35-b794-0b851b6a099b/730b4ad8-6e5e-49ed-9c5e-3d007fc2a73e.jpg', '6b78b890-8def-4de8-895f-af18a9b4a0d1', '2026-04-28 19:54:53.50419+00', '2026-04-28 19:54:53.50419+00', '2026-04-28 19:54:53.50419+00', '{"eTag": "\"bb8bfea6481f2c5db0bb7466125b25d9\"", "size": 166682, "mimetype": "image/jpeg", "cacheControl": "max-age=3600", "lastModified": "2026-04-28T19:54:54.000Z", "contentLength": 166682, "httpStatusCode": 200}', 'f8397239-1d44-4e9e-8752-123fd78491ed', '6b78b890-8def-4de8-895f-af18a9b4a0d1', '{}'),
	('8e8bbc14-aa5c-42ba-bd06-fefb6974352a', 'checklist-fill-photos', '633db554-b037-4e40-8c4f-575337dbfded/e5819bf1-8a4e-4d7c-8b36-cc550bc6fedc/1b885810-75af-4999-b5d4-c0895765e20c.jpg', '0ac5a0c3-00ba-4fa6-bacd-fc7f653e101f', '2026-05-04 13:43:42.272153+00', '2026-05-04 13:43:42.272153+00', '2026-05-04 13:43:42.272153+00', '{"eTag": "\"2f47caf0eaecc74cf46abab59df07204\"", "size": 590911, "mimetype": "image/jpeg", "cacheControl": "max-age=3600", "lastModified": "2026-05-04T13:43:43.000Z", "contentLength": 590911, "httpStatusCode": 200}', '75d66049-1b05-471c-b304-c4fdf5ad15b6', '0ac5a0c3-00ba-4fa6-bacd-fc7f653e101f', '{}'),
	('ba377395-29b5-44b3-b543-65a07ec8ff28', 'checklist-dossier-pdfs', '633db554-b037-4e40-8c4f-575337dbfded/0a970c4c-0330-4b80-9560-56d1a6829182/49394f00-6ee8-4be3-8227-1d6529f0ff41.pdf', '633db554-b037-4e40-8c4f-575337dbfded', '2026-04-23 19:09:48.080682+00', '2026-04-23 19:09:48.080682+00', '2026-04-23 19:09:48.080682+00', '{"eTag": "\"1504919cd69a88197e74dc34ea8d78b9\"", "size": 6384, "mimetype": "application/pdf", "cacheControl": "max-age=3600", "lastModified": "2026-04-23T19:09:49.000Z", "contentLength": 6384, "httpStatusCode": 200}', '3daa5220-aa7c-48c0-8dcf-85bb0c27fdd8', '633db554-b037-4e40-8c4f-575337dbfded', '{}'),
	('143d5637-698b-4dfc-8c81-efe53ff86040', 'checklist-fill-photos', '633db554-b037-4e40-8c4f-575337dbfded/66b495bc-4311-4809-90c6-a8b149f70302/eccda337-9466-4910-b06f-4f17b7fea047.jpg', 'd2c0ae27-29b6-49fd-ba6b-0d3362ac6444', '2026-04-27 13:07:37.245768+00', '2026-04-27 13:07:37.245768+00', '2026-04-27 13:07:37.245768+00', '{"eTag": "\"858377345f3ed70aac41081ec05e865e\"", "size": 63380, "mimetype": "image/jpeg", "cacheControl": "max-age=3600", "lastModified": "2026-04-27T13:07:38.000Z", "contentLength": 63380, "httpStatusCode": 200}', '4e285d13-c9e0-4e11-8b22-e293ff97380d', 'd2c0ae27-29b6-49fd-ba6b-0d3362ac6444', '{}'),
	('c19e609b-8b28-4b9d-ac3c-418d219bc45f', 'checklist-dossier-pdfs', '633db554-b037-4e40-8c4f-575337dbfded/79821a47-fd13-4de9-a9d1-4bf23648042a/3b3e9719-b188-4245-a35a-346951cddf01.pdf', '633db554-b037-4e40-8c4f-575337dbfded', '2026-04-23 19:16:42.246649+00', '2026-04-23 19:16:42.246649+00', '2026-04-23 19:16:42.246649+00', '{"eTag": "\"cb57894fc5b11a4f9d0e5c29b6e566c3\"", "size": 5276, "mimetype": "application/pdf", "cacheControl": "max-age=3600", "lastModified": "2026-04-23T19:16:43.000Z", "contentLength": 5276, "httpStatusCode": 200}', '27412bf8-2397-4624-a546-ed0c5cd9cc66', '633db554-b037-4e40-8c4f-575337dbfded', '{}'),
	('6995171c-028d-4581-b8ba-466b74e77371', 'checklist-fill-photos', '633db554-b037-4e40-8c4f-575337dbfded/84bc67c9-adb9-495e-8108-2e883b8b11c4/97c409e5-ee1e-45ba-8942-ef6d0a9b6d3d.jpg', '904a0dd8-09de-44c0-b4c9-053ef0fabb37', '2026-04-29 19:31:05.247779+00', '2026-04-29 19:31:05.247779+00', '2026-04-29 19:31:05.247779+00', '{"eTag": "\"95b03aa8c94e2557f6ed86e4bb330ea1\"", "size": 596461, "mimetype": "image/jpeg", "cacheControl": "max-age=3600", "lastModified": "2026-04-29T19:31:06.000Z", "contentLength": 596461, "httpStatusCode": 200}', '7710ddca-d48b-4fa5-92fe-813e73a8ee46', '904a0dd8-09de-44c0-b4c9-053ef0fabb37', '{}'),
	('666bbc15-0336-4338-a660-4b082e9fb39a', 'checklist-dossier-pdfs', '633db554-b037-4e40-8c4f-575337dbfded/79821a47-fd13-4de9-a9d1-4bf23648042a/3022db22-4e5c-4d0c-9fdf-b0cb74adc084.pdf', '633db554-b037-4e40-8c4f-575337dbfded', '2026-04-23 19:19:10.204278+00', '2026-04-23 19:19:10.204278+00', '2026-04-23 19:19:10.204278+00', '{"eTag": "\"b223df2fdf3afee669265a803f01f0b0\"", "size": 5277, "mimetype": "application/pdf", "cacheControl": "max-age=3600", "lastModified": "2026-04-23T19:19:11.000Z", "contentLength": 5277, "httpStatusCode": 200}', 'e63ef81b-d4bc-4e65-bbe4-73e6c11e5fbb', '633db554-b037-4e40-8c4f-575337dbfded', '{}'),
	('efeb7dba-7ddf-4bf1-9ac0-b790ce1ed2b3', 'checklist-fill-photos', '633db554-b037-4e40-8c4f-575337dbfded/66b495bc-4311-4809-90c6-a8b149f70302/eaea06b1-1928-42e6-8a39-6e64aa3f2eeb.jpg', 'd2c0ae27-29b6-49fd-ba6b-0d3362ac6444', '2026-04-27 13:07:44.028811+00', '2026-04-27 13:07:44.028811+00', '2026-04-27 13:07:44.028811+00', '{"eTag": "\"3935bb3ef6cd4d1d0acdf42effc3d848\"", "size": 60506, "mimetype": "image/jpeg", "cacheControl": "max-age=3600", "lastModified": "2026-04-27T13:07:44.000Z", "contentLength": 60506, "httpStatusCode": 200}', '46ca8e39-1f8c-4f87-9afa-f10bbece5de0', 'd2c0ae27-29b6-49fd-ba6b-0d3362ac6444', '{}'),
	('ba5fd2ab-bec0-43ef-9c55-8e5df0fa2cd4', 'checklist-dossier-pdfs', '633db554-b037-4e40-8c4f-575337dbfded/6ac2d5ee-31a6-4b61-9d4f-439ca9102a7f/35042279-7dcb-49e6-bf9a-b3fe8aa623ed.pdf', '633db554-b037-4e40-8c4f-575337dbfded', '2026-04-23 19:49:37.199751+00', '2026-04-23 19:49:37.199751+00', '2026-04-23 19:49:37.199751+00', '{"eTag": "\"06ad9cecaec80278b82c91aceb156e13\"", "size": 4655, "mimetype": "application/pdf", "cacheControl": "max-age=3600", "lastModified": "2026-04-23T19:49:38.000Z", "contentLength": 4655, "httpStatusCode": 200}', '42c215b3-b75b-4bdb-9885-e0c99d673ac3', '633db554-b037-4e40-8c4f-575337dbfded', '{}'),
	('7c01bff8-ddee-4d00-a260-67252811e968', 'checklist-dossier-pdfs', '633db554-b037-4e40-8c4f-575337dbfded/3e1aeda0-0d7a-4137-9512-a54a91d53536/d769372e-8060-4b4b-8193-39631e961767.pdf', '05487a66-8616-4a69-b20f-363fde46bf5b', '2026-04-23 19:52:56.996186+00', '2026-04-23 19:52:56.996186+00', '2026-04-23 19:52:56.996186+00', '{"eTag": "\"59b564563b73b71cae050e5d90252035\"", "size": 842586, "mimetype": "application/pdf", "cacheControl": "max-age=3600", "lastModified": "2026-04-23T19:52:57.000Z", "contentLength": 842586, "httpStatusCode": 200}', '4b8ee4a7-c4db-4f4d-a900-e69d13a74bb2', '05487a66-8616-4a69-b20f-363fde46bf5b', '{}'),
	('fb3e928f-25ab-4c04-a143-d265d4d5d63a', 'checklist-fill-photos', '633db554-b037-4e40-8c4f-575337dbfded/66b495bc-4311-4809-90c6-a8b149f70302/887247bc-3358-45ea-a3ae-487588cb0b68.jpg', 'd2c0ae27-29b6-49fd-ba6b-0d3362ac6444', '2026-04-27 13:15:39.170496+00', '2026-04-27 13:15:39.170496+00', '2026-04-27 13:15:39.170496+00', '{"eTag": "\"060ff08be3cb69df78206a4e472be661\"", "size": 175937, "mimetype": "image/jpeg", "cacheControl": "max-age=3600", "lastModified": "2026-04-27T13:15:40.000Z", "contentLength": 175937, "httpStatusCode": 200}', '2e95006c-83c5-4c5a-b7c2-de487696f89e', 'd2c0ae27-29b6-49fd-ba6b-0d3362ac6444', '{}'),
	('18a4fcfd-c81d-4360-8d10-c9d891f955fd', 'checklist-dossier-pdfs', '633db554-b037-4e40-8c4f-575337dbfded/3e1aeda0-0d7a-4137-9512-a54a91d53536/86449b36-dc72-4196-8b48-40ef5a45ae3c.pdf', '05487a66-8616-4a69-b20f-363fde46bf5b', '2026-04-23 22:01:14.661129+00', '2026-04-23 22:01:14.661129+00', '2026-04-23 22:01:14.661129+00', '{"eTag": "\"f1457dd611e17e1ee1455db4a81d2fb7\"", "size": 842587, "mimetype": "application/pdf", "cacheControl": "max-age=3600", "lastModified": "2026-04-23T22:01:15.000Z", "contentLength": 842587, "httpStatusCode": 200}', '12c4ec4a-760b-4dba-b2bf-df68f2a956f5', '05487a66-8616-4a69-b20f-363fde46bf5b', '{}'),
	('acad8e40-10b5-4ff4-b0c6-1bf97c44878e', 'checklist-dossier-pdfs', '633db554-b037-4e40-8c4f-575337dbfded/93ef12b4-7531-4114-a4f3-aaa555d42a52/d1c0f2c5-d3b2-4723-94ce-c0d0f617d21a.pdf', '05487a66-8616-4a69-b20f-363fde46bf5b', '2026-04-23 23:40:01.399467+00', '2026-04-23 23:40:01.399467+00', '2026-04-23 23:40:01.399467+00', '{"eTag": "\"c59b26ae3d167163dc5310c6822bcae3-2\"", "size": 6500498, "mimetype": "application/pdf", "cacheControl": "max-age=3600", "lastModified": "2026-04-23T23:40:01.000Z", "contentLength": 6500498, "httpStatusCode": 200}', '45ddcab5-404e-420d-8959-bc7e645171f4', '05487a66-8616-4a69-b20f-363fde46bf5b', '{}'),
	('1fceb366-ffa9-4b04-8418-fe72e6f3d60c', 'checklist-fill-photos', '633db554-b037-4e40-8c4f-575337dbfded/84bc67c9-adb9-495e-8108-2e883b8b11c4/b127bfdc-1508-4cc7-8528-cfa0a7725329.jpg', '904a0dd8-09de-44c0-b4c9-053ef0fabb37', '2026-04-29 19:32:19.188915+00', '2026-04-29 19:32:19.188915+00', '2026-04-29 19:32:19.188915+00', '{"eTag": "\"dd43eca41aea941f19d521b2b0d3de54\"", "size": 552081, "mimetype": "image/jpeg", "cacheControl": "max-age=3600", "lastModified": "2026-04-29T19:32:20.000Z", "contentLength": 552081, "httpStatusCode": 200}', '9b7a90d4-1dda-423e-87a9-007b08d9b7c9', '904a0dd8-09de-44c0-b4c9-053ef0fabb37', '{}'),
	('b28cfa9c-f76d-42bb-8f13-dd094e905547', 'checklist-fill-photos', '633db554-b037-4e40-8c4f-575337dbfded/6f10303a-6ca7-4a24-9037-c0d68d6bc3a9/adbde862-9f24-4293-b562-2ca17a724259.jpg', '05487a66-8616-4a69-b20f-363fde46bf5b', '2026-04-24 01:00:54.89816+00', '2026-04-24 01:00:54.89816+00', '2026-04-24 01:00:54.89816+00', '{"eTag": "\"8ef84e3de20bd8e83b9ebcda0dcd19af\"", "size": 588599, "mimetype": "image/jpeg", "cacheControl": "max-age=3600", "lastModified": "2026-04-24T01:00:55.000Z", "contentLength": 588599, "httpStatusCode": 200}', '584fa0d2-4577-491f-b1a2-486696e5ab37', '05487a66-8616-4a69-b20f-363fde46bf5b', '{}'),
	('3c7ed17d-4a90-4d5e-a77a-fccef24d0024', 'checklist-dossier-pdfs', '633db554-b037-4e40-8c4f-575337dbfded/66b495bc-4311-4809-90c6-a8b149f70302/1d62f452-b80e-47ae-b00a-d8b96c9b9bf6.pdf', 'd2c0ae27-29b6-49fd-ba6b-0d3362ac6444', '2026-04-27 13:23:10.007139+00', '2026-04-27 13:23:10.007139+00', '2026-04-27 13:23:10.007139+00', '{"eTag": "\"70ad890576cbe41cb0f87f047d4e2135\"", "size": 295154, "mimetype": "application/pdf", "cacheControl": "max-age=3600", "lastModified": "2026-04-27T13:23:10.000Z", "contentLength": 295154, "httpStatusCode": 200}', 'a29ba1eb-53ed-4bd2-a3ed-ac4a0f14c346', 'd2c0ae27-29b6-49fd-ba6b-0d3362ac6444', '{}'),
	('57f4986a-1292-4396-b1b8-005e48399583', 'checklist-fill-photos', '633db554-b037-4e40-8c4f-575337dbfded/6f10303a-6ca7-4a24-9037-c0d68d6bc3a9/f9891dc7-09c8-4fcd-b2f1-a9b0c2515d5d.jpg', '05487a66-8616-4a69-b20f-363fde46bf5b', '2026-04-24 01:01:50.889639+00', '2026-04-24 01:01:50.889639+00', '2026-04-24 01:01:50.889639+00', '{"eTag": "\"21170c5ea06b8181e4a9f08204231d15\"", "size": 235505, "mimetype": "image/jpeg", "cacheControl": "max-age=3600", "lastModified": "2026-04-24T01:01:51.000Z", "contentLength": 235505, "httpStatusCode": 200}', 'fa3447f4-081e-4487-8fe0-dad0ad607ba7', '05487a66-8616-4a69-b20f-363fde46bf5b', '{}'),
	('88cef81e-96a2-4bfc-bd03-331d4aa67000', 'checklist-fill-photos', '633db554-b037-4e40-8c4f-575337dbfded/825f68f4-5a51-4861-b1f2-cf46fe8ac852/8e5bd70c-7f20-4506-9cb9-2ad8402245be.jpg', '0ac5a0c3-00ba-4fa6-bacd-fc7f653e101f', '2026-04-24 15:07:06.57805+00', '2026-04-24 15:07:06.57805+00', '2026-04-24 15:07:06.57805+00', '{"eTag": "\"81759dd4e472b792d915eb8c8a3aec5b\"", "size": 577077, "mimetype": "image/jpeg", "cacheControl": "max-age=3600", "lastModified": "2026-04-24T15:07:07.000Z", "contentLength": 577077, "httpStatusCode": 200}', '547b8fbb-e449-45e5-a93a-c65b041ba34b', '0ac5a0c3-00ba-4fa6-bacd-fc7f653e101f', '{}'),
	('4442aa78-74a9-4dcf-b67a-fb9e69022dab', 'checklist-fill-photos', '633db554-b037-4e40-8c4f-575337dbfded/1274ff95-df92-4d35-b794-0b851b6a099b/63bc0a38-e3a8-4be7-9380-a7ed2a75e4e6.jpg', '6b78b890-8def-4de8-895f-af18a9b4a0d1', '2026-04-28 19:49:57.472494+00', '2026-04-28 19:49:57.472494+00', '2026-04-28 19:49:57.472494+00', '{"eTag": "\"3acfcd3b2bf50c16d54bde3068feed2a\"", "size": 179431, "mimetype": "image/jpeg", "cacheControl": "max-age=3600", "lastModified": "2026-04-28T19:49:58.000Z", "contentLength": 179431, "httpStatusCode": 200}', '6660ed69-a84e-475d-a2a2-ba21acda862d', '6b78b890-8def-4de8-895f-af18a9b4a0d1', '{}'),
	('3c6f0a37-696f-4483-8d05-4f1b4c791a22', 'checklist-fill-photos', '633db554-b037-4e40-8c4f-575337dbfded/825f68f4-5a51-4861-b1f2-cf46fe8ac852/0521d476-41d9-4939-afa0-0f61094e0915.jpg', '0ac5a0c3-00ba-4fa6-bacd-fc7f653e101f', '2026-04-24 15:10:35.582175+00', '2026-04-24 15:10:35.582175+00', '2026-04-24 15:10:35.582175+00', '{"eTag": "\"ec67fdc9a5bf26a42d08fb6e4804f585\"", "size": 774739, "mimetype": "image/jpeg", "cacheControl": "max-age=3600", "lastModified": "2026-04-24T15:10:36.000Z", "contentLength": 774739, "httpStatusCode": 200}', 'ef5fb101-0bc2-42b7-ac0e-142a4d364163', '0ac5a0c3-00ba-4fa6-bacd-fc7f653e101f', '{}'),
	('c51f1450-c6d3-4d9c-ad71-a47db8ce5d34', 'checklist-fill-photos', '633db554-b037-4e40-8c4f-575337dbfded/1274ff95-df92-4d35-b794-0b851b6a099b/09afd163-636c-405a-a702-c856bc09aef4.jpg', '6b78b890-8def-4de8-895f-af18a9b4a0d1', '2026-04-28 20:00:57.773269+00', '2026-04-28 20:00:57.773269+00', '2026-04-28 20:00:57.773269+00', '{"eTag": "\"07ad046356bc86f7349cab84070c8c36\"", "size": 231806, "mimetype": "image/jpeg", "cacheControl": "max-age=3600", "lastModified": "2026-04-28T20:00:58.000Z", "contentLength": 231806, "httpStatusCode": 200}', 'b18dc992-59c6-4c02-8cec-d1eee37f5f12', '6b78b890-8def-4de8-895f-af18a9b4a0d1', '{}'),
	('55c7bb3d-c6e6-439e-9c77-79c62cb6df7c', 'checklist-fill-photos', '633db554-b037-4e40-8c4f-575337dbfded/825f68f4-5a51-4861-b1f2-cf46fe8ac852/96f60c87-393e-47c2-99d8-9a3d0eddf803.jpg', '0ac5a0c3-00ba-4fa6-bacd-fc7f653e101f', '2026-04-24 15:11:26.068793+00', '2026-04-24 15:11:26.068793+00', '2026-04-24 15:11:26.068793+00', '{"eTag": "\"fa40b52bc0d909b62c0b4bbc15cebcf9\"", "size": 816425, "mimetype": "image/jpeg", "cacheControl": "max-age=3600", "lastModified": "2026-04-24T15:11:26.000Z", "contentLength": 816425, "httpStatusCode": 200}', '664074b8-3383-46f4-963d-6350d659e5b9', '0ac5a0c3-00ba-4fa6-bacd-fc7f653e101f', '{}'),
	('cc9936fa-9118-48a8-9f6a-9da622c89070', 'checklist-fill-photos', '633db554-b037-4e40-8c4f-575337dbfded/825f68f4-5a51-4861-b1f2-cf46fe8ac852/803ba80d-39f4-4e4e-922a-f3d6238ae711.jpg', '0ac5a0c3-00ba-4fa6-bacd-fc7f653e101f', '2026-04-24 15:11:57.870534+00', '2026-04-24 15:11:57.870534+00', '2026-04-24 15:11:57.870534+00', '{"eTag": "\"9287fb6b42fb647e974bbff891181ae4\"", "size": 642907, "mimetype": "image/jpeg", "cacheControl": "max-age=3600", "lastModified": "2026-04-24T15:11:58.000Z", "contentLength": 642907, "httpStatusCode": 200}', '08d3a4f8-eb07-4089-a8c3-9180927ec5d0', '0ac5a0c3-00ba-4fa6-bacd-fc7f653e101f', '{}'),
	('0bb952bb-d31b-48a9-9709-02e68d2a4166', 'checklist-fill-photos', '633db554-b037-4e40-8c4f-575337dbfded/825f68f4-5a51-4861-b1f2-cf46fe8ac852/a197a411-1841-4f93-902d-3f6bcc8c519d.jpg', '0ac5a0c3-00ba-4fa6-bacd-fc7f653e101f', '2026-04-24 15:13:39.868469+00', '2026-04-24 15:13:39.868469+00', '2026-04-24 15:13:39.868469+00', '{"eTag": "\"852c9dbc9479ecec7e56d235c73e2e38\"", "size": 649317, "mimetype": "image/jpeg", "cacheControl": "max-age=3600", "lastModified": "2026-04-24T15:13:40.000Z", "contentLength": 649317, "httpStatusCode": 200}', 'a50199d0-15c7-4809-a303-8d62ee5cd22e', '0ac5a0c3-00ba-4fa6-bacd-fc7f653e101f', '{}'),
	('0a3a7aef-fd0b-436c-9b6d-d0d053016e83', 'checklist-dossier-pdfs', '633db554-b037-4e40-8c4f-575337dbfded/825f68f4-5a51-4861-b1f2-cf46fe8ac852/30549d37-772f-48b8-a27a-877965a77266.pdf', '0ac5a0c3-00ba-4fa6-bacd-fc7f653e101f', '2026-04-28 12:21:27.93312+00', '2026-04-28 12:21:27.93312+00', '2026-04-28 12:21:27.93312+00', '{"eTag": "\"3cdab5d951c5bdd70e49de32071ddd53-2\"", "size": 6286880, "mimetype": "application/pdf", "cacheControl": "max-age=3600", "lastModified": "2026-04-28T12:21:28.000Z", "contentLength": 6286880, "httpStatusCode": 200}', '4e118c78-00fd-4df1-b5eb-da99be785b5e', '0ac5a0c3-00ba-4fa6-bacd-fc7f653e101f', '{}'),
	('95f9559e-0172-4839-9ad8-13dd498d216c', 'checklist-fill-photos', '633db554-b037-4e40-8c4f-575337dbfded/825f68f4-5a51-4861-b1f2-cf46fe8ac852/10453594-666e-47d6-bf75-91531df3b643.jpg', '0ac5a0c3-00ba-4fa6-bacd-fc7f653e101f', '2026-04-24 15:15:56.912309+00', '2026-04-24 15:15:56.912309+00', '2026-04-24 15:15:56.912309+00', '{"eTag": "\"d8ac0d57a80ea1d40b62e4009a809ea7\"", "size": 762562, "mimetype": "image/jpeg", "cacheControl": "max-age=3600", "lastModified": "2026-04-24T15:15:57.000Z", "contentLength": 762562, "httpStatusCode": 200}', '93e110f4-6a59-4b78-b963-e18221602756', '0ac5a0c3-00ba-4fa6-bacd-fc7f653e101f', '{}'),
	('882f59d3-5def-4713-945c-98ae1e55388a', 'checklist-fill-photos', '633db554-b037-4e40-8c4f-575337dbfded/1274ff95-df92-4d35-b794-0b851b6a099b/84be2f20-872c-4c6d-8ea4-4923f572b4a5.jpg', '6b78b890-8def-4de8-895f-af18a9b4a0d1', '2026-04-28 19:55:17.864808+00', '2026-04-28 19:55:17.864808+00', '2026-04-28 19:55:17.864808+00', '{"eTag": "\"9cb7db15d6a38a93ee4250c3c438fe61\"", "size": 200603, "mimetype": "image/jpeg", "cacheControl": "max-age=3600", "lastModified": "2026-04-28T19:55:18.000Z", "contentLength": 200603, "httpStatusCode": 200}', '31c3a935-dbe0-4e2c-90aa-32c39b5d62de', '6b78b890-8def-4de8-895f-af18a9b4a0d1', '{}'),
	('4471d1f5-3a10-48a9-88c6-0d220bd9574e', 'checklist-fill-photos', '633db554-b037-4e40-8c4f-575337dbfded/825f68f4-5a51-4861-b1f2-cf46fe8ac852/d15ba315-132a-48ea-add6-611fa4271d0b.jpg', '0ac5a0c3-00ba-4fa6-bacd-fc7f653e101f', '2026-04-24 15:16:38.716636+00', '2026-04-24 15:16:38.716636+00', '2026-04-24 15:16:38.716636+00', '{"eTag": "\"852c9dbc9479ecec7e56d235c73e2e38\"", "size": 649317, "mimetype": "image/jpeg", "cacheControl": "max-age=3600", "lastModified": "2026-04-24T15:16:39.000Z", "contentLength": 649317, "httpStatusCode": 200}', '0e17b20a-61e4-4517-bf57-3d5d0ed34316', '0ac5a0c3-00ba-4fa6-bacd-fc7f653e101f', '{}'),
	('e5288db2-912e-452a-af38-544a1e872978', 'checklist-fill-photos', '633db554-b037-4e40-8c4f-575337dbfded/84bc67c9-adb9-495e-8108-2e883b8b11c4/f7d21470-910a-43e3-a960-e8bae1746b7d.jpg', '904a0dd8-09de-44c0-b4c9-053ef0fabb37', '2026-04-29 19:38:36.597016+00', '2026-04-29 19:38:36.597016+00', '2026-04-29 19:38:36.597016+00', '{"eTag": "\"1558cdfa32e79d1785eefce1b9d10647\"", "size": 771718, "mimetype": "image/jpeg", "cacheControl": "max-age=3600", "lastModified": "2026-04-29T19:38:37.000Z", "contentLength": 771718, "httpStatusCode": 200}', 'c8b05792-6939-4a49-97b1-6db9e5538163', '904a0dd8-09de-44c0-b4c9-053ef0fabb37', '{}'),
	('0dc075b2-6aef-41b2-893c-c5c5782dc0f0', 'checklist-fill-photos', '633db554-b037-4e40-8c4f-575337dbfded/825f68f4-5a51-4861-b1f2-cf46fe8ac852/984c0244-1397-47f4-a389-167293c33125.jpg', '0ac5a0c3-00ba-4fa6-bacd-fc7f653e101f', '2026-04-24 15:18:03.712489+00', '2026-04-24 15:18:03.712489+00', '2026-04-24 15:18:03.712489+00', '{"eTag": "\"66fdc2bd7d11754ef4b8e492a3fdb89f\"", "size": 507804, "mimetype": "image/jpeg", "cacheControl": "max-age=3600", "lastModified": "2026-04-24T15:18:04.000Z", "contentLength": 507804, "httpStatusCode": 200}', 'ce4bd226-4508-46c4-83f9-0f558467600c', '0ac5a0c3-00ba-4fa6-bacd-fc7f653e101f', '{}'),
	('a81d85b4-c25f-4329-a1f5-acba98aeb855', 'checklist-fill-photos', '633db554-b037-4e40-8c4f-575337dbfded/1274ff95-df92-4d35-b794-0b851b6a099b/d6d023aa-38b2-46a4-8df8-0241b945fa13.jpg', '6b78b890-8def-4de8-895f-af18a9b4a0d1', '2026-04-28 19:55:45.107547+00', '2026-04-28 19:55:45.107547+00', '2026-04-28 19:55:45.107547+00', '{"eTag": "\"9c0e32f7bce52f9789ed8e2c9392475d\"", "size": 189534, "mimetype": "image/jpeg", "cacheControl": "max-age=3600", "lastModified": "2026-04-28T19:55:46.000Z", "contentLength": 189534, "httpStatusCode": 200}', '36db8055-555f-4086-9a9d-dbc924887621', '6b78b890-8def-4de8-895f-af18a9b4a0d1', '{}'),
	('b0e47d6c-9cf6-4230-8547-a1f119b20845', 'checklist-fill-photos', '633db554-b037-4e40-8c4f-575337dbfded/825f68f4-5a51-4861-b1f2-cf46fe8ac852/c0ec6076-070a-4461-b189-08e1682ab08a.jpg', '0ac5a0c3-00ba-4fa6-bacd-fc7f653e101f', '2026-04-24 15:19:12.303734+00', '2026-04-24 15:19:12.303734+00', '2026-04-24 15:19:12.303734+00', '{"eTag": "\"337cb54409250ac44ea20fdb8c532372\"", "size": 729876, "mimetype": "image/jpeg", "cacheControl": "max-age=3600", "lastModified": "2026-04-24T15:19:13.000Z", "contentLength": 729876, "httpStatusCode": 200}', '6bf1cf99-b0bf-400c-aee2-5141c8c03c8b', '0ac5a0c3-00ba-4fa6-bacd-fc7f653e101f', '{}'),
	('7e7dba9c-ab49-4b1e-b74f-03c94801c37e', 'checklist-dossier-pdfs', '633db554-b037-4e40-8c4f-575337dbfded/825f68f4-5a51-4861-b1f2-cf46fe8ac852/16452aa0-37bb-440c-a76d-ad78fcf9704b.pdf', '0ac5a0c3-00ba-4fa6-bacd-fc7f653e101f', '2026-04-24 15:28:12.394493+00', '2026-04-24 15:28:12.394493+00', '2026-04-24 15:28:12.394493+00', '{"eTag": "\"836951a1f384a72788f3fc262d921696-2\"", "size": 6118869, "mimetype": "application/pdf", "cacheControl": "max-age=3600", "lastModified": "2026-04-24T15:28:13.000Z", "contentLength": 6118869, "httpStatusCode": 200}', '63a1af87-ad84-45f6-a327-639ad0d84d53', '0ac5a0c3-00ba-4fa6-bacd-fc7f653e101f', '{}'),
	('c06f9c5e-4fc4-4039-9900-b49267828eb6', 'checklist-dossier-pdfs', '633db554-b037-4e40-8c4f-575337dbfded/c662d9fe-ee16-4e21-9b83-3ec499f50ca2/b60b6c0a-58b1-430e-aaf0-e56343f84191.pdf', '633db554-b037-4e40-8c4f-575337dbfded', '2026-04-24 16:43:48.711696+00', '2026-04-24 16:43:48.711696+00', '2026-04-24 16:43:48.711696+00', '{"eTag": "\"eb076ab773ef72502dc8deb0df0062ac\"", "size": 4919, "mimetype": "application/pdf", "cacheControl": "max-age=3600", "lastModified": "2026-04-24T16:43:49.000Z", "contentLength": 4919, "httpStatusCode": 200}', 'eb8d9c13-9534-4475-8376-aa20879c392b', '633db554-b037-4e40-8c4f-575337dbfded', '{}'),
	('a7bdcb73-0563-4d88-9883-6265d517f816', 'checklist-fill-photos', '633db554-b037-4e40-8c4f-575337dbfded/84bc67c9-adb9-495e-8108-2e883b8b11c4/61792959-f97d-4c95-b062-e9017f3afbb4.jpg', '904a0dd8-09de-44c0-b4c9-053ef0fabb37', '2026-04-29 19:38:54.203011+00', '2026-04-29 19:38:54.203011+00', '2026-04-29 19:38:54.203011+00', '{"eTag": "\"ac394da804913c16c4418d3a2f255e97\"", "size": 870420, "mimetype": "image/jpeg", "cacheControl": "max-age=3600", "lastModified": "2026-04-29T19:38:55.000Z", "contentLength": 870420, "httpStatusCode": 200}', 'd8d9fa81-6acd-47c6-b447-cb7260e5a57f', '904a0dd8-09de-44c0-b4c9-053ef0fabb37', '{}'),
	('8ffadd13-0c78-407a-bed1-d804c37c9996', 'checklist-dossier-pdfs', '633db554-b037-4e40-8c4f-575337dbfded/bd32c131-09ae-4c79-97fd-69dd8dcf3806/d5b2d396-8887-4a9b-a58f-d30ac2081f89.pdf', '633db554-b037-4e40-8c4f-575337dbfded', '2026-04-24 16:58:27.509423+00', '2026-04-24 16:58:27.509423+00', '2026-04-24 16:58:27.509423+00', '{"eTag": "\"60be32aa34187d72eb11f891b73d3585\"", "size": 4745, "mimetype": "application/pdf", "cacheControl": "max-age=3600", "lastModified": "2026-04-24T16:58:28.000Z", "contentLength": 4745, "httpStatusCode": 200}', '890e4845-d38d-40a3-9d97-eab13f6d9b5e', '633db554-b037-4e40-8c4f-575337dbfded', '{}'),
	('f32285fb-05e0-4bb4-988a-d0b0a779fd5c', 'checklist-fill-photos', '633db554-b037-4e40-8c4f-575337dbfded/1274ff95-df92-4d35-b794-0b851b6a099b/dcdef899-fbd7-42e0-8e7b-e7fc45939a18.jpg', '6b78b890-8def-4de8-895f-af18a9b4a0d1', '2026-04-28 19:22:47.144156+00', '2026-04-28 19:22:47.144156+00', '2026-04-28 19:22:47.144156+00', '{"eTag": "\"3cb88b5eb67ce0c7ab0e46493d86333e\"", "size": 250057, "mimetype": "image/jpeg", "cacheControl": "max-age=3600", "lastModified": "2026-04-28T19:22:48.000Z", "contentLength": 250057, "httpStatusCode": 200}', '8e33fcca-2955-45dc-a0c6-d5a03bed8f1b', '6b78b890-8def-4de8-895f-af18a9b4a0d1', '{}'),
	('73fc118a-5374-4f64-9478-48189f41bfde', 'checklist-dossier-pdfs', '633db554-b037-4e40-8c4f-575337dbfded/bd32c131-09ae-4c79-97fd-69dd8dcf3806/22bd1eba-9e3c-48ce-958c-abbc83a536da.pdf', '633db554-b037-4e40-8c4f-575337dbfded', '2026-04-24 17:56:59.782053+00', '2026-04-24 17:56:59.782053+00', '2026-04-24 17:56:59.782053+00', '{"eTag": "\"a6079a7827871eb6365ed87e048fff49\"", "size": 277380, "mimetype": "application/pdf", "cacheControl": "max-age=3600", "lastModified": "2026-04-24T17:57:00.000Z", "contentLength": 277380, "httpStatusCode": 200}', '31f8a5a2-bc59-48b0-95de-f3e46e66cf9f', '633db554-b037-4e40-8c4f-575337dbfded', '{}'),
	('fb598a68-7a5b-4593-82a9-902a42adacc6', 'checklist-fill-photos', '633db554-b037-4e40-8c4f-575337dbfded/e5819bf1-8a4e-4d7c-8b36-cc550bc6fedc/1f618413-c5dd-477c-84e3-f410d4341fd6.jpg', '0ac5a0c3-00ba-4fa6-bacd-fc7f653e101f', '2026-05-04 13:44:14.976917+00', '2026-05-04 13:44:14.976917+00', '2026-05-04 13:44:14.976917+00', '{"eTag": "\"f14d20ba2874eae2cab124bfb81487f9\"", "size": 612140, "mimetype": "image/jpeg", "cacheControl": "max-age=3600", "lastModified": "2026-05-04T13:44:15.000Z", "contentLength": 612140, "httpStatusCode": 200}', '1d20ce6c-72f2-45f8-bb43-e63702491d63', '0ac5a0c3-00ba-4fa6-bacd-fc7f653e101f', '{}'),
	('fbe10a90-64e3-42d1-ba77-fe334e84dc10', 'checklist-fill-photos', '633db554-b037-4e40-8c4f-575337dbfded/1274ff95-df92-4d35-b794-0b851b6a099b/be913e51-2f5e-4daa-91c8-a298203c5678.jpg', '6b78b890-8def-4de8-895f-af18a9b4a0d1', '2026-04-28 19:23:11.954496+00', '2026-04-28 19:23:11.954496+00', '2026-04-28 19:23:11.954496+00', '{"eTag": "\"aa6b94dca4d674f70d4f92dfb10f3c38\"", "size": 230381, "mimetype": "image/jpeg", "cacheControl": "max-age=3600", "lastModified": "2026-04-28T19:23:12.000Z", "contentLength": 230381, "httpStatusCode": 200}', 'dd5c5010-def6-4a72-8dce-76674d98ac25', '6b78b890-8def-4de8-895f-af18a9b4a0d1', '{}'),
	('7a591192-330e-4f9a-8ef9-90ca99c9f6cd', 'checklist-dossier-pdfs', '633db554-b037-4e40-8c4f-575337dbfded/bd32c131-09ae-4c79-97fd-69dd8dcf3806/5d5a83d6-24b5-42b7-8ac5-4c26c24cff10.pdf', '633db554-b037-4e40-8c4f-575337dbfded', '2026-04-25 01:24:17.596762+00', '2026-04-25 01:24:17.596762+00', '2026-04-25 01:24:17.596762+00', '{"eTag": "\"7e4fe301764dbea75fea7c6d62f63c79\"", "size": 170850, "mimetype": "application/pdf", "cacheControl": "max-age=3600", "lastModified": "2026-04-25T01:24:18.000Z", "contentLength": 170850, "httpStatusCode": 200}', '6aaa61b4-5862-4e87-8bdc-e2b54733e7c9', '633db554-b037-4e40-8c4f-575337dbfded', '{}'),
	('60775e76-787e-4812-a319-292e96076edc', 'checklist-fill-photos', '633db554-b037-4e40-8c4f-575337dbfded/84bc67c9-adb9-495e-8108-2e883b8b11c4/61ad7ad5-7873-4dc0-9b6f-0e0b3e32beff.jpg', '904a0dd8-09de-44c0-b4c9-053ef0fabb37', '2026-04-29 19:39:11.420675+00', '2026-04-29 19:39:11.420675+00', '2026-04-29 19:39:11.420675+00', '{"eTag": "\"a75e855480e51f5d486cf8dcaa5f09c6\"", "size": 845530, "mimetype": "image/jpeg", "cacheControl": "max-age=3600", "lastModified": "2026-04-29T19:39:12.000Z", "contentLength": 845530, "httpStatusCode": 200}', 'c8c42580-08b7-4cbd-b1ac-32354ec8a8f6', '904a0dd8-09de-44c0-b4c9-053ef0fabb37', '{}'),
	('03292ae8-111e-4dfc-b060-dc0c34b9af32', 'checklist-fill-photos', '633db554-b037-4e40-8c4f-575337dbfded/1274ff95-df92-4d35-b794-0b851b6a099b/b694a164-9853-4daa-8543-0cd48058d7c3.jpg', '6b78b890-8def-4de8-895f-af18a9b4a0d1', '2026-04-28 19:23:39.508741+00', '2026-04-28 19:23:39.508741+00', '2026-04-28 19:23:39.508741+00', '{"eTag": "\"c73b13372e34641c898e976374575cfe\"", "size": 195614, "mimetype": "image/jpeg", "cacheControl": "max-age=3600", "lastModified": "2026-04-28T19:23:40.000Z", "contentLength": 195614, "httpStatusCode": 200}', '43f18428-a763-424e-907c-98819d5c845a', '6b78b890-8def-4de8-895f-af18a9b4a0d1', '{}'),
	('1b45e241-7108-411b-870e-d955b4853158', 'checklist-fill-photos', '633db554-b037-4e40-8c4f-575337dbfded/1274ff95-df92-4d35-b794-0b851b6a099b/2378a618-788f-444e-94f7-b54344df906b.jpg', '6b78b890-8def-4de8-895f-af18a9b4a0d1', '2026-04-28 20:01:41.051139+00', '2026-04-28 20:01:41.051139+00', '2026-04-28 20:01:41.051139+00', '{"eTag": "\"f09e87ea44fa957f05b5b6837e732b21\"", "size": 259175, "mimetype": "image/jpeg", "cacheControl": "max-age=3600", "lastModified": "2026-04-28T20:01:41.000Z", "contentLength": 259175, "httpStatusCode": 200}', 'b1072b5b-a479-4878-84d1-81b12a7a3fca', '6b78b890-8def-4de8-895f-af18a9b4a0d1', '{}'),
	('cc2a565d-36c5-4c60-9758-0bbb5ef6a137', 'checklist-fill-photos', '633db554-b037-4e40-8c4f-575337dbfded/1274ff95-df92-4d35-b794-0b851b6a099b/0e92d296-36b6-4a9a-90bf-0a4d94f67a32.jpg', '6b78b890-8def-4de8-895f-af18a9b4a0d1', '2026-04-28 20:01:58.647462+00', '2026-04-28 20:01:58.647462+00', '2026-04-28 20:01:58.647462+00', '{"eTag": "\"2f222f7d4762d3f5dab6c3c24480c9ec\"", "size": 228732, "mimetype": "image/jpeg", "cacheControl": "max-age=3600", "lastModified": "2026-04-28T20:01:59.000Z", "contentLength": 228732, "httpStatusCode": 200}', 'e3d27815-c360-4259-8a6a-2013c68b4b49', '6b78b890-8def-4de8-895f-af18a9b4a0d1', '{}'),
	('35d4bbb1-89e6-4b88-b2e9-22fc41f311fc', 'checklist-fill-photos', '633db554-b037-4e40-8c4f-575337dbfded/84bc67c9-adb9-495e-8108-2e883b8b11c4/5ac76361-d791-4246-8b5d-2e9fdcd59a24.jpg', '904a0dd8-09de-44c0-b4c9-053ef0fabb37', '2026-04-29 19:39:39.612175+00', '2026-04-29 19:39:39.612175+00', '2026-04-29 19:39:39.612175+00', '{"eTag": "\"b7a511c593d698a9f63526c75e9eec6e\"", "size": 503785, "mimetype": "image/jpeg", "cacheControl": "max-age=3600", "lastModified": "2026-04-29T19:39:40.000Z", "contentLength": 503785, "httpStatusCode": 200}', 'e56aae5a-3447-4bae-9e71-b5c012dff60c', '904a0dd8-09de-44c0-b4c9-053ef0fabb37', '{}'),
	('347d97cb-2788-4092-92b3-63d2b680b88c', 'checklist-fill-photos', '633db554-b037-4e40-8c4f-575337dbfded/e5819bf1-8a4e-4d7c-8b36-cc550bc6fedc/563c780c-e601-4ed2-9490-bb06433fb71b.jpg', '0ac5a0c3-00ba-4fa6-bacd-fc7f653e101f', '2026-05-04 13:45:03.91521+00', '2026-05-04 13:45:03.91521+00', '2026-05-04 13:45:03.91521+00', '{"eTag": "\"7a17bbc1a9681a5ffd283e37b109757d\"", "size": 909038, "mimetype": "image/jpeg", "cacheControl": "max-age=3600", "lastModified": "2026-05-04T13:45:04.000Z", "contentLength": 909038, "httpStatusCode": 200}', '87935c39-c261-409a-9470-61c0c501f054', '0ac5a0c3-00ba-4fa6-bacd-fc7f653e101f', '{}'),
	('72e793e9-7526-4ae3-b4b6-231635db06d8', 'checklist-fill-photos', '633db554-b037-4e40-8c4f-575337dbfded/84bc67c9-adb9-495e-8108-2e883b8b11c4/3719f2dc-259a-4cf9-9f01-52640aa52569.jpg', '904a0dd8-09de-44c0-b4c9-053ef0fabb37', '2026-04-29 19:59:35.877386+00', '2026-04-29 19:59:35.877386+00', '2026-04-29 19:59:35.877386+00', '{"eTag": "\"cfe2dbe310958f8002eb6d9148ae76ed\"", "size": 417931, "mimetype": "image/jpeg", "cacheControl": "max-age=3600", "lastModified": "2026-04-29T19:59:36.000Z", "contentLength": 417931, "httpStatusCode": 200}', 'dbaa2702-9a68-4bc9-a452-79ea9534ff0e', '904a0dd8-09de-44c0-b4c9-053ef0fabb37', '{}'),
	('60ea8fdf-7554-4f03-8a0d-0938e058ddcd', 'checklist-fill-photos', '633db554-b037-4e40-8c4f-575337dbfded/84bc67c9-adb9-495e-8108-2e883b8b11c4/4879c578-d076-4700-a051-572a3eae835b.jpg', '904a0dd8-09de-44c0-b4c9-053ef0fabb37', '2026-04-29 19:59:47.040189+00', '2026-04-29 19:59:47.040189+00', '2026-04-29 19:59:47.040189+00', '{"eTag": "\"be7821dfa8566021675ef98e426d6faa\"", "size": 466940, "mimetype": "image/jpeg", "cacheControl": "max-age=3600", "lastModified": "2026-04-29T19:59:47.000Z", "contentLength": 466940, "httpStatusCode": 200}', '57399df1-a773-40e8-86be-b7473c21f93e', '904a0dd8-09de-44c0-b4c9-053ef0fabb37', '{}'),
	('d9d04c8e-7266-4f7e-9576-876932e3abeb', 'checklist-fill-photos', '633db554-b037-4e40-8c4f-575337dbfded/e5819bf1-8a4e-4d7c-8b36-cc550bc6fedc/17356241-a9b9-4fc1-b7fe-6fd9ca8faabd.jpg', '0ac5a0c3-00ba-4fa6-bacd-fc7f653e101f', '2026-05-04 13:46:26.880545+00', '2026-05-04 13:46:26.880545+00', '2026-05-04 13:46:26.880545+00', '{"eTag": "\"89f5dec278662a6283b3d8939b774cfc\"", "size": 604675, "mimetype": "image/jpeg", "cacheControl": "max-age=3600", "lastModified": "2026-05-04T13:46:27.000Z", "contentLength": 604675, "httpStatusCode": 200}', 'ad6dbc1d-3e2d-4516-bc39-d07954bd8542', '0ac5a0c3-00ba-4fa6-bacd-fc7f653e101f', '{}'),
	('624bbf8a-c9a3-4617-9944-eb5c98ccbc81', 'checklist-fill-photos', '633db554-b037-4e40-8c4f-575337dbfded/e5819bf1-8a4e-4d7c-8b36-cc550bc6fedc/8289687b-0350-44ea-8cec-d1b2788e1bba.jpg', '0ac5a0c3-00ba-4fa6-bacd-fc7f653e101f', '2026-05-04 13:46:44.192054+00', '2026-05-04 13:46:44.192054+00', '2026-05-04 13:46:44.192054+00', '{"eTag": "\"7b27271177b465bafe0c507affa0facf\"", "size": 698385, "mimetype": "image/jpeg", "cacheControl": "max-age=3600", "lastModified": "2026-05-04T13:46:45.000Z", "contentLength": 698385, "httpStatusCode": 200}', '9b30d7a5-3613-475e-812c-878b222d470d', '0ac5a0c3-00ba-4fa6-bacd-fc7f653e101f', '{}'),
	('df1c45c7-2fdf-42ef-b271-8480352af39a', 'checklist-fill-photos', '633db554-b037-4e40-8c4f-575337dbfded/7374c257-0c0a-4833-8a61-74f7074e15f9/1847ebbb-a46d-4d07-a922-d4fa089efc64.jpg', '0ac5a0c3-00ba-4fa6-bacd-fc7f653e101f', '2026-04-29 20:28:38.906483+00', '2026-04-29 20:28:38.906483+00', '2026-04-29 20:28:38.906483+00', '{"eTag": "\"8e8b1ea9d846812c15db39482889ed5a\"", "size": 775464, "mimetype": "image/jpeg", "cacheControl": "max-age=3600", "lastModified": "2026-04-29T20:28:39.000Z", "contentLength": 775464, "httpStatusCode": 200}', 'a4e72a09-af84-4694-af35-1485623d4bc1', '0ac5a0c3-00ba-4fa6-bacd-fc7f653e101f', '{}'),
	('df80323c-7510-46c4-a882-83fd8027dc2c', 'checklist-fill-photos', '633db554-b037-4e40-8c4f-575337dbfded/1274ff95-df92-4d35-b794-0b851b6a099b/0468174c-9255-46d5-9b0d-11f968b4b5b5.jpg', '6b78b890-8def-4de8-895f-af18a9b4a0d1', '2026-04-28 20:04:22.787818+00', '2026-04-28 20:04:22.787818+00', '2026-04-28 20:04:22.787818+00', '{"eTag": "\"c8ac7e0b44e6426ff195d13a3bf1c7c7\"", "size": 185627, "mimetype": "image/jpeg", "cacheControl": "max-age=3600", "lastModified": "2026-04-28T20:04:23.000Z", "contentLength": 185627, "httpStatusCode": 200}', '336e55fb-00e8-40ba-8220-35495b0d127a', '6b78b890-8def-4de8-895f-af18a9b4a0d1', '{}'),
	('ffff4b33-9991-478b-aadd-0e4a9761edeb', 'checklist-dossier-pdfs', '633db554-b037-4e40-8c4f-575337dbfded/1274ff95-df92-4d35-b794-0b851b6a099b/02c57d86-61cb-4c76-b92f-5c5e140c5eb3.pdf', '6b78b890-8def-4de8-895f-af18a9b4a0d1', '2026-04-28 20:15:58.952446+00', '2026-04-28 20:15:58.952446+00', '2026-04-28 20:15:58.952446+00', '{"eTag": "\"a36085edc57e0a7792dd7febb92cf0d4\"", "size": 3152878, "mimetype": "application/pdf", "cacheControl": "max-age=3600", "lastModified": "2026-04-28T20:15:59.000Z", "contentLength": 3152878, "httpStatusCode": 200}', '182e097f-6a51-4def-b384-349487160e31', '6b78b890-8def-4de8-895f-af18a9b4a0d1', '{}'),
	('494b0268-c185-446d-b16f-773877682414', 'checklist-dossier-pdfs', '633db554-b037-4e40-8c4f-575337dbfded/3e1aeda0-0d7a-4137-9512-a54a91d53536/4ebd2dd2-f972-48eb-ae16-2fce20428cab.pdf', '05487a66-8616-4a69-b20f-363fde46bf5b', '2026-04-29 02:16:42.456496+00', '2026-04-29 02:16:42.456496+00', '2026-04-29 02:16:42.456496+00', '{"eTag": "\"fa8cd7c25e3b392d12f29f801f1ce6dd\"", "size": 599753, "mimetype": "application/pdf", "cacheControl": "max-age=3600", "lastModified": "2026-04-29T02:16:43.000Z", "contentLength": 599753, "httpStatusCode": 200}', 'ddafb3ac-e140-4641-9b5c-f4ddc8e359d4', '05487a66-8616-4a69-b20f-363fde46bf5b', '{}'),
	('f4b1f7e6-7c39-4832-bce7-e11736bb26eb', 'checklist-fill-photos', '633db554-b037-4e40-8c4f-575337dbfded/84bc67c9-adb9-495e-8108-2e883b8b11c4/9e0d4882-6998-41b5-bfef-5407d133eeea.jpg', '904a0dd8-09de-44c0-b4c9-053ef0fabb37', '2026-04-29 19:58:18.24467+00', '2026-04-29 19:58:18.24467+00', '2026-04-29 19:58:18.24467+00', '{"eTag": "\"4e2fa5ef01759d239749ed83992214a5\"", "size": 714277, "mimetype": "image/jpeg", "cacheControl": "max-age=3600", "lastModified": "2026-04-29T19:58:19.000Z", "contentLength": 714277, "httpStatusCode": 200}', '9fa2fb2c-aa81-43ed-8470-e49463c0203e', '904a0dd8-09de-44c0-b4c9-053ef0fabb37', '{}'),
	('b648de1f-1ea5-41d3-9b2a-01e4fc345857', 'checklist-fill-photos', '633db554-b037-4e40-8c4f-575337dbfded/4bb108ed-6365-48df-8620-f5dc447d308a/2a1011c4-0fbf-43d2-a617-2ceaa31434ec.jpg', '633db554-b037-4e40-8c4f-575337dbfded', '2026-04-29 12:26:14.650477+00', '2026-04-29 12:26:14.650477+00', '2026-04-29 12:26:14.650477+00', '{"eTag": "\"8cc4615bd47562fcfc254e9d332573a0\"", "size": 84899, "mimetype": "image/jpeg", "cacheControl": "max-age=3600", "lastModified": "2026-04-29T12:26:15.000Z", "contentLength": 84899, "httpStatusCode": 200}', '9bd30877-1356-47b8-9fa3-2e5b4aaba21a', '633db554-b037-4e40-8c4f-575337dbfded', '{}'),
	('9e3212e6-52d8-4000-878e-9e60c3271874', 'checklist-dossier-pdfs', '633db554-b037-4e40-8c4f-575337dbfded/4bb108ed-6365-48df-8620-f5dc447d308a/6d6a415c-3fa7-454f-9f8e-53d5948cf5c2.pdf', '633db554-b037-4e40-8c4f-575337dbfded', '2026-04-29 12:32:05.13079+00', '2026-04-29 12:32:05.13079+00', '2026-04-29 12:32:05.13079+00', '{"eTag": "\"9e4107ae8195fecfa4d3a10b8191f6d4\"", "size": 687798, "mimetype": "application/pdf", "cacheControl": "max-age=3600", "lastModified": "2026-04-29T12:32:06.000Z", "contentLength": 687798, "httpStatusCode": 200}', '6a255c31-2a5f-41f0-b1b9-e5e7524e2eae', '633db554-b037-4e40-8c4f-575337dbfded', '{}'),
	('fe1b8810-b147-445d-a65b-c12ad4866024', 'checklist-fill-photos', '633db554-b037-4e40-8c4f-575337dbfded/84bc67c9-adb9-495e-8108-2e883b8b11c4/4649bab7-3c76-4439-a56a-0d50e47b559d.jpg', '904a0dd8-09de-44c0-b4c9-053ef0fabb37', '2026-04-29 19:58:49.560403+00', '2026-04-29 19:58:49.560403+00', '2026-04-29 19:58:49.560403+00', '{"eTag": "\"536139eca5450e22bb10a125e9fc58f7\"", "size": 503238, "mimetype": "image/jpeg", "cacheControl": "max-age=3600", "lastModified": "2026-04-29T19:58:50.000Z", "contentLength": 503238, "httpStatusCode": 200}', '736bc16e-c270-4af4-9e4c-887214b1e197', '904a0dd8-09de-44c0-b4c9-053ef0fabb37', '{}'),
	('60d9b492-5b27-4016-9974-92a3370d1948', 'checklist-dossier-pdfs', '633db554-b037-4e40-8c4f-575337dbfded/7dc794d9-dadd-4390-8fed-a2d451f13d1e/36a60d5b-b49c-4b34-a745-125e94a4373f.pdf', '633db554-b037-4e40-8c4f-575337dbfded', '2026-04-29 13:12:07.238585+00', '2026-04-29 13:12:07.238585+00', '2026-04-29 13:12:07.238585+00', '{"eTag": "\"683f0682dee4ee6de5f69e756eaf7e87\"", "size": 599732, "mimetype": "application/pdf", "cacheControl": "max-age=3600", "lastModified": "2026-04-29T13:12:08.000Z", "contentLength": 599732, "httpStatusCode": 200}', '6bb30303-0e8c-411a-8e5a-ccd4625677f5', '633db554-b037-4e40-8c4f-575337dbfded', '{}'),
	('9243e9da-7cdc-4284-a320-87c5eae23ffa', 'checklist-fill-photos', '633db554-b037-4e40-8c4f-575337dbfded/d93aa2db-f094-4a24-9e76-71e30c8f4361/447a2bc9-c5bb-4832-a9ea-74de6363dc88.jpg', 'd2c0ae27-29b6-49fd-ba6b-0d3362ac6444', '2026-04-30 16:37:42.249604+00', '2026-04-30 16:37:42.249604+00', '2026-04-30 16:37:42.249604+00', '{"eTag": "\"857a069f0bccbbd21724e216417fec8f\"", "size": 57602, "mimetype": "image/jpeg", "cacheControl": "max-age=3600", "lastModified": "2026-04-30T16:37:43.000Z", "contentLength": 57602, "httpStatusCode": 200}', '10119941-a8bc-4a5a-907b-7148dff0009a', 'd2c0ae27-29b6-49fd-ba6b-0d3362ac6444', '{}'),
	('b73cb1fc-895d-4610-bb25-8f7875fa97cd', 'checklist-fill-photos', '633db554-b037-4e40-8c4f-575337dbfded/d93aa2db-f094-4a24-9e76-71e30c8f4361/d5c26d68-23d9-4596-bd79-3aa1b6715a5f.jpg', 'd2c0ae27-29b6-49fd-ba6b-0d3362ac6444', '2026-04-30 16:37:57.889031+00', '2026-04-30 16:37:57.889031+00', '2026-04-30 16:37:57.889031+00', '{"eTag": "\"6369c6ce8fb7c961d368889f53cc45c6\"", "size": 26988, "mimetype": "image/jpeg", "cacheControl": "max-age=3600", "lastModified": "2026-04-30T16:37:58.000Z", "contentLength": 26988, "httpStatusCode": 200}', 'c1f754d3-7b0a-49be-bf49-519938b86020', 'd2c0ae27-29b6-49fd-ba6b-0d3362ac6444', '{}'),
	('8f4fbdef-4295-4288-8d8a-35e763dabb8d', 'checklist-fill-photos', '633db554-b037-4e40-8c4f-575337dbfded/505b9ed0-91f9-46bf-b12e-45050c262c5e/74428dc7-073c-4d07-9c8e-2b75baf857a7.jpg', 'd2c0ae27-29b6-49fd-ba6b-0d3362ac6444', '2026-04-29 13:16:10.629324+00', '2026-04-29 13:16:10.629324+00', '2026-04-29 13:16:10.629324+00', '{"eTag": "\"a5f0cde04a51a18ec54976cea78bc3a4\"", "size": 51331, "mimetype": "image/jpeg", "cacheControl": "max-age=3600", "lastModified": "2026-04-29T13:16:11.000Z", "contentLength": 51331, "httpStatusCode": 200}', '6a7254a5-3713-4a7a-992d-f00645189f11', 'd2c0ae27-29b6-49fd-ba6b-0d3362ac6444', '{}'),
	('b97c2efe-59d7-47bd-8d5d-9a980e3cd325', 'checklist-fill-photos', '633db554-b037-4e40-8c4f-575337dbfded/e5819bf1-8a4e-4d7c-8b36-cc550bc6fedc/7c579e4c-b255-4398-b2fc-85a53c4e9365.jpg', '0ac5a0c3-00ba-4fa6-bacd-fc7f653e101f', '2026-05-04 13:47:03.595151+00', '2026-05-04 13:47:03.595151+00', '2026-05-04 13:47:03.595151+00', '{"eTag": "\"7460e2b691d6cb7b28c8599965546b0d\"", "size": 534648, "mimetype": "image/jpeg", "cacheControl": "max-age=3600", "lastModified": "2026-05-04T13:47:04.000Z", "contentLength": 534648, "httpStatusCode": 200}', '633626f2-b439-4d01-823c-8893baddfb5e', '0ac5a0c3-00ba-4fa6-bacd-fc7f653e101f', '{}'),
	('d7e142e3-beac-497a-8e6c-2f27a75be8b4', 'checklist-fill-photos', '633db554-b037-4e40-8c4f-575337dbfded/505b9ed0-91f9-46bf-b12e-45050c262c5e/e6133fab-3786-4680-9fac-4c66fd36d45a.jpg', 'd2c0ae27-29b6-49fd-ba6b-0d3362ac6444', '2026-04-29 13:16:17.287508+00', '2026-04-29 13:16:17.287508+00', '2026-04-29 13:16:17.287508+00', '{"eTag": "\"8782ad3a78eb49768f4db93883715225\"", "size": 149201, "mimetype": "image/jpeg", "cacheControl": "max-age=3600", "lastModified": "2026-04-29T13:16:18.000Z", "contentLength": 149201, "httpStatusCode": 200}', '44515507-359b-4fd6-9428-49dfa21bdef6', 'd2c0ae27-29b6-49fd-ba6b-0d3362ac6444', '{}'),
	('c0f9b903-22b9-496e-92c6-75d95f38ee7a', 'checklist-dossier-pdfs', '633db554-b037-4e40-8c4f-575337dbfded/84bc67c9-adb9-495e-8108-2e883b8b11c4/9024340c-7f58-43a6-8c41-feaf99d689c0.pdf', '904a0dd8-09de-44c0-b4c9-053ef0fabb37', '2026-04-29 20:05:08.354181+00', '2026-04-29 20:05:08.354181+00', '2026-04-29 20:05:08.354181+00', '{"eTag": "\"140983e7c1b06e6b056f3f114f30aed1-3\"", "size": 15434922, "mimetype": "application/pdf", "cacheControl": "max-age=3600", "lastModified": "2026-04-29T20:05:08.000Z", "contentLength": 15434922, "httpStatusCode": 200}', '2f233191-e9d2-444d-bb47-55801feece4d', '904a0dd8-09de-44c0-b4c9-053ef0fabb37', '{}'),
	('077bf14a-4b7f-4b4c-bf78-104211596e99', 'checklist-fill-photos', '633db554-b037-4e40-8c4f-575337dbfded/505b9ed0-91f9-46bf-b12e-45050c262c5e/574be695-92d8-4348-94d3-d6d3619ab201.jpg', 'd2c0ae27-29b6-49fd-ba6b-0d3362ac6444', '2026-04-29 13:20:50.475617+00', '2026-04-29 13:20:50.475617+00', '2026-04-29 13:20:50.475617+00', '{"eTag": "\"026d93f8f8fe2e60f8b4f5fb377c976b\"", "size": 83773, "mimetype": "image/jpeg", "cacheControl": "max-age=3600", "lastModified": "2026-04-29T13:20:51.000Z", "contentLength": 83773, "httpStatusCode": 200}', '35a2cac6-cb81-4981-83de-2aeb3bae9a61', 'd2c0ae27-29b6-49fd-ba6b-0d3362ac6444', '{}'),
	('4d2f5d73-3bba-4c0d-b217-f690983f0de1', 'checklist-fill-photos', '633db554-b037-4e40-8c4f-575337dbfded/d93aa2db-f094-4a24-9e76-71e30c8f4361/8d6713b0-3e67-44c4-8c33-2eb417118bb0.jpg', 'd2c0ae27-29b6-49fd-ba6b-0d3362ac6444', '2026-04-30 16:38:05.872101+00', '2026-04-30 16:38:05.872101+00', '2026-04-30 16:38:05.872101+00', '{"eTag": "\"77bb823033a9dc71fa31e6388c14148b\"", "size": 115584, "mimetype": "image/jpeg", "cacheControl": "max-age=3600", "lastModified": "2026-04-30T16:38:06.000Z", "contentLength": 115584, "httpStatusCode": 200}', '48f3c9bc-90c2-45fa-b223-c2a97a5e0940', 'd2c0ae27-29b6-49fd-ba6b-0d3362ac6444', '{}'),
	('5723a2f8-fdd0-406f-917a-6832b96f498e', 'checklist-fill-photos', '633db554-b037-4e40-8c4f-575337dbfded/505b9ed0-91f9-46bf-b12e-45050c262c5e/f10ec367-3b04-42fb-a54d-71d181580ba0.jpg', 'd2c0ae27-29b6-49fd-ba6b-0d3362ac6444', '2026-04-29 13:21:06.095504+00', '2026-04-29 13:21:06.095504+00', '2026-04-29 13:21:06.095504+00', '{"eTag": "\"17535d2389db1ac6f07aa79fd095b740\"", "size": 79965, "mimetype": "image/jpeg", "cacheControl": "max-age=3600", "lastModified": "2026-04-29T13:21:07.000Z", "contentLength": 79965, "httpStatusCode": 200}', '9ae1bd79-b012-464d-8776-860832b7a9b7', 'd2c0ae27-29b6-49fd-ba6b-0d3362ac6444', '{}'),
	('8fa2d702-950a-4e64-8a8d-c58a28004775', 'checklist-fill-photos', '633db554-b037-4e40-8c4f-575337dbfded/505b9ed0-91f9-46bf-b12e-45050c262c5e/85378335-c40c-4ce1-9bb7-16ad7da782e8.jpg', 'd2c0ae27-29b6-49fd-ba6b-0d3362ac6444', '2026-04-29 13:21:19.263462+00', '2026-04-29 13:21:19.263462+00', '2026-04-29 13:21:19.263462+00', '{"eTag": "\"9d1496b9ad721cc966687ca16cafae42\"", "size": 98859, "mimetype": "image/jpeg", "cacheControl": "max-age=3600", "lastModified": "2026-04-29T13:21:20.000Z", "contentLength": 98859, "httpStatusCode": 200}', '4a6c8bcd-413d-4ced-a9d3-cafc4db0511d', 'd2c0ae27-29b6-49fd-ba6b-0d3362ac6444', '{}'),
	('4f5d72fa-15df-4c27-b1bd-8ad8cf4270e3', 'checklist-fill-photos', '633db554-b037-4e40-8c4f-575337dbfded/d93aa2db-f094-4a24-9e76-71e30c8f4361/12f57835-76c3-4b59-ac12-3f0d78272d42.jpg', 'd2c0ae27-29b6-49fd-ba6b-0d3362ac6444', '2026-04-30 16:38:17.797109+00', '2026-04-30 16:38:17.797109+00', '2026-04-30 16:38:17.797109+00', '{"eTag": "\"19e42c7959d741852f01cdf841b28a80\"", "size": 136671, "mimetype": "image/jpeg", "cacheControl": "max-age=3600", "lastModified": "2026-04-30T16:38:18.000Z", "contentLength": 136671, "httpStatusCode": 200}', '4abfd256-1d9d-4906-9207-af7b83e0d9ba', 'd2c0ae27-29b6-49fd-ba6b-0d3362ac6444', '{}'),
	('565023c1-f740-4333-b405-b77cbef6042f', 'checklist-fill-photos', '633db554-b037-4e40-8c4f-575337dbfded/505b9ed0-91f9-46bf-b12e-45050c262c5e/4a76b740-26d2-4120-b38e-0dd6907bd4ce.jpg', 'd2c0ae27-29b6-49fd-ba6b-0d3362ac6444', '2026-04-29 13:22:15.145975+00', '2026-04-29 13:22:15.145975+00', '2026-04-29 13:22:15.145975+00', '{"eTag": "\"7a7e9896fa84b3be37b3219a0f2131ca\"", "size": 167781, "mimetype": "image/jpeg", "cacheControl": "max-age=3600", "lastModified": "2026-04-29T13:22:16.000Z", "contentLength": 167781, "httpStatusCode": 200}', '6c50b4bd-182b-4f35-974f-8ce05dd64b49', 'd2c0ae27-29b6-49fd-ba6b-0d3362ac6444', '{}'),
	('d92ef21b-bda5-43b3-ab0b-a1c8dcb61ad5', 'checklist-fill-photos', '633db554-b037-4e40-8c4f-575337dbfded/505b9ed0-91f9-46bf-b12e-45050c262c5e/acaba1a8-8bb9-487a-ab90-f1623c999e01.jpg', 'd2c0ae27-29b6-49fd-ba6b-0d3362ac6444', '2026-04-29 13:25:46.703174+00', '2026-04-29 13:25:46.703174+00', '2026-04-29 13:25:46.703174+00', '{"eTag": "\"2d67a15baf0d8e521bac426ad8bf9c68\"", "size": 129355, "mimetype": "image/jpeg", "cacheControl": "max-age=3600", "lastModified": "2026-04-29T13:25:47.000Z", "contentLength": 129355, "httpStatusCode": 200}', 'e78e3b77-ef05-4e2f-ad2b-f600d3d38032', 'd2c0ae27-29b6-49fd-ba6b-0d3362ac6444', '{}'),
	('b964995c-f1f8-47db-9351-382f75144040', 'checklist-fill-photos', '633db554-b037-4e40-8c4f-575337dbfded/7374c257-0c0a-4833-8a61-74f7074e15f9/d13264fb-c7e1-4ec0-932b-d8c3e90fab26.jpg', '0ac5a0c3-00ba-4fa6-bacd-fc7f653e101f', '2026-04-29 20:29:20.278066+00', '2026-04-29 20:29:20.278066+00', '2026-04-29 20:29:20.278066+00', '{"eTag": "\"f025fd04ae9ad083e5227f03e9bd6686\"", "size": 699276, "mimetype": "image/jpeg", "cacheControl": "max-age=3600", "lastModified": "2026-04-29T20:29:21.000Z", "contentLength": 699276, "httpStatusCode": 200}', 'ee82a0bb-cac0-40e7-a463-a5169fe6420e', '0ac5a0c3-00ba-4fa6-bacd-fc7f653e101f', '{}'),
	('3680664b-eb92-4ff9-80b5-3ccd088e44b6', 'checklist-fill-photos', '633db554-b037-4e40-8c4f-575337dbfded/505b9ed0-91f9-46bf-b12e-45050c262c5e/f736aa73-e300-4893-84a2-0c0d959afd5f.jpg', 'd2c0ae27-29b6-49fd-ba6b-0d3362ac6444', '2026-04-29 13:26:06.647923+00', '2026-04-29 13:26:06.647923+00', '2026-04-29 13:26:06.647923+00', '{"eTag": "\"fa6e2c55e3c493cca3af7d481b9f4e88\"", "size": 70397, "mimetype": "image/jpeg", "cacheControl": "max-age=3600", "lastModified": "2026-04-29T13:26:07.000Z", "contentLength": 70397, "httpStatusCode": 200}', 'e7233a1d-6d7b-495d-b8e5-bf59f623442e', 'd2c0ae27-29b6-49fd-ba6b-0d3362ac6444', '{}'),
	('c50a27e1-026f-4eb2-8c5e-63753d99c286', 'checklist-fill-photos', '633db554-b037-4e40-8c4f-575337dbfded/505b9ed0-91f9-46bf-b12e-45050c262c5e/4663076f-30df-4883-98cf-a2b1677a7a29.jpg', 'd2c0ae27-29b6-49fd-ba6b-0d3362ac6444', '2026-04-29 13:26:21.685587+00', '2026-04-29 13:26:21.685587+00', '2026-04-29 13:26:21.685587+00', '{"eTag": "\"907dc6cd81b64cd6af94aaf8653e8fdd\"", "size": 72471, "mimetype": "image/jpeg", "cacheControl": "max-age=3600", "lastModified": "2026-04-29T13:26:22.000Z", "contentLength": 72471, "httpStatusCode": 200}', '9cea8406-bf9e-4f48-b3dc-bf6e1bbf2cbf', 'd2c0ae27-29b6-49fd-ba6b-0d3362ac6444', '{}'),
	('5d06978d-b309-476b-b4e9-53d8f94f0a94', 'checklist-fill-photos', '633db554-b037-4e40-8c4f-575337dbfded/d93aa2db-f094-4a24-9e76-71e30c8f4361/be3f913a-8450-44d2-b5e0-d4aa16305a12.jpg', 'd2c0ae27-29b6-49fd-ba6b-0d3362ac6444', '2026-04-30 16:38:53.194806+00', '2026-04-30 16:38:53.194806+00', '2026-04-30 16:38:53.194806+00', '{"eTag": "\"e7f73d49322421d1e2ad48dfb3f4fc9f\"", "size": 47436, "mimetype": "image/jpeg", "cacheControl": "max-age=3600", "lastModified": "2026-04-30T16:38:54.000Z", "contentLength": 47436, "httpStatusCode": 200}', '7b685e90-3d0f-4bc9-bad0-967e027ac2a7', 'd2c0ae27-29b6-49fd-ba6b-0d3362ac6444', '{}'),
	('a3e1a84a-a80e-4350-bc77-52efe757ecb2', 'checklist-fill-photos', '633db554-b037-4e40-8c4f-575337dbfded/505b9ed0-91f9-46bf-b12e-45050c262c5e/d0616dc6-0fd2-4f2b-8dfc-d52f91f6c872.jpg', 'd2c0ae27-29b6-49fd-ba6b-0d3362ac6444', '2026-04-29 13:26:29.161806+00', '2026-04-29 13:26:29.161806+00', '2026-04-29 13:26:29.161806+00', '{"eTag": "\"db54940d96f8a6f1eedaa1eddb00e093\"", "size": 105138, "mimetype": "image/jpeg", "cacheControl": "max-age=3600", "lastModified": "2026-04-29T13:26:30.000Z", "contentLength": 105138, "httpStatusCode": 200}', '8dda45e9-52ba-49a9-a18f-e45087feb8d0', 'd2c0ae27-29b6-49fd-ba6b-0d3362ac6444', '{}'),
	('67a123e4-f6d7-494b-b57d-2de2b1ae6809', 'checklist-fill-photos', '633db554-b037-4e40-8c4f-575337dbfded/e5819bf1-8a4e-4d7c-8b36-cc550bc6fedc/c43eb924-5fe8-4ef5-bbdc-1806bde533a5.jpg', '0ac5a0c3-00ba-4fa6-bacd-fc7f653e101f', '2026-05-04 13:47:16.380938+00', '2026-05-04 13:47:16.380938+00', '2026-05-04 13:47:16.380938+00', '{"eTag": "\"6162052ddccd149110b8096683895072\"", "size": 765162, "mimetype": "image/jpeg", "cacheControl": "max-age=3600", "lastModified": "2026-05-04T13:47:17.000Z", "contentLength": 765162, "httpStatusCode": 200}', 'a0f9b079-9c55-41da-8ce1-8a1b0f035e07', '0ac5a0c3-00ba-4fa6-bacd-fc7f653e101f', '{}'),
	('26e65496-6f58-439f-8a23-dbf3cd16bcf8', 'checklist-fill-photos', '633db554-b037-4e40-8c4f-575337dbfded/505b9ed0-91f9-46bf-b12e-45050c262c5e/1248d5d8-fa38-4b87-abdd-fdc46e2e20f1.jpg', 'd2c0ae27-29b6-49fd-ba6b-0d3362ac6444', '2026-04-29 13:27:02.494158+00', '2026-04-29 13:27:02.494158+00', '2026-04-29 13:27:02.494158+00', '{"eTag": "\"db54940d96f8a6f1eedaa1eddb00e093\"", "size": 105138, "mimetype": "image/jpeg", "cacheControl": "max-age=3600", "lastModified": "2026-04-29T13:27:03.000Z", "contentLength": 105138, "httpStatusCode": 200}', '53d6c976-2bf8-4acc-a7ac-41ee1b70e4da', 'd2c0ae27-29b6-49fd-ba6b-0d3362ac6444', '{}'),
	('700f2be6-6769-4869-9ff3-e15975dc53fd', 'checklist-fill-photos', '633db554-b037-4e40-8c4f-575337dbfded/d93aa2db-f094-4a24-9e76-71e30c8f4361/7fa8f63a-5891-4801-9d5b-63229353cceb.jpg', 'd2c0ae27-29b6-49fd-ba6b-0d3362ac6444', '2026-04-30 16:40:49.137132+00', '2026-04-30 16:40:49.137132+00', '2026-04-30 16:40:49.137132+00', '{"eTag": "\"cfc452f67d3e8d139764bdd998c6d9fd\"", "size": 82999, "mimetype": "image/jpeg", "cacheControl": "max-age=3600", "lastModified": "2026-04-30T16:40:50.000Z", "contentLength": 82999, "httpStatusCode": 200}', 'b774b986-fac6-402b-a204-f3a62bcb145b', 'd2c0ae27-29b6-49fd-ba6b-0d3362ac6444', '{}'),
	('78edcef4-4213-49e9-b80d-82cad4e5d635', 'checklist-dossier-pdfs', '633db554-b037-4e40-8c4f-575337dbfded/7dc794d9-dadd-4390-8fed-a2d451f13d1e/2dc2fb38-532d-40dd-8754-decf71762630.pdf', '633db554-b037-4e40-8c4f-575337dbfded', '2026-04-29 13:29:45.661729+00', '2026-04-29 13:29:45.661729+00', '2026-04-29 13:29:45.661729+00', '{"eTag": "\"bccbd674b041d5f2ee1cf7143c253804\"", "size": 599703, "mimetype": "application/pdf", "cacheControl": "max-age=3600", "lastModified": "2026-04-29T13:29:46.000Z", "contentLength": 599703, "httpStatusCode": 200}', '207a3b5c-15b7-4eab-b564-f28549a552f4', '633db554-b037-4e40-8c4f-575337dbfded', '{}'),
	('bf71d8e6-c17d-453b-8f07-ed3faf33f74a', 'checklist-fill-photos', '633db554-b037-4e40-8c4f-575337dbfded/84bc67c9-adb9-495e-8108-2e883b8b11c4/e6280f24-d5a6-47ee-9c81-12cc1ae41689.jpg', '904a0dd8-09de-44c0-b4c9-053ef0fabb37', '2026-04-29 18:42:04.839013+00', '2026-04-29 18:42:04.839013+00', '2026-04-29 18:42:04.839013+00', '{"eTag": "\"2cf074e949ac29640db69a84e45f8198\"", "size": 424972, "mimetype": "image/jpeg", "cacheControl": "max-age=3600", "lastModified": "2026-04-29T18:42:05.000Z", "contentLength": 424972, "httpStatusCode": 200}', '09a34994-9614-4494-84ba-fd201c072395', '904a0dd8-09de-44c0-b4c9-053ef0fabb37', '{}'),
	('3acdd79a-c226-45a9-9601-09ffb5b30a85', 'checklist-fill-photos', '633db554-b037-4e40-8c4f-575337dbfded/84bc67c9-adb9-495e-8108-2e883b8b11c4/c5ef57bb-77f1-47f3-ac87-eeff6a0c732e.jpg', '904a0dd8-09de-44c0-b4c9-053ef0fabb37', '2026-04-29 18:42:25.04187+00', '2026-04-29 18:42:25.04187+00', '2026-04-29 18:42:25.04187+00', '{"eTag": "\"c6719f888d84305083ce87315d328245\"", "size": 530064, "mimetype": "image/jpeg", "cacheControl": "max-age=3600", "lastModified": "2026-04-29T18:42:25.000Z", "contentLength": 530064, "httpStatusCode": 200}', '896e29c2-76e4-4178-a04c-3356281a856b', '904a0dd8-09de-44c0-b4c9-053ef0fabb37', '{}'),
	('cf1abdea-f85b-4a7e-89d9-b8fdb44ee7eb', 'checklist-fill-photos', '633db554-b037-4e40-8c4f-575337dbfded/e5819bf1-8a4e-4d7c-8b36-cc550bc6fedc/1d32e8a7-1cc9-436c-b071-f15839ec3e27.jpg', '0ac5a0c3-00ba-4fa6-bacd-fc7f653e101f', '2026-05-04 13:47:36.987096+00', '2026-05-04 13:47:36.987096+00', '2026-05-04 13:47:36.987096+00', '{"eTag": "\"8bb9040fb758e6dd3ac4323d1dc633a4\"", "size": 410943, "mimetype": "image/jpeg", "cacheControl": "max-age=3600", "lastModified": "2026-05-04T13:47:37.000Z", "contentLength": 410943, "httpStatusCode": 200}', '01d9c966-c620-4a30-9116-8de8a01a0b2d', '0ac5a0c3-00ba-4fa6-bacd-fc7f653e101f', '{}'),
	('a4a22727-1210-4d49-acb9-2e3bb844d183', 'checklist-fill-photos', '633db554-b037-4e40-8c4f-575337dbfded/84bc67c9-adb9-495e-8108-2e883b8b11c4/a1c4a59e-35c6-43ca-ad17-ca21d84f553b.jpg', '904a0dd8-09de-44c0-b4c9-053ef0fabb37', '2026-04-29 18:45:39.124777+00', '2026-04-29 18:45:39.124777+00', '2026-04-29 18:45:39.124777+00', '{"eTag": "\"45afc32a5a3a3bcd912a94d3594e69eb\"", "size": 441007, "mimetype": "image/jpeg", "cacheControl": "max-age=3600", "lastModified": "2026-04-29T18:45:40.000Z", "contentLength": 441007, "httpStatusCode": 200}', '8fb0288f-8058-4fad-be1c-b6b9c55c2a66', '904a0dd8-09de-44c0-b4c9-053ef0fabb37', '{}'),
	('26789666-83c5-4360-9fac-63f793188514', 'checklist-fill-photos', '633db554-b037-4e40-8c4f-575337dbfded/84bc67c9-adb9-495e-8108-2e883b8b11c4/b7007b4c-6331-4c18-9094-44aaaf806068.jpg', '904a0dd8-09de-44c0-b4c9-053ef0fabb37', '2026-04-29 18:49:28.367935+00', '2026-04-29 18:49:28.367935+00', '2026-04-29 18:49:28.367935+00', '{"eTag": "\"595ec33229ae3a5776fd14c8e8a10a63\"", "size": 652635, "mimetype": "image/jpeg", "cacheControl": "max-age=3600", "lastModified": "2026-04-29T18:49:29.000Z", "contentLength": 652635, "httpStatusCode": 200}', '6a681397-0308-4318-8594-211b1d6c8f40', '904a0dd8-09de-44c0-b4c9-053ef0fabb37', '{}'),
	('a846f2bd-37f5-472d-939c-f9c3a64e0733', 'checklist-fill-photos', '633db554-b037-4e40-8c4f-575337dbfded/e5819bf1-8a4e-4d7c-8b36-cc550bc6fedc/b279284e-0828-46bb-84d9-32a6ea4a1173.jpg', '0ac5a0c3-00ba-4fa6-bacd-fc7f653e101f', '2026-05-04 13:52:57.471977+00', '2026-05-04 13:52:57.471977+00', '2026-05-04 13:52:57.471977+00', '{"eTag": "\"8cbd3c0f9f3d3b50ed83e4aba5522b0a\"", "size": 771294, "mimetype": "image/jpeg", "cacheControl": "max-age=3600", "lastModified": "2026-05-04T13:52:58.000Z", "contentLength": 771294, "httpStatusCode": 200}', '8b68d5f0-36b4-4575-b26e-0f06136930a5', '0ac5a0c3-00ba-4fa6-bacd-fc7f653e101f', '{}'),
	('90bcf1a2-bb9f-459c-90cd-2e5b027dc4f9', 'checklist-fill-photos', '633db554-b037-4e40-8c4f-575337dbfded/7374c257-0c0a-4833-8a61-74f7074e15f9/a5545fd0-cbfc-4d9a-aeb1-be71dc52844d.jpg', '0ac5a0c3-00ba-4fa6-bacd-fc7f653e101f', '2026-04-29 20:31:50.351315+00', '2026-04-29 20:31:50.351315+00', '2026-04-29 20:31:50.351315+00', '{"eTag": "\"10ca827b5be74fbdaa156e5c52f7cb0b\"", "size": 691172, "mimetype": "image/jpeg", "cacheControl": "max-age=3600", "lastModified": "2026-04-29T20:31:51.000Z", "contentLength": 691172, "httpStatusCode": 200}', 'fe223ab6-8075-4c64-ac29-69c8e573a60e', '0ac5a0c3-00ba-4fa6-bacd-fc7f653e101f', '{}'),
	('5cb9e839-3a45-45c8-95d0-d24677fe1ace', 'checklist-fill-photos', '633db554-b037-4e40-8c4f-575337dbfded/d93aa2db-f094-4a24-9e76-71e30c8f4361/2ff12c02-9678-4ef9-a269-72177050e5e3.jpg', 'd2c0ae27-29b6-49fd-ba6b-0d3362ac6444', '2026-04-30 16:41:16.426892+00', '2026-04-30 16:41:16.426892+00', '2026-04-30 16:41:16.426892+00', '{"eTag": "\"dd9ee050fcfadb12ea3c7b1359d9888c\"", "size": 43967, "mimetype": "image/jpeg", "cacheControl": "max-age=3600", "lastModified": "2026-04-30T16:41:17.000Z", "contentLength": 43967, "httpStatusCode": 200}', '4657dbe7-c96a-4fdc-8513-5198ad5bd298', 'd2c0ae27-29b6-49fd-ba6b-0d3362ac6444', '{}'),
	('28394307-b3d7-49ff-bd05-49880b00d1f3', 'checklist-fill-photos', '633db554-b037-4e40-8c4f-575337dbfded/d93aa2db-f094-4a24-9e76-71e30c8f4361/d500769f-f409-436a-b273-56cf0b13d897.jpg', 'd2c0ae27-29b6-49fd-ba6b-0d3362ac6444', '2026-04-30 16:43:26.37602+00', '2026-04-30 16:43:26.37602+00', '2026-04-30 16:43:26.37602+00', '{"eTag": "\"1f449396c257f77d263cec8e09ba905e\"", "size": 68409, "mimetype": "image/jpeg", "cacheControl": "max-age=3600", "lastModified": "2026-04-30T16:43:27.000Z", "contentLength": 68409, "httpStatusCode": 200}', '7d9353e1-e4ac-4488-9be6-ccc1326e8e02', 'd2c0ae27-29b6-49fd-ba6b-0d3362ac6444', '{}'),
	('4d4244bd-1f9d-4da4-9aa9-0638bfa1a690', 'checklist-fill-photos', '633db554-b037-4e40-8c4f-575337dbfded/84bc67c9-adb9-495e-8108-2e883b8b11c4/570cfd36-fe70-42ca-80a6-7c4c40e594f3.jpg', '904a0dd8-09de-44c0-b4c9-053ef0fabb37', '2026-04-29 18:54:14.323558+00', '2026-04-29 18:54:14.323558+00', '2026-04-29 18:54:14.323558+00', '{"eTag": "\"8551d0e97153f6c6fc684afdc4cc7a41\"", "size": 995409, "mimetype": "image/jpeg", "cacheControl": "max-age=3600", "lastModified": "2026-04-29T18:54:15.000Z", "contentLength": 995409, "httpStatusCode": 200}', '34421f9b-7187-41c9-bf4c-4f75c7c2894a', '904a0dd8-09de-44c0-b4c9-053ef0fabb37', '{}'),
	('f30c6467-bfad-47f9-901a-638506a65a1d', 'checklist-fill-photos', '633db554-b037-4e40-8c4f-575337dbfded/84bc67c9-adb9-495e-8108-2e883b8b11c4/a49c9677-cb90-46ca-9bc4-baa267c15595.jpg', '904a0dd8-09de-44c0-b4c9-053ef0fabb37', '2026-04-29 18:56:17.173217+00', '2026-04-29 18:56:17.173217+00', '2026-04-29 18:56:17.173217+00', '{"eTag": "\"5813b497f4cf728a8e4451aa571ed936\"", "size": 368583, "mimetype": "image/jpeg", "cacheControl": "max-age=3600", "lastModified": "2026-04-29T18:56:18.000Z", "contentLength": 368583, "httpStatusCode": 200}', 'dbed8271-c473-480c-87bb-cae8d521725b', '904a0dd8-09de-44c0-b4c9-053ef0fabb37', '{}'),
	('07e4928a-926e-45b1-85dd-3a68eab96d6c', 'checklist-fill-photos', '633db554-b037-4e40-8c4f-575337dbfded/e5819bf1-8a4e-4d7c-8b36-cc550bc6fedc/6bc098f1-1c00-48fd-8cfa-1f965c8c7b5d.jpg', '0ac5a0c3-00ba-4fa6-bacd-fc7f653e101f', '2026-05-04 13:48:14.068329+00', '2026-05-04 13:48:14.068329+00', '2026-05-04 13:48:14.068329+00', '{"eTag": "\"961252740157030a9ff8bee3c2c64c59\"", "size": 615588, "mimetype": "image/jpeg", "cacheControl": "max-age=3600", "lastModified": "2026-05-04T13:48:14.000Z", "contentLength": 615588, "httpStatusCode": 200}', 'de313be0-39f5-4083-9680-b1a5be7ad5cd', '0ac5a0c3-00ba-4fa6-bacd-fc7f653e101f', '{}'),
	('e0e6f58a-70af-4aff-b198-12ec56a34d93', 'checklist-fill-photos', '633db554-b037-4e40-8c4f-575337dbfded/7374c257-0c0a-4833-8a61-74f7074e15f9/ba8f0501-a476-4e3a-9a7a-cd6f7ff286cb.jpg', '0ac5a0c3-00ba-4fa6-bacd-fc7f653e101f', '2026-04-29 20:39:39.791449+00', '2026-04-29 20:39:39.791449+00', '2026-04-29 20:39:39.791449+00', '{"eTag": "\"59dac82b0edfa04bdd1f3900932316c6\"", "size": 448554, "mimetype": "image/jpeg", "cacheControl": "max-age=3600", "lastModified": "2026-04-29T20:39:40.000Z", "contentLength": 448554, "httpStatusCode": 200}', 'd7dd627c-0c67-425a-aaa0-1a6282685f90', '0ac5a0c3-00ba-4fa6-bacd-fc7f653e101f', '{}'),
	('9ae56f9b-d0de-4d5e-89dd-0c632e317561', 'checklist-fill-photos', '633db554-b037-4e40-8c4f-575337dbfded/84bc67c9-adb9-495e-8108-2e883b8b11c4/e5874a32-3df7-41fd-a22e-218aafec9b0b.jpg', '904a0dd8-09de-44c0-b4c9-053ef0fabb37', '2026-04-29 19:00:09.380642+00', '2026-04-29 19:00:09.380642+00', '2026-04-29 19:00:09.380642+00', '{"eTag": "\"622a22fd1e3b9ae0cd1719b8067d9521\"", "size": 475239, "mimetype": "image/jpeg", "cacheControl": "max-age=3600", "lastModified": "2026-04-29T19:00:10.000Z", "contentLength": 475239, "httpStatusCode": 200}', 'ed08b70f-c9d5-455f-a8d4-98d39f23266b', '904a0dd8-09de-44c0-b4c9-053ef0fabb37', '{}'),
	('0bbe3f77-af16-4d6c-a902-aa396346734f', 'checklist-fill-photos', '633db554-b037-4e40-8c4f-575337dbfded/84bc67c9-adb9-495e-8108-2e883b8b11c4/13955877-8ac2-4ce7-b820-6895d476a2e1.jpg', '904a0dd8-09de-44c0-b4c9-053ef0fabb37', '2026-04-29 19:00:28.74758+00', '2026-04-29 19:00:28.74758+00', '2026-04-29 19:00:28.74758+00', '{"eTag": "\"4b3f4058984ac0ee8ce7882c51cf1d13\"", "size": 666353, "mimetype": "image/jpeg", "cacheControl": "max-age=3600", "lastModified": "2026-04-29T19:00:29.000Z", "contentLength": 666353, "httpStatusCode": 200}', '688f64fd-0bf4-4fc0-aaee-7b5ccfe88c5f', '904a0dd8-09de-44c0-b4c9-053ef0fabb37', '{}'),
	('0c6a1aa6-c949-46fb-8df2-d2052a72532a', 'checklist-fill-photos', '633db554-b037-4e40-8c4f-575337dbfded/7374c257-0c0a-4833-8a61-74f7074e15f9/fee3e9c9-3efb-4e50-a8cf-ff56a25f9663.jpg', '0ac5a0c3-00ba-4fa6-bacd-fc7f653e101f', '2026-04-29 20:40:46.091305+00', '2026-04-29 20:40:46.091305+00', '2026-04-29 20:40:46.091305+00', '{"eTag": "\"b7e0eead62424488a856b34741b024d2\"", "size": 759465, "mimetype": "image/jpeg", "cacheControl": "max-age=3600", "lastModified": "2026-04-29T20:40:47.000Z", "contentLength": 759465, "httpStatusCode": 200}', '3173d122-5ada-4bc2-bca2-8ac10c6cf1e0', '0ac5a0c3-00ba-4fa6-bacd-fc7f653e101f', '{}'),
	('ee95843a-ac6a-495d-b58f-d544abfd0e44', 'checklist-fill-photos', '633db554-b037-4e40-8c4f-575337dbfded/84bc67c9-adb9-495e-8108-2e883b8b11c4/11427d42-04f6-4b88-b362-ed2f820bbf4b.jpg', '904a0dd8-09de-44c0-b4c9-053ef0fabb37', '2026-04-29 19:02:39.092855+00', '2026-04-29 19:02:39.092855+00', '2026-04-29 19:02:39.092855+00', '{"eTag": "\"2a271009bddd56f1172b295f54d0ce1b\"", "size": 619953, "mimetype": "image/jpeg", "cacheControl": "max-age=3600", "lastModified": "2026-04-29T19:02:40.000Z", "contentLength": 619953, "httpStatusCode": 200}', 'dc38b3f7-1599-4888-9f7e-34f69a003e81', '904a0dd8-09de-44c0-b4c9-053ef0fabb37', '{}'),
	('c0bbb554-fb10-41d7-a6e6-ec0b6f73b260', 'checklist-fill-photos', '633db554-b037-4e40-8c4f-575337dbfded/84bc67c9-adb9-495e-8108-2e883b8b11c4/7b1fc8b9-d5c7-4b43-aef6-66c07e4bd2f7.jpg', '904a0dd8-09de-44c0-b4c9-053ef0fabb37', '2026-04-29 19:03:20.770877+00', '2026-04-29 19:03:20.770877+00', '2026-04-29 19:03:20.770877+00', '{"eTag": "\"21a2995c86956dc0f1607fe0a56c85f8\"", "size": 590999, "mimetype": "image/jpeg", "cacheControl": "max-age=3600", "lastModified": "2026-04-29T19:03:21.000Z", "contentLength": 590999, "httpStatusCode": 200}', '5bc3a91c-8d7e-437c-a274-1c1e835541c3', '904a0dd8-09de-44c0-b4c9-053ef0fabb37', '{}'),
	('f4810e47-28bb-44df-94be-722fe57bd88d', 'checklist-fill-photos', '633db554-b037-4e40-8c4f-575337dbfded/7374c257-0c0a-4833-8a61-74f7074e15f9/c931a34b-4688-44d5-998b-aaba9b07bdb8.jpg', '0ac5a0c3-00ba-4fa6-bacd-fc7f653e101f', '2026-04-29 20:41:46.163195+00', '2026-04-29 20:41:46.163195+00', '2026-04-29 20:41:46.163195+00', '{"eTag": "\"8186caf44ef36a563d3fb9b1dc0ddd29\"", "size": 611621, "mimetype": "image/jpeg", "cacheControl": "max-age=3600", "lastModified": "2026-04-29T20:41:47.000Z", "contentLength": 611621, "httpStatusCode": 200}', 'dac9ada1-a905-4943-9f58-16bc014fc440', '0ac5a0c3-00ba-4fa6-bacd-fc7f653e101f', '{}'),
	('7be868b3-4049-4f24-a0df-ba5d8ef42caf', 'checklist-fill-photos', '633db554-b037-4e40-8c4f-575337dbfded/84bc67c9-adb9-495e-8108-2e883b8b11c4/6557db16-879e-40ea-bf38-47a6699c4ec7.jpg', '904a0dd8-09de-44c0-b4c9-053ef0fabb37', '2026-04-29 19:05:14.285262+00', '2026-04-29 19:05:14.285262+00', '2026-04-29 19:05:14.285262+00', '{"eTag": "\"622a22fd1e3b9ae0cd1719b8067d9521\"", "size": 475239, "mimetype": "image/jpeg", "cacheControl": "max-age=3600", "lastModified": "2026-04-29T19:05:15.000Z", "contentLength": 475239, "httpStatusCode": 200}', 'ef357d78-18fc-463b-aeaf-1b7f706ca1a5', '904a0dd8-09de-44c0-b4c9-053ef0fabb37', '{}'),
	('84d99ffe-41f6-44b8-93ac-07ee51164f33', 'checklist-fill-photos', '633db554-b037-4e40-8c4f-575337dbfded/7374c257-0c0a-4833-8a61-74f7074e15f9/3b843cc2-a441-4b56-a0b0-2a9bf1b4df86.jpg', '0ac5a0c3-00ba-4fa6-bacd-fc7f653e101f', '2026-04-29 20:42:34.442607+00', '2026-04-29 20:42:34.442607+00', '2026-04-29 20:42:34.442607+00', '{"eTag": "\"41c361f97dc0f0011ae184a562946aa5\"", "size": 654881, "mimetype": "image/jpeg", "cacheControl": "max-age=3600", "lastModified": "2026-04-29T20:42:35.000Z", "contentLength": 654881, "httpStatusCode": 200}', 'ccfd7cdd-9623-401b-a424-c27e3af7ddef', '0ac5a0c3-00ba-4fa6-bacd-fc7f653e101f', '{}'),
	('2b845e1e-f4d8-40f2-9c9c-626a09311de2', 'checklist-fill-photos', '633db554-b037-4e40-8c4f-575337dbfded/e5819bf1-8a4e-4d7c-8b36-cc550bc6fedc/b2ceb174-4c97-4802-867e-ee1065ed499d.jpg', '0ac5a0c3-00ba-4fa6-bacd-fc7f653e101f', '2026-05-04 13:48:48.692801+00', '2026-05-04 13:48:48.692801+00', '2026-05-04 13:48:48.692801+00', '{"eTag": "\"9561e702b986852f0b3138a0cd207b00\"", "size": 603314, "mimetype": "image/jpeg", "cacheControl": "max-age=3600", "lastModified": "2026-05-04T13:48:49.000Z", "contentLength": 603314, "httpStatusCode": 200}', '4af9e1a7-80d3-4fff-9f18-3432520aa815', '0ac5a0c3-00ba-4fa6-bacd-fc7f653e101f', '{}'),
	('93fb3765-7f00-4782-92cd-a597046d47b7', 'checklist-fill-photos', '633db554-b037-4e40-8c4f-575337dbfded/84bc67c9-adb9-495e-8108-2e883b8b11c4/18b97d43-b481-4c56-a526-0f7d7d2d9160.jpg', '904a0dd8-09de-44c0-b4c9-053ef0fabb37', '2026-04-29 19:06:02.373217+00', '2026-04-29 19:06:02.373217+00', '2026-04-29 19:06:02.373217+00', '{"eTag": "\"622a22fd1e3b9ae0cd1719b8067d9521\"", "size": 475239, "mimetype": "image/jpeg", "cacheControl": "max-age=3600", "lastModified": "2026-04-29T19:06:03.000Z", "contentLength": 475239, "httpStatusCode": 200}', '82a6b4a3-ee55-497e-a3a5-a54d4fa8d12e', '904a0dd8-09de-44c0-b4c9-053ef0fabb37', '{}'),
	('5e4b5f09-5935-4ab7-9399-76328a90e2ca', 'checklist-dossier-pdfs', '633db554-b037-4e40-8c4f-575337dbfded/7374c257-0c0a-4833-8a61-74f7074e15f9/7da790a8-7f26-4063-bad0-2838da0f6ad6.pdf', '0ac5a0c3-00ba-4fa6-bacd-fc7f653e101f', '2026-04-29 20:56:03.165814+00', '2026-04-29 20:56:03.165814+00', '2026-04-29 20:56:03.165814+00', '{"eTag": "\"cf9a0a4ac34d5a73625940cbe41f917c-2\"", "size": 6157089, "mimetype": "application/pdf", "cacheControl": "max-age=3600", "lastModified": "2026-04-29T20:56:03.000Z", "contentLength": 6157089, "httpStatusCode": 200}', 'c83a5153-a0ea-49e6-ad6f-162d5e3b6566', '0ac5a0c3-00ba-4fa6-bacd-fc7f653e101f', '{}'),
	('6d8f56f4-ae1e-4232-a8b1-c4f0b4dabebf', 'checklist-fill-photos', '633db554-b037-4e40-8c4f-575337dbfded/d93aa2db-f094-4a24-9e76-71e30c8f4361/b0cf3436-b636-4b5a-845f-5520d9de09e0.jpg', 'd2c0ae27-29b6-49fd-ba6b-0d3362ac6444', '2026-04-30 16:43:37.803108+00', '2026-04-30 16:43:37.803108+00', '2026-04-30 16:43:37.803108+00', '{"eTag": "\"8847c3ebc898c9e9670e8f704fb870fb\"", "size": 111379, "mimetype": "image/jpeg", "cacheControl": "max-age=3600", "lastModified": "2026-04-30T16:43:38.000Z", "contentLength": 111379, "httpStatusCode": 200}', '76484023-2e5d-422d-bde9-be1cea1f7a58', 'd2c0ae27-29b6-49fd-ba6b-0d3362ac6444', '{}'),
	('6a6628d4-6cff-4fbd-9e08-826b81c08978', 'checklist-fill-photos', '633db554-b037-4e40-8c4f-575337dbfded/d93aa2db-f094-4a24-9e76-71e30c8f4361/e08c21c7-b735-4439-b830-b02259f271fe.jpg', 'd2c0ae27-29b6-49fd-ba6b-0d3362ac6444', '2026-04-30 16:43:45.046789+00', '2026-04-30 16:43:45.046789+00', '2026-04-30 16:43:45.046789+00', '{"eTag": "\"87e75a291ad033b06fc41a6a7d600fc1\"", "size": 104269, "mimetype": "image/jpeg", "cacheControl": "max-age=3600", "lastModified": "2026-04-30T16:43:45.000Z", "contentLength": 104269, "httpStatusCode": 200}', '04248dab-8548-4947-9f2a-9b2ab77c96e3', 'd2c0ae27-29b6-49fd-ba6b-0d3362ac6444', '{}'),
	('4a4023fd-c3b5-4541-a3fb-05e4356f9aba', 'checklist-fill-photos', '633db554-b037-4e40-8c4f-575337dbfded/e5819bf1-8a4e-4d7c-8b36-cc550bc6fedc/8b91d89b-845d-445f-b8e9-8fb56bc284b7.jpg', '0ac5a0c3-00ba-4fa6-bacd-fc7f653e101f', '2026-05-04 13:49:52.409019+00', '2026-05-04 13:49:52.409019+00', '2026-05-04 13:49:52.409019+00', '{"eTag": "\"1bf64a479df0b8b00a3d047e4dc12d56\"", "size": 630699, "mimetype": "image/jpeg", "cacheControl": "max-age=3600", "lastModified": "2026-05-04T13:49:53.000Z", "contentLength": 630699, "httpStatusCode": 200}', '0175a847-85b9-4dad-8e2f-30cb860080eb', '0ac5a0c3-00ba-4fa6-bacd-fc7f653e101f', '{}'),
	('6c543328-508f-4946-8b77-943bda50c6cf', 'checklist-fill-photos', '633db554-b037-4e40-8c4f-575337dbfded/d93aa2db-f094-4a24-9e76-71e30c8f4361/2fbc3af9-7879-4ebc-a4f4-439a5d1546b5.jpg', 'd2c0ae27-29b6-49fd-ba6b-0d3362ac6444', '2026-04-30 16:43:54.401025+00', '2026-04-30 16:43:54.401025+00', '2026-04-30 16:43:54.401025+00', '{"eTag": "\"ea89ad35b851579d4449928c3c022625\"", "size": 107769, "mimetype": "image/jpeg", "cacheControl": "max-age=3600", "lastModified": "2026-04-30T16:43:55.000Z", "contentLength": 107769, "httpStatusCode": 200}', '2cba7479-78e4-454e-99ca-de314d468e5d', 'd2c0ae27-29b6-49fd-ba6b-0d3362ac6444', '{}'),
	('c6ea50f6-41fc-4a15-bfb2-195b2df7a612', 'checklist-fill-photos', '633db554-b037-4e40-8c4f-575337dbfded/d93aa2db-f094-4a24-9e76-71e30c8f4361/089074b0-170c-43b3-8802-29e4071a1de5.jpg', 'd2c0ae27-29b6-49fd-ba6b-0d3362ac6444', '2026-04-30 16:46:40.919025+00', '2026-04-30 16:46:40.919025+00', '2026-04-30 16:46:40.919025+00', '{"eTag": "\"727f710ce9971ee4f4e187e541635445\"", "size": 76985, "mimetype": "image/jpeg", "cacheControl": "max-age=3600", "lastModified": "2026-04-30T16:46:41.000Z", "contentLength": 76985, "httpStatusCode": 200}', 'fab91d1c-6088-4719-8813-19a5c92fed5c', 'd2c0ae27-29b6-49fd-ba6b-0d3362ac6444', '{}'),
	('6b37f69f-3b42-4e61-b774-b669645df0cd', 'checklist-fill-photos', '633db554-b037-4e40-8c4f-575337dbfded/d93aa2db-f094-4a24-9e76-71e30c8f4361/7201bf6b-4fe9-48ea-94b8-d42d034315da.jpg', 'd2c0ae27-29b6-49fd-ba6b-0d3362ac6444', '2026-04-30 16:46:46.19257+00', '2026-04-30 16:46:46.19257+00', '2026-04-30 16:46:46.19257+00', '{"eTag": "\"8d0aeaad83e1c3cdb126c2f249dd0fed\"", "size": 51609, "mimetype": "image/jpeg", "cacheControl": "max-age=3600", "lastModified": "2026-04-30T16:46:47.000Z", "contentLength": 51609, "httpStatusCode": 200}', '6e3e09b6-88fb-48a8-ad60-dad01741a77e', 'd2c0ae27-29b6-49fd-ba6b-0d3362ac6444', '{}'),
	('c8aad24c-1830-4dfd-8469-4326fb88a021', 'checklist-fill-photos', '633db554-b037-4e40-8c4f-575337dbfded/84bc67c9-adb9-495e-8108-2e883b8b11c4/efdc4b39-0cbc-4a14-bb81-226615d81fd6.jpg', '904a0dd8-09de-44c0-b4c9-053ef0fabb37', '2026-04-29 19:07:54.257906+00', '2026-04-29 19:07:54.257906+00', '2026-04-29 19:07:54.257906+00', '{"eTag": "\"e0e2fb6b44138066dc7b529f8fc98d2b\"", "size": 379838, "mimetype": "image/jpeg", "cacheControl": "max-age=3600", "lastModified": "2026-04-29T19:07:55.000Z", "contentLength": 379838, "httpStatusCode": 200}', '3500d5d7-12cd-44e0-b41e-210ca6b52cc4', '904a0dd8-09de-44c0-b4c9-053ef0fabb37', '{}'),
	('f67eab57-580c-4a0d-9f42-a407a856bcef', 'checklist-dossier-pdfs', '633db554-b037-4e40-8c4f-575337dbfded/7374c257-0c0a-4833-8a61-74f7074e15f9/56d7b19b-a776-4bb1-9496-83545b059859.pdf', '633db554-b037-4e40-8c4f-575337dbfded', '2026-04-29 22:12:46.708363+00', '2026-04-29 22:12:46.708363+00', '2026-04-29 22:12:46.708363+00', '{"eTag": "\"d715b63ebba281ba841558c1f3a8d765-2\"", "size": 6868015, "mimetype": "application/pdf", "cacheControl": "max-age=3600", "lastModified": "2026-04-29T22:12:47.000Z", "contentLength": 6868015, "httpStatusCode": 200}', '8290cfdb-a2f2-4b01-a393-1ff6fcb43231', '633db554-b037-4e40-8c4f-575337dbfded', '{}'),
	('a2a75ccd-b9ac-472c-83f9-dbdab28037b7', 'checklist-fill-photos', '633db554-b037-4e40-8c4f-575337dbfded/84bc67c9-adb9-495e-8108-2e883b8b11c4/8ee6c990-1541-4312-b01e-a7119d999610.jpg', '904a0dd8-09de-44c0-b4c9-053ef0fabb37', '2026-04-29 19:08:46.20065+00', '2026-04-29 19:08:46.20065+00', '2026-04-29 19:08:46.20065+00', '{"eTag": "\"51bc112ee0f81f4af78e1ee7faabdfbc\"", "size": 847475, "mimetype": "image/jpeg", "cacheControl": "max-age=3600", "lastModified": "2026-04-29T19:08:47.000Z", "contentLength": 847475, "httpStatusCode": 200}', 'e04a431d-85b9-4f8b-93ba-2e4f7d1dc5a6', '904a0dd8-09de-44c0-b4c9-053ef0fabb37', '{}'),
	('038e5982-ca87-4cb4-8c5a-677332ddcbdd', 'checklist-dossier-pdfs', '633db554-b037-4e40-8c4f-575337dbfded/e5819bf1-8a4e-4d7c-8b36-cc550bc6fedc/d0ecc456-c0ac-4e60-9931-77988db0e896.pdf', '0ac5a0c3-00ba-4fa6-bacd-fc7f653e101f', '2026-05-04 14:08:08.30588+00', '2026-05-04 14:08:08.30588+00', '2026-05-04 14:08:08.30588+00', '{"eTag": "\"0b4f4c3c6b21e416054f0984aa26ce23-3\"", "size": 13491893, "mimetype": "application/pdf", "cacheControl": "max-age=3600", "lastModified": "2026-05-04T14:08:08.000Z", "contentLength": 13491893, "httpStatusCode": 200}', '24495ab1-68eb-4060-a153-cbdb9b19fa6f', '0ac5a0c3-00ba-4fa6-bacd-fc7f653e101f', '{}'),
	('cab234f4-ce9d-4abe-979e-30e3734fa739', 'checklist-fill-photos', '633db554-b037-4e40-8c4f-575337dbfded/84bc67c9-adb9-495e-8108-2e883b8b11c4/cfb2df5f-5c95-423f-b674-9c536334959c.jpg', '904a0dd8-09de-44c0-b4c9-053ef0fabb37', '2026-04-29 19:09:39.280191+00', '2026-04-29 19:09:39.280191+00', '2026-04-29 19:09:39.280191+00', '{"eTag": "\"0895d91ca821e4039afe82446510c50d\"", "size": 309442, "mimetype": "image/jpeg", "cacheControl": "max-age=3600", "lastModified": "2026-04-29T19:09:40.000Z", "contentLength": 309442, "httpStatusCode": 200}', '276a5f7e-c683-4b0f-ba6f-637148dde004', '904a0dd8-09de-44c0-b4c9-053ef0fabb37', '{}'),
	('1147b4dd-2b02-4a6b-a25d-8c81d6ba5de0', 'checklist-dossier-pdfs', '633db554-b037-4e40-8c4f-575337dbfded/7374c257-0c0a-4833-8a61-74f7074e15f9/0a4b519e-8cb0-4619-b69b-17794f7f5fb2.pdf', '633db554-b037-4e40-8c4f-575337dbfded', '2026-04-29 22:15:08.071242+00', '2026-04-29 22:15:08.071242+00', '2026-04-29 22:15:08.071242+00', '{"eTag": "\"53150230eed8bddedb4e36066cba5a7a-2\"", "size": 6868198, "mimetype": "application/pdf", "cacheControl": "max-age=3600", "lastModified": "2026-04-29T22:15:08.000Z", "contentLength": 6868198, "httpStatusCode": 200}', '14337593-df47-415d-916d-12980d48f17c', '633db554-b037-4e40-8c4f-575337dbfded', '{}'),
	('443b9687-27f7-4132-8f4e-c268c12d75b3', 'checklist-fill-photos', '633db554-b037-4e40-8c4f-575337dbfded/d93aa2db-f094-4a24-9e76-71e30c8f4361/0e575585-bb00-427b-90bb-b9eb95e9f94a.jpg', 'd2c0ae27-29b6-49fd-ba6b-0d3362ac6444', '2026-04-30 16:44:55.334335+00', '2026-04-30 16:44:55.334335+00', '2026-04-30 16:44:55.334335+00', '{"eTag": "\"c3bca8000bff8ebf56fb948f16189474\"", "size": 103628, "mimetype": "image/jpeg", "cacheControl": "max-age=3600", "lastModified": "2026-04-30T16:44:56.000Z", "contentLength": 103628, "httpStatusCode": 200}', '581c0b55-9192-482f-b9d9-e81e83b2051d', 'd2c0ae27-29b6-49fd-ba6b-0d3362ac6444', '{}'),
	('56015550-d660-481e-838c-f974eeef5438', 'checklist-fill-photos', '633db554-b037-4e40-8c4f-575337dbfded/d93aa2db-f094-4a24-9e76-71e30c8f4361/c1d32bdd-8e61-402a-a219-113645359041.jpg', 'd2c0ae27-29b6-49fd-ba6b-0d3362ac6444', '2026-04-30 16:56:08.696617+00', '2026-04-30 16:56:08.696617+00', '2026-04-30 16:56:08.696617+00', '{"eTag": "\"ed43c71656d9d99c3527a3b9e1350ef9\"", "size": 81745, "mimetype": "image/jpeg", "cacheControl": "max-age=3600", "lastModified": "2026-04-30T16:56:09.000Z", "contentLength": 81745, "httpStatusCode": 200}', 'a16530d2-a193-464d-a6d7-bb791fcaf829', 'd2c0ae27-29b6-49fd-ba6b-0d3362ac6444', '{}'),
	('83bc2cde-f80f-4abd-b6c7-eec7d7c742d9', 'checklist-dossier-pdfs', '633db554-b037-4e40-8c4f-575337dbfded/d93aa2db-f094-4a24-9e76-71e30c8f4361/b50a651b-8ff2-4cdf-acbf-42d5072da64b.pdf', 'd2c0ae27-29b6-49fd-ba6b-0d3362ac6444', '2026-04-30 17:12:26.418081+00', '2026-04-30 17:12:26.418081+00', '2026-04-30 17:12:26.418081+00', '{"eTag": "\"c049d80eb00585b4ebf6b67884ea049a\"", "size": 1828452, "mimetype": "application/pdf", "cacheControl": "max-age=3600", "lastModified": "2026-04-30T17:12:27.000Z", "contentLength": 1828452, "httpStatusCode": 200}', '26081afb-3b6c-4b25-8948-8b1784d9e148', 'd2c0ae27-29b6-49fd-ba6b-0d3362ac6444', '{}'),
	('3d4f9d43-186f-4465-b205-4c11b75a6556', 'tenant-logos', '633db554-b037-4e40-8c4f-575337dbfded/logo_dd1034e1-c1f9-4d88-8d19-2dd69a0c0608.jpg', '633db554-b037-4e40-8c4f-575337dbfded', '2026-04-30 21:45:25.688332+00', '2026-04-30 21:45:25.688332+00', '2026-04-30 21:45:25.688332+00', '{"eTag": "\"dbde1edf42efba6cbd6ecad5c3544407\"", "size": 29253, "mimetype": "image/jpeg", "cacheControl": "max-age=3600", "lastModified": "2026-04-30T21:45:26.000Z", "contentLength": 29253, "httpStatusCode": 200}', '76e84fc1-34d4-4947-b38c-8b0ccd64573a', '633db554-b037-4e40-8c4f-575337dbfded', '{}'),
	('5498dc34-1322-4559-b938-6eaf1024a8c0', 'checklist-fill-photos', '633db554-b037-4e40-8c4f-575337dbfded/7374c257-0c0a-4833-8a61-74f7074e15f9/1f7bd521-41c1-417e-aaa2-42d09a2dccd5.jpg', '904a0dd8-09de-44c0-b4c9-053ef0fabb37', '2026-04-30 21:55:41.337206+00', '2026-04-30 21:55:41.337206+00', '2026-04-30 21:55:41.337206+00', '{"eTag": "\"765732cae3956185ef71c107a0fd19d7\"", "size": 294961, "mimetype": "image/jpeg", "cacheControl": "max-age=3600", "lastModified": "2026-04-30T21:55:42.000Z", "contentLength": 294961, "httpStatusCode": 200}', 'b0ee73a5-5060-4859-a366-a92bc18a8464', '904a0dd8-09de-44c0-b4c9-053ef0fabb37', '{}'),
	('63706429-d751-4356-a41b-f5d73bdcf241', 'checklist-dossier-pdfs', '633db554-b037-4e40-8c4f-575337dbfded/7dc794d9-dadd-4390-8fed-a2d451f13d1e/d6f6e3fc-a2ee-4bd6-852c-054c484adec1.pdf', '904a0dd8-09de-44c0-b4c9-053ef0fabb37', '2026-05-04 15:09:42.712789+00', '2026-05-04 15:09:42.712789+00', '2026-05-04 15:09:42.712789+00', '{"eTag": "\"201a06a9d8887bca826315502b68c383\"", "size": 471678, "mimetype": "application/pdf", "cacheControl": "max-age=3600", "lastModified": "2026-05-04T15:09:43.000Z", "contentLength": 471678, "httpStatusCode": 200}', '725f442f-52d1-4a7f-b650-31ecec749d66', '904a0dd8-09de-44c0-b4c9-053ef0fabb37', '{}'),
	('b9dc8744-c405-4c01-a2f5-73e5462a11f9', 'checklist-fill-photos', '633db554-b037-4e40-8c4f-575337dbfded/7374c257-0c0a-4833-8a61-74f7074e15f9/5478086d-cc74-4c1c-94ef-88daa59780f3.jpg', '904a0dd8-09de-44c0-b4c9-053ef0fabb37', '2026-04-30 21:57:16.876121+00', '2026-04-30 21:57:16.876121+00', '2026-04-30 21:57:16.876121+00', '{"eTag": "\"656040d0c20acfd3cb4c1919abdb7ca3\"", "size": 940474, "mimetype": "image/jpeg", "cacheControl": "max-age=3600", "lastModified": "2026-04-30T21:57:17.000Z", "contentLength": 940474, "httpStatusCode": 200}', '74ea132e-c952-4f9b-b726-72fc6d7aa7ce', '904a0dd8-09de-44c0-b4c9-053ef0fabb37', '{}'),
	('17e324be-025a-4676-8d4b-f70a0daa3620', 'checklist-fill-photos', '633db554-b037-4e40-8c4f-575337dbfded/7374c257-0c0a-4833-8a61-74f7074e15f9/c71d2514-a53d-4c8f-98b3-b76f685f65a5.jpg', '904a0dd8-09de-44c0-b4c9-053ef0fabb37', '2026-04-30 22:00:08.238581+00', '2026-04-30 22:00:08.238581+00', '2026-04-30 22:00:08.238581+00', '{"eTag": "\"06c3cf176346d6f965d1ca36d20dbc41\"", "size": 454282, "mimetype": "image/jpeg", "cacheControl": "max-age=3600", "lastModified": "2026-04-30T22:00:09.000Z", "contentLength": 454282, "httpStatusCode": 200}', '92de40df-49b6-4f91-9a51-8d67b80e182f', '904a0dd8-09de-44c0-b4c9-053ef0fabb37', '{}'),
	('fd77a774-6ae4-4cfb-8e75-2089322d4db7', 'checklist-dossier-pdfs', '633db554-b037-4e40-8c4f-575337dbfded/007e677f-7fa6-4fc2-b126-633263a57603/581cccc7-1a38-4ddf-8725-3e0dd74892f4.pdf', '904a0dd8-09de-44c0-b4c9-053ef0fabb37', '2026-05-04 15:12:50.586828+00', '2026-05-04 15:12:50.586828+00', '2026-05-04 15:12:50.586828+00', '{"eTag": "\"35645fb582038dc32a4b3e7f27b7ccc5\"", "size": 464170, "mimetype": "application/pdf", "cacheControl": "max-age=3600", "lastModified": "2026-05-04T15:12:51.000Z", "contentLength": 464170, "httpStatusCode": 200}', '46851591-9317-40bc-a2ca-f994d349c69e', '904a0dd8-09de-44c0-b4c9-053ef0fabb37', '{}'),
	('c0d1130a-5517-4ea4-b937-056a05c01f60', 'checklist-fill-photos', '633db554-b037-4e40-8c4f-575337dbfded/7374c257-0c0a-4833-8a61-74f7074e15f9/664f12c2-f1a0-4956-89df-44b2c5c3bd8d.jpg', '904a0dd8-09de-44c0-b4c9-053ef0fabb37', '2026-04-30 22:00:26.857161+00', '2026-04-30 22:00:26.857161+00', '2026-04-30 22:00:26.857161+00', '{"eTag": "\"6b5b4f11fc8a4158968d4357145efb1e\"", "size": 389863, "mimetype": "image/jpeg", "cacheControl": "max-age=3600", "lastModified": "2026-04-30T22:00:27.000Z", "contentLength": 389863, "httpStatusCode": 200}', 'e3f698b9-1f83-4b7d-8a6e-cf8637a5bb94', '904a0dd8-09de-44c0-b4c9-053ef0fabb37', '{}'),
	('a1c6f043-b47f-459b-af4a-7c233468fdd0', 'checklist-fill-photos', '633db554-b037-4e40-8c4f-575337dbfded/7374c257-0c0a-4833-8a61-74f7074e15f9/e54f5fd8-484a-43b2-a378-4c6bc709183a.jpg', '904a0dd8-09de-44c0-b4c9-053ef0fabb37', '2026-04-30 22:00:37.778982+00', '2026-04-30 22:00:37.778982+00', '2026-04-30 22:00:37.778982+00', '{"eTag": "\"82236318faa2031439c8c82d95b4134f\"", "size": 459294, "mimetype": "image/jpeg", "cacheControl": "max-age=3600", "lastModified": "2026-04-30T22:00:38.000Z", "contentLength": 459294, "httpStatusCode": 200}', 'c08acf0b-c41e-4e0b-ac45-39e89e8814dd', '904a0dd8-09de-44c0-b4c9-053ef0fabb37', '{}'),
	('2fc37ca9-ef4a-4176-9a85-7361ff39b687', 'checklist-fill-photos', '633db554-b037-4e40-8c4f-575337dbfded/7374c257-0c0a-4833-8a61-74f7074e15f9/7d65547b-81f5-4fb2-b186-76b0894e0937.jpg', '904a0dd8-09de-44c0-b4c9-053ef0fabb37', '2026-04-30 22:01:44.406033+00', '2026-04-30 22:01:44.406033+00', '2026-04-30 22:01:44.406033+00', '{"eTag": "\"f1f7135578af2ff9dec646b95fa36268\"", "size": 471434, "mimetype": "image/jpeg", "cacheControl": "max-age=3600", "lastModified": "2026-04-30T22:01:45.000Z", "contentLength": 471434, "httpStatusCode": 200}', '7789229d-a433-42e2-a225-14ec30bb122e', '904a0dd8-09de-44c0-b4c9-053ef0fabb37', '{}'),
	('df430fac-219f-4d44-9c3e-0341d5ef91aa', 'checklist-fill-photos', '633db554-b037-4e40-8c4f-575337dbfded/7374c257-0c0a-4833-8a61-74f7074e15f9/29558f13-fc30-472c-bc22-811d083e3a43.jpg', '904a0dd8-09de-44c0-b4c9-053ef0fabb37', '2026-04-30 22:03:38.577488+00', '2026-04-30 22:03:38.577488+00', '2026-04-30 22:03:38.577488+00', '{"eTag": "\"36a48577d68874b58757842ac322ae2e\"", "size": 504855, "mimetype": "image/jpeg", "cacheControl": "max-age=3600", "lastModified": "2026-04-30T22:03:39.000Z", "contentLength": 504855, "httpStatusCode": 200}', 'eae90908-24e2-4356-8900-e223dd129353', '904a0dd8-09de-44c0-b4c9-053ef0fabb37', '{}'),
	('0d279d2b-24da-44a3-aff1-fef114d94ccb', 'checklist-fill-photos', '633db554-b037-4e40-8c4f-575337dbfded/7374c257-0c0a-4833-8a61-74f7074e15f9/a85daf77-df7f-43a1-ac02-ac2afff6e8fe.jpg', '904a0dd8-09de-44c0-b4c9-053ef0fabb37', '2026-04-30 22:28:41.052942+00', '2026-04-30 22:28:41.052942+00', '2026-04-30 22:28:41.052942+00', '{"eTag": "\"656040d0c20acfd3cb4c1919abdb7ca3\"", "size": 940474, "mimetype": "image/jpeg", "cacheControl": "max-age=3600", "lastModified": "2026-04-30T22:28:41.000Z", "contentLength": 940474, "httpStatusCode": 200}', 'f2ffce6a-798c-46ac-8be6-99f5a8a97f75', '904a0dd8-09de-44c0-b4c9-053ef0fabb37', '{}'),
	('9d418b89-6b5a-428e-8847-93a4dbbbb499', 'checklist-dossier-pdfs', '633db554-b037-4e40-8c4f-575337dbfded/e5819bf1-8a4e-4d7c-8b36-cc550bc6fedc/0dd7b2a2-5aff-46df-962b-91e979a6ef8c.pdf', '0ac5a0c3-00ba-4fa6-bacd-fc7f653e101f', '2026-05-04 15:20:22.386037+00', '2026-05-04 15:20:22.386037+00', '2026-05-04 15:20:22.386037+00', '{"eTag": "\"fcd8837de8583b5fd0af74cbcc84916b-3\"", "size": 13905308, "mimetype": "application/pdf", "cacheControl": "max-age=3600", "lastModified": "2026-05-04T15:20:22.000Z", "contentLength": 13905308, "httpStatusCode": 200}', '05793cf4-170a-4957-be26-8692b6f3a505', '0ac5a0c3-00ba-4fa6-bacd-fc7f653e101f', '{}'),
	('f2ad3cf0-75dc-422e-bae4-f76fc23e2965', 'checklist-fill-photos', '633db554-b037-4e40-8c4f-575337dbfded/7374c257-0c0a-4833-8a61-74f7074e15f9/c8dfd462-7a76-41d1-b0d2-c7506e957554.jpg', '904a0dd8-09de-44c0-b4c9-053ef0fabb37', '2026-04-30 22:30:01.550694+00', '2026-04-30 22:30:01.550694+00', '2026-04-30 22:30:01.550694+00', '{"eTag": "\"6ab06ff8d68562439d9c4ecdda4ede18\"", "size": 496576, "mimetype": "image/jpeg", "cacheControl": "max-age=3600", "lastModified": "2026-04-30T22:30:02.000Z", "contentLength": 496576, "httpStatusCode": 200}', '5c9a16cd-e5e3-47fd-aa93-1eea0d2b4631', '904a0dd8-09de-44c0-b4c9-053ef0fabb37', '{}'),
	('69a75aa0-c271-415e-9926-0e8a4f1cd3ad', 'checklist-fill-photos', '633db554-b037-4e40-8c4f-575337dbfded/7374c257-0c0a-4833-8a61-74f7074e15f9/b817c7f0-9829-429b-b3f9-de632627ef42.jpg', '904a0dd8-09de-44c0-b4c9-053ef0fabb37', '2026-04-30 22:31:06.063385+00', '2026-04-30 22:31:06.063385+00', '2026-04-30 22:31:06.063385+00', '{"eTag": "\"b56df29ad53eba8b335372c73971901e\"", "size": 404704, "mimetype": "image/jpeg", "cacheControl": "max-age=3600", "lastModified": "2026-04-30T22:31:06.000Z", "contentLength": 404704, "httpStatusCode": 200}', '265ab374-63fc-43b7-bf64-85fe63198028', '904a0dd8-09de-44c0-b4c9-053ef0fabb37', '{}'),
	('1aacfb9d-551c-409d-aea6-91984f01a164', 'checklist-fill-photos', '633db554-b037-4e40-8c4f-575337dbfded/7374c257-0c0a-4833-8a61-74f7074e15f9/627cdd34-1a47-438d-a841-307cc9ece808.jpg', '904a0dd8-09de-44c0-b4c9-053ef0fabb37', '2026-04-30 22:31:07.607271+00', '2026-04-30 22:31:07.607271+00', '2026-04-30 22:31:07.607271+00', '{"eTag": "\"cca8cafcf715606f695b8f7f473ea6e1\"", "size": 517825, "mimetype": "image/jpeg", "cacheControl": "max-age=3600", "lastModified": "2026-04-30T22:31:08.000Z", "contentLength": 517825, "httpStatusCode": 200}', '4caf3931-b931-4109-af29-716e5bab97f9', '904a0dd8-09de-44c0-b4c9-053ef0fabb37', '{}'),
	('32cc8283-8e59-4402-91ff-f4fc05c0d6cf', 'checklist-fill-photos', '633db554-b037-4e40-8c4f-575337dbfded/7374c257-0c0a-4833-8a61-74f7074e15f9/ed8da1e6-ee02-475f-aec8-e8d1473cb664.jpg', '904a0dd8-09de-44c0-b4c9-053ef0fabb37', '2026-04-30 22:31:08.780012+00', '2026-04-30 22:31:08.780012+00', '2026-04-30 22:31:08.780012+00', '{"eTag": "\"bc4df9f7785edfbdf5142029785e04ef\"", "size": 456771, "mimetype": "image/jpeg", "cacheControl": "max-age=3600", "lastModified": "2026-04-30T22:31:09.000Z", "contentLength": 456771, "httpStatusCode": 200}', '855f1aed-4a17-4cc4-9c9d-6e8463f9a869', '904a0dd8-09de-44c0-b4c9-053ef0fabb37', '{}'),
	('6f0e7126-ec13-41df-97ff-df92ef968c9b', 'checklist-fill-photos', '633db554-b037-4e40-8c4f-575337dbfded/7374c257-0c0a-4833-8a61-74f7074e15f9/5ca1397c-50ae-4e7f-93e9-8c4608c2a735.jpg', '904a0dd8-09de-44c0-b4c9-053ef0fabb37', '2026-04-30 22:32:00.69954+00', '2026-04-30 22:32:00.69954+00', '2026-04-30 22:32:00.69954+00', '{"eTag": "\"7156056f656c4a49283173118b8e4026\"", "size": 473517, "mimetype": "image/jpeg", "cacheControl": "max-age=3600", "lastModified": "2026-04-30T22:32:01.000Z", "contentLength": 473517, "httpStatusCode": 200}', 'f8abfd58-64de-4ef3-8bd3-b42f7eb963c3', '904a0dd8-09de-44c0-b4c9-053ef0fabb37', '{}'),
	('6b21e962-0135-4135-a422-de7894b8102d', 'checklist-dossier-pdfs', '633db554-b037-4e40-8c4f-575337dbfded/7374c257-0c0a-4833-8a61-74f7074e15f9/c1011fc7-975a-42f1-94f6-f67ef4c1b5c5.pdf', '904a0dd8-09de-44c0-b4c9-053ef0fabb37', '2026-04-30 22:41:03.18648+00', '2026-04-30 22:41:03.18648+00', '2026-04-30 22:41:03.18648+00', '{"eTag": "\"6246b15ae74c51921b70d16a27398bcf-3\"", "size": 11931200, "mimetype": "application/pdf", "cacheControl": "max-age=3600", "lastModified": "2026-04-30T22:41:03.000Z", "contentLength": 11931200, "httpStatusCode": 200}', '59f6c3e5-7ff7-4d51-b515-4b17d29c914a', '904a0dd8-09de-44c0-b4c9-053ef0fabb37', '{}'),
	('f23f6f0b-ffe6-4a30-b421-b0a49fc02487', 'checklist-fill-photos', '633db554-b037-4e40-8c4f-575337dbfded/e5819bf1-8a4e-4d7c-8b36-cc550bc6fedc/1c9b282b-0a51-4ab3-b51f-b42f27c2f256.jpg', '0ac5a0c3-00ba-4fa6-bacd-fc7f653e101f', '2026-05-04 13:37:35.777294+00', '2026-05-04 13:37:35.777294+00', '2026-05-04 13:37:35.777294+00', '{"eTag": "\"064df77cb40a778351cbcc506a9da246\"", "size": 473970, "mimetype": "image/jpeg", "cacheControl": "max-age=3600", "lastModified": "2026-05-04T13:37:36.000Z", "contentLength": 473970, "httpStatusCode": 200}', '7d9f1653-85b0-4013-8a23-4e3be5fde4bc', '0ac5a0c3-00ba-4fa6-bacd-fc7f653e101f', '{}'),
	('d385819c-5d06-49ca-b1b4-4598039d7f61', 'checklist-fill-photos', '633db554-b037-4e40-8c4f-575337dbfded/e5819bf1-8a4e-4d7c-8b36-cc550bc6fedc/bf6e09ab-9da1-4463-a56a-2900d7e1b5e3.jpg', '0ac5a0c3-00ba-4fa6-bacd-fc7f653e101f', '2026-05-04 13:38:07.051171+00', '2026-05-04 13:38:07.051171+00', '2026-05-04 13:38:07.051171+00', '{"eTag": "\"837b0848aef0f9dd7924f6e786edd673\"", "size": 705647, "mimetype": "image/jpeg", "cacheControl": "max-age=3600", "lastModified": "2026-05-04T13:38:07.000Z", "contentLength": 705647, "httpStatusCode": 200}', 'afb45fe2-e768-449a-9ab2-02fbe1b54d77', '0ac5a0c3-00ba-4fa6-bacd-fc7f653e101f', '{}'),
	('68d1de1f-7bc4-4cd9-9e5e-b42415ace4bc', 'checklist-fill-photos', '633db554-b037-4e40-8c4f-575337dbfded/e5819bf1-8a4e-4d7c-8b36-cc550bc6fedc/feaa3694-1bf7-4034-9604-aa74c8277cde.jpg', '0ac5a0c3-00ba-4fa6-bacd-fc7f653e101f', '2026-05-04 13:38:39.503755+00', '2026-05-04 13:38:39.503755+00', '2026-05-04 13:38:39.503755+00', '{"eTag": "\"0f80597a3d11f43536f9b06b8622a21c\"", "size": 579904, "mimetype": "image/jpeg", "cacheControl": "max-age=3600", "lastModified": "2026-05-04T13:38:40.000Z", "contentLength": 579904, "httpStatusCode": 200}', 'b75117c4-588e-47d8-8cdb-1b8a32ffa950', '0ac5a0c3-00ba-4fa6-bacd-fc7f653e101f', '{}'),
	('0a34a139-4d08-41bd-a477-27b6a863b415', 'checklist-fill-photos', '633db554-b037-4e40-8c4f-575337dbfded/e5819bf1-8a4e-4d7c-8b36-cc550bc6fedc/536e27f7-acdb-4250-9673-ec9407a1199c.jpg', '0ac5a0c3-00ba-4fa6-bacd-fc7f653e101f', '2026-05-04 13:40:02.105047+00', '2026-05-04 13:40:02.105047+00', '2026-05-04 13:40:02.105047+00', '{"eTag": "\"45bfb1091e3613ed753da67c2b652cb7\"", "size": 735173, "mimetype": "image/jpeg", "cacheControl": "max-age=3600", "lastModified": "2026-05-04T13:40:03.000Z", "contentLength": 735173, "httpStatusCode": 200}', '93347c86-eee7-44e1-b860-848c0b0ca93c', '0ac5a0c3-00ba-4fa6-bacd-fc7f653e101f', '{}'),
	('19dc6156-76b2-4872-96cd-91f80396bd6d', 'checklist-fill-photos', '633db554-b037-4e40-8c4f-575337dbfded/e5819bf1-8a4e-4d7c-8b36-cc550bc6fedc/76a3a699-75b1-491d-b4a0-42d5a12d37b1.jpg', '0ac5a0c3-00ba-4fa6-bacd-fc7f653e101f', '2026-05-04 13:40:36.425832+00', '2026-05-04 13:40:36.425832+00', '2026-05-04 13:40:36.425832+00', '{"eTag": "\"e950bef65cf0c7e2ada9df1524924650\"", "size": 875534, "mimetype": "image/jpeg", "cacheControl": "max-age=3600", "lastModified": "2026-05-04T13:40:37.000Z", "contentLength": 875534, "httpStatusCode": 200}', '1a9072d6-f62d-49e3-9f81-3f7036a9d208', '0ac5a0c3-00ba-4fa6-bacd-fc7f653e101f', '{}'),
	('5b34d5d4-12f9-4e89-b13e-e15beffa27d3', 'checklist-fill-photos', '633db554-b037-4e40-8c4f-575337dbfded/e5819bf1-8a4e-4d7c-8b36-cc550bc6fedc/bc4d260f-2ed1-46a5-b5e4-7b34f9711ad5.jpg', '0ac5a0c3-00ba-4fa6-bacd-fc7f653e101f', '2026-05-04 13:41:02.452546+00', '2026-05-04 13:41:02.452546+00', '2026-05-04 13:41:02.452546+00', '{"eTag": "\"e0ff1590fbf48e180512758ccf227f8f\"", "size": 618434, "mimetype": "image/jpeg", "cacheControl": "max-age=3600", "lastModified": "2026-05-04T13:41:03.000Z", "contentLength": 618434, "httpStatusCode": 200}', 'beea14b1-8d3a-441e-8d05-283ab516e161', '0ac5a0c3-00ba-4fa6-bacd-fc7f653e101f', '{}'),
	('4c5c2bea-416a-45bb-8741-ed952f756abe', 'checklist-fill-photos', '633db554-b037-4e40-8c4f-575337dbfded/e5819bf1-8a4e-4d7c-8b36-cc550bc6fedc/5db940ee-af22-4035-931d-1a92055582f3.jpg', '0ac5a0c3-00ba-4fa6-bacd-fc7f653e101f', '2026-05-04 13:41:32.886142+00', '2026-05-04 13:41:32.886142+00', '2026-05-04 13:41:32.886142+00', '{"eTag": "\"85785ca9839ecb4e8ec27544fbc684da\"", "size": 1053333, "mimetype": "image/jpeg", "cacheControl": "max-age=3600", "lastModified": "2026-05-04T13:41:33.000Z", "contentLength": 1053333, "httpStatusCode": 200}', 'cbc75e61-b772-4e9b-bf22-f968a23e52b6', '0ac5a0c3-00ba-4fa6-bacd-fc7f653e101f', '{}');


--
-- Data for Name: s3_multipart_uploads; Type: TABLE DATA; Schema: storage; Owner: supabase_storage_admin
--



--
-- Data for Name: s3_multipart_uploads_parts; Type: TABLE DATA; Schema: storage; Owner: supabase_storage_admin
--



--
-- Data for Name: vector_indexes; Type: TABLE DATA; Schema: storage; Owner: supabase_storage_admin
--



--
-- Name: refresh_tokens_id_seq; Type: SEQUENCE SET; Schema: auth; Owner: supabase_auth_admin
--

SELECT pg_catalog.setval('"auth"."refresh_tokens_id_seq"', 340, true);


--
-- PostgreSQL database dump complete
--

-- \unrestrict axLdb8jdlsyGZV54EsjjsONQT8ca76uawNXxyLDf6ipC0iqEN0LGrRhL1qaWIQM

RESET ALL;
